ISO-10303-21;
HEADER;
FILE_DESCRIPTION (( 'STEP AP214' ),
    '1' );
FILE_NAME ('»ùÕ¾µ×°å.STEP',
    '2026-07-30T11:24:49',
    ( '' ),
    ( '' ),
    'SwSTEP 2.0',
    'SolidWorks 2024',
    '' );
FILE_SCHEMA (( 'AUTOMOTIVE_DESIGN' ));
ENDSEC;

DATA;
#1 = VECTOR ( 'NONE', #34, 1000.000000000000000 ) ;
#2 = CIRCLE ( 'NONE', #1166, 2.849999999999998312 ) ;
#3 = DIRECTION ( 'NONE',  ( -0.000000000000000000, 1.000000000000000000, -0.000000000000000000 ) ) ;
#4 = DIRECTION ( 'NONE',  ( -0.000000000000000000, -1.000000000000000000, -0.000000000000000000 ) ) ;
#5 = EDGE_LOOP ( 'NONE', ( #188, #321, #575, #380, #1419, #129, #1254, #1223 ) ) ;
#6 = DIRECTION ( 'NONE',  ( 0.000000000000000000, -1.000000000000000000, 0.000000000000000000 ) ) ;
#7 = ADVANCED_FACE ( 'NONE', ( #578 ), #230, .F. ) ;
#8 = EDGE_CURVE ( 'NONE', #707, #1236, #255, .T. ) ;
#9 = CARTESIAN_POINT ( 'NONE',  ( 5.000000000000000000, -16.50000000000000000, -5.000000000000000000 ) ) ;
#10 = AXIS2_PLACEMENT_3D ( 'NONE', #1267, #562, #452 ) ;
#11 = EDGE_CURVE ( 'NONE', #582, #476, #934, .T. ) ;
#12 = CARTESIAN_POINT ( 'NONE',  ( 5.000000000000000000, -16.50000000000000000, -5.000000000000000000 ) ) ;
#13 = VERTEX_POINT ( 'NONE', #1040 ) ;
#14 = STYLED_ITEM ( 'NONE', ( #1189 ), #119 ) ;
#15 = CARTESIAN_POINT ( 'NONE',  ( 60.00000000000000000, 0.000000000000000000, -10.00000000000000178 ) ) ;
#16 = AXIS2_PLACEMENT_3D ( 'NONE', #382, #844, #294 ) ;
#17 = ORIENTED_EDGE ( 'NONE', *, *, #275, .T. ) ;
#18 = CARTESIAN_POINT ( 'NONE',  ( 14.99999999999999645, 5.000000000000000000, -58.49999999999998579 ) ) ;
#19 = ORIENTED_EDGE ( 'NONE', *, *, #1065, .F. ) ;
#20 = LINE ( 'NONE', #229, #980 ) ;
#21 = FACE_BOUND ( 'NONE', #840, .T. ) ;
#22 = EDGE_CURVE ( 'NONE', #686, #1307, #816, .T. ) ;
#23 = LINE ( 'NONE', #371, #584 ) ;
#24 = ORIENTED_EDGE ( 'NONE', *, *, #504, .T. ) ;
#25 = AXIS2_PLACEMENT_3D ( 'NONE', #1084, #295, #985 ) ;
#26 = LINE ( 'NONE', #708, #715 ) ;
#27 = DIRECTION ( 'NONE',  ( 0.000000000000000000, 0.000000000000000000, -1.000000000000000000 ) ) ;
#28 = EDGE_CURVE ( 'NONE', #353, #667, #1495, .T. ) ;
#29 = FACE_OUTER_BOUND ( 'NONE', #1014, .T. ) ;
#30 = VECTOR ( 'NONE', #763, 1000.000000000000000 ) ;
#31 = CARTESIAN_POINT ( 'NONE',  ( 55.00000000000000000, -16.50000000000000000, -55.99999999999998579 ) ) ;
#32 = EDGE_CURVE ( 'NONE', #483, #676, #547, .T. ) ;
#33 = ORIENTED_EDGE ( 'NONE', *, *, #8, .T. ) ;
#34 = DIRECTION ( 'NONE',  ( -0.000000000000000000, -1.000000000000000000, -0.000000000000000000 ) ) ;
#35 = AXIS2_PLACEMENT_3D ( 'NONE', #200, #79, #654 ) ;
#36 = FACE_BOUND ( 'NONE', #1353, .T. ) ;
#37 = CARTESIAN_POINT ( 'NONE',  ( 0.000000000000000000, -13.00000000000000000, 0.000000000000000000 ) ) ;
#38 = ADVANCED_FACE ( 'NONE', ( #1060, #367, #21, #927, #945, #826, #257, #1331, #36 ), #61, .F. ) ;
#39 = EDGE_LOOP ( 'NONE', ( #91, #1027, #47, #702 ) ) ;
#40 = AXIS2_PLACEMENT_3D ( 'NONE', #417, #1257, #760 ) ;
#41 = ADVANCED_FACE ( 'NONE', ( #1073 ), #391, .F. ) ;
#42 = DIRECTION ( 'NONE',  ( -0.000000000000000000, -1.000000000000000000, -0.000000000000000000 ) ) ;
#43 = ORIENTED_EDGE ( 'NONE', *, *, #879, .F. ) ;
#44 = CARTESIAN_POINT ( 'NONE',  ( 60.00000000000000000, 5.000000000000000000, 0.000000000000000000 ) ) ;
#45 = DIRECTION ( 'NONE',  ( -0.000000000000000000, -1.000000000000000000, -0.000000000000000000 ) ) ;
#46 = CARTESIAN_POINT ( 'NONE',  ( 0.000000000000000000, 5.000000000000000000, 0.000000000000000000 ) ) ;
#47 = ORIENTED_EDGE ( 'NONE', *, *, #1436, .T. ) ;
#48 = LINE ( 'NONE', #1399, #130 ) ;
#49 = EDGE_LOOP ( 'NONE', ( #665, #1389, #958, #323 ) ) ;
#50 = AXIS2_PLACEMENT_3D ( 'NONE', #143, #841, #606 ) ;
#51 = VECTOR ( 'NONE', #322, 1000.000000000000000 ) ;
#52 = CARTESIAN_POINT ( 'NONE',  ( 5.000000000000000000, -16.50000000000000000, -7.849999999999999645 ) ) ;
#53 = FACE_OUTER_BOUND ( 'NONE', #1234, .T. ) ;
#54 = CARTESIAN_POINT ( 'NONE',  ( 55.00000000000000000, 4.999999999999999112, -57.74999999999999289 ) ) ;
#55 = ORIENTED_EDGE ( 'NONE', *, *, #1339, .T. ) ;
#56 = EDGE_CURVE ( 'NONE', #443, #1366, #1055, .T. ) ;
#57 = ORIENTED_EDGE ( 'NONE', *, *, #504, .F. ) ;
#58 = LINE ( 'NONE', #307, #724 ) ;
#59 = VERTEX_POINT ( 'NONE', #630 ) ;
#60 = FACE_OUTER_BOUND ( 'NONE', #1305, .T. ) ;
#61 = PLANE ( 'NONE',  #16 ) ;
#62 = DIRECTION ( 'NONE',  ( 0.000000000000000000, 0.000000000000000000, -1.000000000000000000 ) ) ;
#63 = MECHANICAL_DESIGN_GEOMETRIC_PRESENTATION_REPRESENTATION (  '', ( #14 ), #784 ) ;
#64 = VERTEX_POINT ( 'NONE', #375 ) ;
#65 = DIRECTION ( 'NONE',  ( -0.000000000000000000, -1.000000000000000000, -0.000000000000000000 ) ) ;
#66 = ORIENTED_EDGE ( 'NONE', *, *, #1484, .F. ) ;
#67 = DIRECTION ( 'NONE',  ( -0.000000000000000000, 0.000000000000000000, -1.000000000000000000 ) ) ;
#68 = CARTESIAN_POINT ( 'NONE',  ( 5.000000000000000000, 4.999999999999999112, -57.75000000000000000 ) ) ;
#69 = CARTESIAN_POINT ( 'NONE',  ( 49.99999999999999289, -13.00000000000000000, -60.99999999999999289 ) ) ;
#70 = ORIENTED_EDGE ( 'NONE', *, *, #1363, .F. ) ;
#71 = ORIENTED_EDGE ( 'NONE', *, *, #1379, .T. ) ;
#72 = DIRECTION ( 'NONE',  ( 0.000000000000000000, -1.000000000000000000, 0.000000000000000000 ) ) ;
#73 = ORIENTED_EDGE ( 'NONE', *, *, #1420, .F. ) ;
#74 = ADVANCED_FACE ( 'NONE', ( #53 ), #984, .T. ) ;
#75 = EDGE_CURVE ( 'NONE', #297, #1202, #785, .T. ) ;
#76 = CARTESIAN_POINT ( 'NONE',  ( 60.00000000000000000, -13.00000000000000000, -50.99999999999999289 ) ) ;
#77 = VECTOR ( 'NONE', #1210, 1000.000000000000000 ) ;
#78 = VECTOR ( 'NONE', #1310, 1000.000000000000000 ) ;
#79 = DIRECTION ( 'NONE',  ( -0.000000000000000000, 1.000000000000000000, -0.000000000000000000 ) ) ;
#80 = LINE ( 'NONE', #433, #1180 ) ;
#81 = ADVANCED_FACE ( 'NONE', ( #1068 ), #144, .F. ) ;
#82 = ORIENTED_EDGE ( 'NONE', *, *, #727, .T. ) ;
#83 = DIRECTION ( 'NONE',  ( 1.000000000000000000, 0.000000000000000000, 0.000000000000000000 ) ) ;
#84 = VERTEX_POINT ( 'NONE', #281 ) ;
#85 = EDGE_CURVE ( 'NONE', #409, #153, #350, .T. ) ;
#86 = CIRCLE ( 'NONE', #368, 2.849999999999999201 ) ;
#87 = DIRECTION ( 'NONE',  ( -0.000000000000000000, -1.000000000000000000, -0.000000000000000000 ) ) ;
#88 = CYLINDRICAL_SURFACE ( 'NONE', #1278, 1.750000000000011990 ) ;
#89 = CARTESIAN_POINT ( 'NONE',  ( 49.99999999999999289, -13.00000000000000000, -60.99999999999999289 ) ) ;
#90 = EDGE_CURVE ( 'NONE', #1126, #274, #662, .T. ) ;
#91 = ORIENTED_EDGE ( 'NONE', *, *, #862, .F. ) ;
#92 = VECTOR ( 'NONE', #645, 1000.000000000000000 ) ;
#93 = CARTESIAN_POINT ( 'NONE',  ( 1.224646799147353848E-15, -13.00000000000000000, -10.00000000000000000 ) ) ;
#94 = ORIENTED_EDGE ( 'NONE', *, *, #546, .F. ) ;
#95 = DIRECTION ( 'NONE',  ( 0.000000000000000000, 0.000000000000000000, 1.000000000000000000 ) ) ;
#96 = VECTOR ( 'NONE', #646, 1000.000000000000000 ) ;
#97 = DIRECTION ( 'NONE',  ( 1.000000000000000000, 0.000000000000000000, 0.000000000000000000 ) ) ;
#98 = EDGE_CURVE ( 'NONE', #1216, #1045, #1198, .T. ) ;
#99 = VERTEX_POINT ( 'NONE', #621 ) ;
#100 = FACE_OUTER_BOUND ( 'NONE', #1167, .T. ) ;
#101 = ORIENTED_EDGE ( 'NONE', *, *, #652, .F. ) ;
#102 = DIRECTION ( 'NONE',  ( 0.000000000000000000, -1.000000000000000000, 0.000000000000000000 ) ) ;
#103 = VERTEX_POINT ( 'NONE', #1425 ) ;
#104 = CARTESIAN_POINT ( 'NONE',  ( 45.00000000000000000, 0.000000000000000000, -60.14999999999999858 ) ) ;
#105 = DIRECTION ( 'NONE',  ( 0.000000000000000000, -1.000000000000000000, 0.000000000000000000 ) ) ;
#106 = VECTOR ( 'NONE', #337, 1000.000000000000000 ) ;
#107 = VERTEX_POINT ( 'NONE', #495 ) ;
#108 = EDGE_CURVE ( 'NONE', #1048, #503, #591, .T. ) ;
#109 = CARTESIAN_POINT ( 'NONE',  ( 0.000000000000000000, 5.000000000000000000, 0.000000000000000000 ) ) ;
#110 = CARTESIAN_POINT ( 'NONE',  ( 60.00000000000000000, -13.00000000000000000, -50.99999999999999289 ) ) ;
#111 = EDGE_CURVE ( 'NONE', #1240, #737, #329, .T. ) ;
#112 = ORIENTED_EDGE ( 'NONE', *, *, #1328, .T. ) ;
#113 = CARTESIAN_POINT ( 'NONE',  ( 55.00000000000000000, -16.50000000000000000, -55.99999999999998579 ) ) ;
#114 = DIRECTION ( 'NONE',  ( -0.000000000000000000, -1.000000000000000000, -0.000000000000000000 ) ) ;
#115 = ORIENTED_EDGE ( 'NONE', *, *, #940, .T. ) ;
#116 = DIRECTION ( 'NONE',  ( 1.000000000000000000, 0.000000000000000000, 0.000000000000000000 ) ) ;
#117 = AXIS2_PLACEMENT_3D ( 'NONE', #835, #961, #1204 ) ;
#118 = CYLINDRICAL_SURFACE ( 'NONE', #557, 1.750000000000012879 ) ;
#119 = MANIFOLD_SOLID_BREP ( '\X2\5b54\X0\3', #1200 ) ;
#120 = ORIENTED_EDGE ( 'NONE', *, *, #126, .T. ) ;
#121 = LINE ( 'NONE', #576, #1252 ) ;
#122 = DIRECTION ( 'NONE',  ( 0.000000000000000000, -1.000000000000000000, 0.000000000000000000 ) ) ;
#123 = FACE_OUTER_BOUND ( 'NONE', #1149, .T. ) ;
#124 = FACE_OUTER_BOUND ( 'NONE', #1272, .T. ) ;
#125 = ORIENTED_EDGE ( 'NONE', *, *, #396, .T. ) ;
#126 = EDGE_CURVE ( 'NONE', #1262, #613, #399, .T. ) ;
#127 = FACE_OUTER_BOUND ( 'NONE', #979, .T. ) ;
#128 = SHAPE_DEFINITION_REPRESENTATION ( #928, #902 ) ;
#129 = ORIENTED_EDGE ( 'NONE', *, *, #711, .F. ) ;
#130 = VECTOR ( 'NONE', #1414, 1000.000000000000000 ) ;
#131 = CARTESIAN_POINT ( 'NONE',  ( 5.000000000000000000, -16.50000000000000000, -55.99999999999999289 ) ) ;
#132 = ORIENTED_EDGE ( 'NONE', *, *, #56, .F. ) ;
#133 = DIRECTION ( 'NONE',  ( -0.000000000000000000, 1.000000000000000000, -0.000000000000000000 ) ) ;
#134 = ORIENTED_EDGE ( 'NONE', *, *, #1002, .F. ) ;
#135 = EDGE_CURVE ( 'NONE', #667, #1403, #181, .T. ) ;
#136 = DIRECTION ( 'NONE',  ( -0.000000000000000000, -0.000000000000000000, -1.000000000000000000 ) ) ;
#137 = EDGE_LOOP ( 'NONE', ( #982, #228, #183, #875 ) ) ;
#138 = DIRECTION ( 'NONE',  ( 0.000000000000000000, -1.000000000000000000, 0.000000000000000000 ) ) ;
#139 = DIRECTION ( 'NONE',  ( 0.000000000000000000, 0.000000000000000000, 1.000000000000000000 ) ) ;
#140 = ADVANCED_FACE ( 'NONE', ( #1108 ), #88, .F. ) ;
#141 = PLANE ( 'NONE',  #1286 ) ;
#142 = ORIENTED_EDGE ( 'NONE', *, *, #11, .F. ) ;
#143 = CARTESIAN_POINT ( 'NONE',  ( 0.000000000000000000, 5.000000000000000000, -60.99999999999999289 ) ) ;
#144 = CYLINDRICAL_SURFACE ( 'NONE', #1392, 1.750000000000015543 ) ;
#145 = CARTESIAN_POINT ( 'NONE',  ( 1.224646799147353848E-15, -13.00000000000000000, -10.00000000000000000 ) ) ;
#146 = EDGE_CURVE ( 'NONE', #1037, #1181, #766, .T. ) ;
#147 = DIRECTION ( 'NONE',  ( 0.000000000000000000, 0.000000000000000000, -1.000000000000000000 ) ) ;
#148 = ORIENTED_EDGE ( 'NONE', *, *, #887, .T. ) ;
#149 = EDGE_CURVE ( 'NONE', #1358, #483, #886, .T. ) ;
#150 = CARTESIAN_POINT ( 'NONE',  ( 54.99999999999999289, -13.00000000000000000, -5.000000000000000888 ) ) ;
#151 = DIRECTION ( 'NONE',  ( 0.000000000000000000, 0.000000000000000000, -1.000000000000000000 ) ) ;
#152 = VECTOR ( 'NONE', #954, 1000.000000000000000 ) ;
#153 = VERTEX_POINT ( 'NONE', #68 ) ;
#154 = FACE_OUTER_BOUND ( 'NONE', #1377, .T. ) ;
#155 = ORIENTED_EDGE ( 'NONE', *, *, #1107, .F. ) ;
#156 = CARTESIAN_POINT ( 'NONE',  ( 55.00000000000000000, -13.00000000000000000, -55.99999999999998579 ) ) ;
#157 = AXIS2_PLACEMENT_3D ( 'NONE', #894, #559, #1355 ) ;
#158 = DIRECTION ( 'NONE',  ( -0.000000000000000000, -1.000000000000000000, -0.000000000000000000 ) ) ;
#159 = DIRECTION ( 'NONE',  ( -0.000000000000000000, 1.000000000000000000, -0.000000000000000000 ) ) ;
#160 = ORIENTED_EDGE ( 'NONE', *, *, #568, .T. ) ;
#161 = CARTESIAN_POINT ( 'NONE',  ( 5.000000000000000000, -13.00000000000000000, -53.14999999999999858 ) ) ;
#162 = VERTEX_POINT ( 'NONE', #1232 ) ;
#163 = CARTESIAN_POINT ( 'NONE',  ( 0.000000000000000000, 5.000000000000000000, 0.000000000000000000 ) ) ;
#164 = CARTESIAN_POINT ( 'NONE',  ( 5.000000000000000000, -16.50000000000000000, -55.99999999999999289 ) ) ;
#165 = CARTESIAN_POINT ( 'NONE',  ( 0.000000000000000000, -13.00000000000000000, -60.99999999999999289 ) ) ;
#166 = ORIENTED_EDGE ( 'NONE', *, *, #926, .T. ) ;
#167 = EDGE_LOOP ( 'NONE', ( #516, #1490 ) ) ;
#168 = DIRECTION ( 'NONE',  ( -0.000000000000000000, 1.000000000000000000, -0.000000000000000000 ) ) ;
#169 = ORIENTED_EDGE ( 'NONE', *, *, #1268, .T. ) ;
#170 = VECTOR ( 'NONE', #1354, 1000.000000000000000 ) ;
#171 = DIRECTION ( 'NONE',  ( 1.000000000000000000, -0.000000000000000000, 0.000000000000000000 ) ) ;
#172 = FILL_AREA_STYLE ('',( #1301 ) ) ;
#173 = LINE ( 'NONE', #165, #1122 ) ;
#174 = ORIENTED_EDGE ( 'NONE', *, *, #568, .F. ) ;
#175 = ORIENTED_EDGE ( 'NONE', *, *, #688, .T. ) ;
#176 = DIRECTION ( 'NONE',  ( -3.469446951953614189E-16, -0.000000000000000000, 1.000000000000000000 ) ) ;
#177 = AXIS2_PLACEMENT_3D ( 'NONE', #145, #1250, #116 ) ;
#178 = ORIENTED_EDGE ( 'NONE', *, *, #833, .F. ) ;
#179 = PLANE ( 'NONE',  #1382 ) ;
#180 = APPLICATION_CONTEXT ( 'automotive_design' ) ;
#181 = LINE ( 'NONE', #1025, #426 ) ;
#182 = PLANE ( 'NONE',  #1480 ) ;
#183 = ORIENTED_EDGE ( 'NONE', *, *, #405, .T. ) ;
#184 = VECTOR ( 'NONE', #339, 1000.000000000000000 ) ;
#185 = ORIENTED_EDGE ( 'NONE', *, *, #1006, .T. ) ;
#186 = EDGE_CURVE ( 'NONE', #849, #306, #903, .T. ) ;
#187 = DIRECTION ( 'NONE',  ( 0.000000000000000000, -1.000000000000000000, 0.000000000000000000 ) ) ;
#188 = ORIENTED_EDGE ( 'NONE', *, *, #684, .T. ) ;
#189 = PRODUCT_DEFINITION_FORMATION_WITH_SPECIFIED_SOURCE ( 'ä»', '', #1160, .NOT_KNOWN. ) ;
#190 = CARTESIAN_POINT ( 'NONE',  ( 54.99999999999999289, -16.50000000000000000, -5.000000000000000888 ) ) ;
#191 = CARTESIAN_POINT ( 'NONE',  ( 0.000000000000000000, 5.000000000000000000, -60.99999999999999289 ) ) ;
#192 = DIRECTION ( 'NONE',  ( -0.000000000000000000, 1.000000000000000000, -0.000000000000000000 ) ) ;
#193 = EDGE_LOOP ( 'NONE', ( #1096, #1395, #1324, #745 ) ) ;
#194 = LINE ( 'NONE', #298, #607 ) ;
#195 = ORIENTED_EDGE ( 'NONE', *, *, #791, .F. ) ;
#196 = DIRECTION ( 'NONE',  ( -0.000000000000000000, -1.000000000000000000, -0.000000000000000000 ) ) ;
#197 = VECTOR ( 'NONE', #87, 1000.000000000000000 ) ;
#198 = EDGE_CURVE ( 'NONE', #274, #1229, #312, .T. ) ;
#199 = AXIS2_PLACEMENT_3D ( 'NONE', #1429, #42, #480 ) ;
#200 = CARTESIAN_POINT ( 'NONE',  ( 14.99999999999999645, 5.000000000000000000, -58.49999999999998579 ) ) ;
#201 = ORIENTED_EDGE ( 'NONE', *, *, #1101, .F. ) ;
#202 = AXIS2_PLACEMENT_3D ( 'NONE', #1213, #1205, #1418 ) ;
#203 = CARTESIAN_POINT ( 'NONE',  ( 54.99999999999999289, -16.50000000000000000, -5.000000000000000888 ) ) ;
#204 = EDGE_LOOP ( 'NONE', ( #429, #412, #1071, #1163 ) ) ;
#205 = CARTESIAN_POINT ( 'NONE',  ( 10.00000000000000000, 0.000000000000000000, -50.99999999999999289 ) ) ;
#206 = ADVANCED_FACE ( 'NONE', ( #552, #1016 ), #1471, .T. ) ;
#207 = DIRECTION ( 'NONE',  ( -0.000000000000000000, 1.000000000000000000, -0.000000000000000000 ) ) ;
#208 =( NAMED_UNIT ( * ) SI_UNIT ( $, .STERADIAN. ) SOLID_ANGLE_UNIT ( ) );
#209 = ORIENTED_EDGE ( 'NONE', *, *, #56, .T. ) ;
#210 = CIRCLE ( 'NONE', #1460, 1.750000000000015543 ) ;
#211 = VECTOR ( 'NONE', #1177, 1000.000000000000000 ) ;
#212 = CARTESIAN_POINT ( 'NONE',  ( 5.000000000000000000, -16.50000000000000000, -5.000000000000000000 ) ) ;
#213 = VERTEX_POINT ( 'NONE', #1116 ) ;
#214 = CARTESIAN_POINT ( 'NONE',  ( 5.000000000000000000, -16.50000000000000000, -53.14999999999999858 ) ) ;
#215 = ORIENTED_EDGE ( 'NONE', *, *, #684, .F. ) ;
#216 = EDGE_CURVE ( 'NONE', #786, #593, #828, .T. ) ;
#217 = DIRECTION ( 'NONE',  ( -1.000000000000000000, -0.000000000000000000, -0.000000000000000000 ) ) ;
#218 = ADVANCED_FACE ( 'NONE', ( #1238 ), #911, .F. ) ;
#219 = ORIENTED_EDGE ( 'NONE', *, *, #781, .F. ) ;
#220 = DIRECTION ( 'NONE',  ( -1.000000000000000000, 0.000000000000000000, -0.000000000000000000 ) ) ;
#221 = DIRECTION ( 'NONE',  ( -0.000000000000000000, -1.000000000000000000, -0.000000000000000000 ) ) ;
#222 = LINE ( 'NONE', #699, #184 ) ;
#223 = CARTESIAN_POINT ( 'NONE',  ( 14.99999999999999645, 5.000000000000000000, -0.8499999999999757749 ) ) ;
#224 = CIRCLE ( 'NONE', #244, 2.849999999999994760 ) ;
#225 = EDGE_LOOP ( 'NONE', ( #1360, #481, #338, #864 ) ) ;
#226 = LINE ( 'NONE', #1069, #951 ) ;
#227 = DIRECTION ( 'NONE',  ( 0.000000000000000000, 0.000000000000000000, 1.000000000000000000 ) ) ;
#228 = ORIENTED_EDGE ( 'NONE', *, *, #563, .T. ) ;
#229 = CARTESIAN_POINT ( 'NONE',  ( 5.000000000000000000, -16.50000000000000000, -2.150000000000000799 ) ) ;
#230 = CYLINDRICAL_SURFACE ( 'NONE', #1131, 1.650000000000012568 ) ;
#231 = EDGE_CURVE ( 'NONE', #1333, #1085, #326, .T. ) ;
#232 = DIRECTION ( 'NONE',  ( -0.000000000000000000, -1.000000000000000000, -0.000000000000000000 ) ) ;
#233 = AXIS2_PLACEMENT_3D ( 'NONE', #1344, #537, #1011 ) ;
#234 = DIRECTION ( 'NONE',  ( 0.000000000000000000, 0.000000000000000000, 1.000000000000000000 ) ) ;
#235 = ORIENTED_EDGE ( 'NONE', *, *, #1019, .T. ) ;
#236 = CARTESIAN_POINT ( 'NONE',  ( 1.224646799147353848E-15, -13.00000000000000000, -10.00000000000000000 ) ) ;
#237 = ADVANCED_FACE ( 'NONE', ( #319 ), #1124, .T. ) ;
#238 = ORIENTED_EDGE ( 'NONE', *, *, #384, .T. ) ;
#239 = FACE_OUTER_BOUND ( 'NONE', #739, .T. ) ;
#240 = ORIENTED_EDGE ( 'NONE', *, *, #909, .T. ) ;
#241 = DIRECTION ( 'NONE',  ( 0.000000000000000000, 0.000000000000000000, -1.000000000000000000 ) ) ;
#242 = EDGE_CURVE ( 'NONE', #153, #409, #1226, .T. ) ;
#243 = CARTESIAN_POINT ( 'NONE',  ( 5.000000000000000000, -13.00000000000000000, -5.000000000000000000 ) ) ;
#244 = AXIS2_PLACEMENT_3D ( 'NONE', #324, #102, #779 ) ;
#245 = CIRCLE ( 'NONE', #1092, 2.849999999999994760 ) ;
#246 = LINE ( 'NONE', #701, #1144 ) ;
#247 = ORIENTED_EDGE ( 'NONE', *, *, #1178, .T. ) ;
#248 = DIRECTION ( 'NONE',  ( 0.000000000000000000, -0.000000000000000000, -1.000000000000000000 ) ) ;
#249 = EDGE_LOOP ( 'NONE', ( #240, #587, #905, #1446 ) ) ;
#250 = AXIS2_PLACEMENT_3D ( 'NONE', #37, #640, #726 ) ;
#251 = CARTESIAN_POINT ( 'NONE',  ( 49.99999999999999289, -13.00000000000000000, -50.99999999999999289 ) ) ;
#252 = ORIENTED_EDGE ( 'NONE', *, *, #572, .F. ) ;
#253 = AXIS2_PLACEMENT_3D ( 'NONE', #448, #992, #528 ) ;
#254 = CARTESIAN_POINT ( 'NONE',  ( 5.000000000000000000, -16.50000000000000000, -3.249999999999986233 ) ) ;
#255 = CIRCLE ( 'NONE', #1325, 2.849999999999999201 ) ;
#256 = EDGE_CURVE ( 'NONE', #107, #633, #932, .T. ) ;
#257 = FACE_BOUND ( 'NONE', #1209, .T. ) ;
#258 = CARTESIAN_POINT ( 'NONE',  ( 45.00000000000000000, 5.000000000000000000, -60.14999999999999858 ) ) ;
#259 = PRODUCT_DEFINITION_CONTEXT ( 'detailed design', #748, 'design' ) ;
#260 = EDGE_CURVE ( 'NONE', #1202, #297, #474, .T. ) ;
#261 = DIRECTION ( 'NONE',  ( 0.000000000000000000, 1.000000000000000000, 0.000000000000000000 ) ) ;
#262 = VERTEX_POINT ( 'NONE', #775 ) ;
#263 = CARTESIAN_POINT ( 'NONE',  ( 54.99999999999999289, -13.00000000000000000, -3.249999999999988898 ) ) ;
#264 = CARTESIAN_POINT ( 'NONE',  ( 45.00000000000000000, 0.000000000000000000, -58.49999999999998579 ) ) ;
#265 = CARTESIAN_POINT ( 'NONE',  ( 0.000000000000000000, 5.000000000000000000, 0.000000000000000000 ) ) ;
#266 = ORIENTED_EDGE ( 'NONE', *, *, #1468, .T. ) ;
#267 = AXIS2_PLACEMENT_3D ( 'NONE', #190, #757, #542 ) ;
#268 = AXIS2_PLACEMENT_3D ( 'NONE', #973, #738, #1208 ) ;
#269 = DIRECTION ( 'NONE',  ( 0.000000000000000000, 0.000000000000000000, -1.000000000000000000 ) ) ;
#270 = VERTEX_POINT ( 'NONE', #670 ) ;
#271 = DIRECTION ( 'NONE',  ( -0.000000000000000000, 1.000000000000000000, -0.000000000000000000 ) ) ;
#272 = DIRECTION ( 'NONE',  ( -0.000000000000000000, 1.000000000000000000, -0.000000000000000000 ) ) ;
#273 = CARTESIAN_POINT ( 'NONE',  ( 14.99999999999999645, 0.000000000000000000, -2.499999999999988454 ) ) ;
#274 = VERTEX_POINT ( 'NONE', #104 ) ;
#275 = EDGE_CURVE ( 'NONE', #676, #483, #1007, .T. ) ;
#276 = CARTESIAN_POINT ( 'NONE',  ( 54.99999999999999289, -13.00000000000000000, -7.849999999999996092 ) ) ;
#277 = ORIENTED_EDGE ( 'NONE', *, *, #455, .F. ) ;
#278 = DIRECTION ( 'NONE',  ( -0.000000000000000000, -1.000000000000000000, -0.000000000000000000 ) ) ;
#279 = CIRCLE ( 'NONE', #398, 2.849999999999998312 ) ;
#280 = AXIS2_PLACEMENT_3D ( 'NONE', #9, #933, #355 ) ;
#281 = CARTESIAN_POINT ( 'NONE',  ( 55.00000000000000000, -16.50000000000000000, -57.75000000000000000 ) ) ;
#282 = CARTESIAN_POINT ( 'NONE',  ( 14.99999999999999645, 5.000000000000000000, -2.499999999999988454 ) ) ;
#283 = ORIENTED_EDGE ( 'NONE', *, *, #1337, .F. ) ;
#284 = ORIENTED_EDGE ( 'NONE', *, *, #781, .T. ) ;
#285 = DIRECTION ( 'NONE',  ( 0.000000000000000000, 0.000000000000000000, -1.000000000000000000 ) ) ;
#286 = VERTEX_POINT ( 'NONE', #1173 ) ;
#287 = CYLINDRICAL_SURFACE ( 'NONE', #625, 1.750000000000008438 ) ;
#288 = CARTESIAN_POINT ( 'NONE',  ( 5.000000000000000000, -13.00000000000000000, -55.99999999999999289 ) ) ;
#289 = CARTESIAN_POINT ( 'NONE',  ( 55.00000000000000000, -16.50000000000000000, -55.99999999999998579 ) ) ;
#290 = ORIENTED_EDGE ( 'NONE', *, *, #28, .F. ) ;
#291 = CARTESIAN_POINT ( 'NONE',  ( 5.000000000000000000, -13.00000000000000000, -57.75000000000000711 ) ) ;
#292 = EDGE_LOOP ( 'NONE', ( #880, #1299 ) ) ;
#293 = DIRECTION ( 'NONE',  ( 1.000000000000000000, 0.000000000000000000, 0.000000000000000000 ) ) ;
#294 = DIRECTION ( 'NONE',  ( 0.000000000000000000, -0.000000000000000000, -1.000000000000000000 ) ) ;
#295 = DIRECTION ( 'NONE',  ( -1.000000000000000000, 0.000000000000000000, -3.469446951953615175E-16 ) ) ;
#296 = EDGE_CURVE ( 'NONE', #84, #1362, #210, .T. ) ;
#297 = VERTEX_POINT ( 'NONE', #471 ) ;
#298 = CARTESIAN_POINT ( 'NONE',  ( 5.000000000000000000, -16.50000000000000000, -58.84999999999999432 ) ) ;
#299 = VECTOR ( 'NONE', #690, 1000.000000000000000 ) ;
#300 = ORIENTED_EDGE ( 'NONE', *, *, #1268, .F. ) ;
#301 = CARTESIAN_POINT ( 'NONE',  ( 54.99999999999999289, -13.00000000000000000, -5.000000000000000888 ) ) ;
#302 = CARTESIAN_POINT ( 'NONE',  ( 45.00000000000000000, 5.000000000000000000, -0.8499999999999757749 ) ) ;
#303 = LINE ( 'NONE', #895, #522 ) ;
#304 = VECTOR ( 'NONE', #1221, 1000.000000000000000 ) ;
#305 = ADVANCED_FACE ( 'NONE', ( #1378 ), #1277, .T. ) ;
#306 = VERTEX_POINT ( 'NONE', #15 ) ;
#307 = CARTESIAN_POINT ( 'NONE',  ( 10.00000000000000000, -13.00000000000000000, 0.000000000000000000 ) ) ;
#308 = EDGE_CURVE ( 'NONE', #1493, #103, #1402, .T. ) ;
#309 = EDGE_LOOP ( 'NONE', ( #896, #1249 ) ) ;
#310 = CIRCLE ( 'NONE', #1413, 1.650000000000012568 ) ;
#311 = PLANE ( 'NONE',  #843 ) ;
#312 = LINE ( 'NONE', #1478, #492 ) ;
#313 = VERTEX_POINT ( 'NONE', #931 ) ;
#314 = DIRECTION ( 'NONE',  ( 0.000000000000000000, -1.000000000000000000, 0.000000000000000000 ) ) ;
#315 = ORIENTED_EDGE ( 'NONE', *, *, #1176, .T. ) ;
#316 = CARTESIAN_POINT ( 'NONE',  ( 49.99999999999999289, 0.000000000000000000, -60.99999999999999289 ) ) ;
#317 = AXIS2_PLACEMENT_3D ( 'NONE', #381, #278, #1416 ) ;
#318 = AXIS2_PLACEMENT_3D ( 'NONE', #712, #941, #269 ) ;
#319 = FACE_OUTER_BOUND ( 'NONE', #780, .T. ) ;
#320 = CARTESIAN_POINT ( 'NONE',  ( 49.99999999999999289, -13.00000000000000000, -10.00000000000000178 ) ) ;
#321 = ORIENTED_EDGE ( 'NONE', *, *, #1112, .F. ) ;
#322 = DIRECTION ( 'NONE',  ( -1.000000000000000000, 0.000000000000000000, 0.000000000000000000 ) ) ;
#323 = ORIENTED_EDGE ( 'NONE', *, *, #296, .T. ) ;
#324 = CARTESIAN_POINT ( 'NONE',  ( 54.99999999999999289, -16.50000000000000000, -5.000000000000000888 ) ) ;
#325 = ORIENTED_EDGE ( 'NONE', *, *, #90, .F. ) ;
#326 = LINE ( 'NONE', #543, #885 ) ;
#327 = CARTESIAN_POINT ( 'NONE',  ( 5.000000000000000000, -13.00000000000000000, -55.99999999999999289 ) ) ;
#328 = EDGE_LOOP ( 'NONE', ( #994, #1347, #1104, #1288 ) ) ;
#329 = CIRCLE ( 'NONE', #117, 1.750000000000008438 ) ;
#330 = AXIS2_PLACEMENT_3D ( 'NONE', #861, #272, #501 ) ;
#331 = CARTESIAN_POINT ( 'NONE',  ( 0.000000000000000000, 0.000000000000000000, -10.00000000000000000 ) ) ;
#332 = FACE_BOUND ( 'NONE', #617, .T. ) ;
#333 = ORIENTED_EDGE ( 'NONE', *, *, #762, .T. ) ;
#334 = AXIS2_PLACEMENT_3D ( 'NONE', #1247, #1133, #97 ) ;
#335 = ORIENTED_EDGE ( 'NONE', *, *, #609, .T. ) ;
#336 = LINE ( 'NONE', #109, #422 ) ;
#337 = DIRECTION ( 'NONE',  ( -0.000000000000000000, 1.000000000000000000, -0.000000000000000000 ) ) ;
#338 = ORIENTED_EDGE ( 'NONE', *, *, #473, .F. ) ;
#339 = DIRECTION ( 'NONE',  ( -0.000000000000000000, 1.000000000000000000, -0.000000000000000000 ) ) ;
#340 = ADVANCED_FACE ( 'NONE', ( #1039 ), #1271, .F. ) ;
#341 = EDGE_CURVE ( 'NONE', #786, #503, #1161, .T. ) ;
#342 = ORIENTED_EDGE ( 'NONE', *, *, #1322, .T. ) ;
#343 = VECTOR ( 'NONE', #529, 1000.000000000000000 ) ;
#344 = CARTESIAN_POINT ( 'NONE',  ( 14.99999999999999645, 5.000000000000000000, -56.84999999999997300 ) ) ;
#345 = LINE ( 'NONE', #565, #106 ) ;
#346 = ORIENTED_EDGE ( 'NONE', *, *, #1322, .F. ) ;
#347 = DIRECTION ( 'NONE',  ( 0.000000000000000000, 0.000000000000000000, -1.000000000000000000 ) ) ;
#348 = VERTEX_POINT ( 'NONE', #1386 ) ;
#349 = AXIS2_PLACEMENT_3D ( 'NONE', #477, #1031, #241 ) ;
#350 = CIRCLE ( 'NONE', #570, 1.750000000000008438 ) ;
#351 = DIRECTION ( 'NONE',  ( -0.000000000000000000, 1.000000000000000000, -0.000000000000000000 ) ) ;
#352 = EDGE_CURVE ( 'NONE', #13, #313, #279, .T. ) ;
#353 = VERTEX_POINT ( 'NONE', #925 ) ;
#354 = LINE ( 'NONE', #1168, #705 ) ;
#355 = DIRECTION ( 'NONE',  ( 0.000000000000000000, 0.000000000000000000, -1.000000000000000000 ) ) ;
#356 = ADVANCED_FACE ( 'NONE', ( #677 ), #1263, .F. ) ;
#357 = DIRECTION ( 'NONE',  ( 0.000000000000000000, -1.000000000000000000, 0.000000000000000000 ) ) ;
#358 = ORIENTED_EDGE ( 'NONE', *, *, #856, .T. ) ;
#359 = CARTESIAN_POINT ( 'NONE',  ( 5.000000000000000000, 4.999999999999999112, -54.24999999999998579 ) ) ;
#360 = DIRECTION ( 'NONE',  ( -0.000000000000000000, -0.000000000000000000, -1.000000000000000000 ) ) ;
#361 = VECTOR ( 'NONE', #446, 1000.000000000000000 ) ;
#362 = VECTOR ( 'NONE', #1086, 1000.000000000000000 ) ;
#363 = DIRECTION ( 'NONE',  ( -0.000000000000000000, 1.000000000000000000, -0.000000000000000000 ) ) ;
#364 = ORIENTED_EDGE ( 'NONE', *, *, #75, .F. ) ;
#365 = EDGE_CURVE ( 'NONE', #1229, #1469, #1390, .T. ) ;
#366 = CARTESIAN_POINT ( 'NONE',  ( 0.000000000000000000, -13.00000000000000000, -50.99999999999999289 ) ) ;
#367 = FACE_BOUND ( 'NONE', #292, .T. ) ;
#368 = AXIS2_PLACEMENT_3D ( 'NONE', #1004, #187, #642 ) ;
#369 = DIRECTION ( 'NONE',  ( -0.000000000000000000, 1.000000000000000000, -0.000000000000000000 ) ) ;
#370 = EDGE_CURVE ( 'NONE', #64, #676, #222, .T. ) ;
#371 = CARTESIAN_POINT ( 'NONE',  ( 55.00000000000000000, -16.50000000000000000, -53.14999999999999147 ) ) ;
#372 = ORIENTED_EDGE ( 'NONE', *, *, #1019, .F. ) ;
#373 = VECTOR ( 'NONE', #1067, 1000.000000000000000 ) ;
#374 = DIRECTION ( 'NONE',  ( -0.000000000000000000, -1.000000000000000000, -0.000000000000000000 ) ) ;
#375 = CARTESIAN_POINT ( 'NONE',  ( 45.00000000000000000, 0.000000000000000000, -4.150000000000001243 ) ) ;
#376 = CARTESIAN_POINT ( 'NONE',  ( 10.00000000000000000, -13.00000000000000000, -60.99999999999999289 ) ) ;
#377 =( GEOMETRIC_REPRESENTATION_CONTEXT ( 3 ) GLOBAL_UNCERTAINTY_ASSIGNED_CONTEXT ( ( #1381 ) ) GLOBAL_UNIT_ASSIGNED_CONTEXT ( ( #767, #1457, #208 ) ) REPRESENTATION_CONTEXT ( 'NONE', 'WORKASPACE' ) );
#378 = EDGE_LOOP ( 'NONE', ( #201, #447, #33, #1340 ) ) ;
#379 = LINE ( 'NONE', #839, #1022 ) ;
#380 = ORIENTED_EDGE ( 'NONE', *, *, #135, .T. ) ;
#381 = CARTESIAN_POINT ( 'NONE',  ( 55.00000000000000000, -13.00000000000000000, -55.99999999999998579 ) ) ;
#382 = CARTESIAN_POINT ( 'NONE',  ( 0.000000000000000000, 5.000000000000000000, 0.000000000000000000 ) ) ;
#383 = DIRECTION ( 'NONE',  ( -0.000000000000000000, -0.000000000000000000, 1.000000000000000000 ) ) ;
#384 = EDGE_CURVE ( 'NONE', #582, #1236, #20, .T. ) ;
#385 = ORIENTED_EDGE ( 'NONE', *, *, #1151, .F. ) ;
#386 = VECTOR ( 'NONE', #271, 1000.000000000000000 ) ;
#387 = AXIS2_PLACEMENT_3D ( 'NONE', #947, #1326, #1298 ) ;
#388 = DIRECTION ( 'NONE',  ( -0.000000000000000000, 1.000000000000000000, -0.000000000000000000 ) ) ;
#389 = VERTEX_POINT ( 'NONE', #482 ) ;
#390 = LINE ( 'NONE', #960, #77 ) ;
#391 = CYLINDRICAL_SURFACE ( 'NONE', #1487, 1.650000000000012568 ) ;
#392 = PLANE ( 'NONE',  #959 ) ;
#393 = ORIENTED_EDGE ( 'NONE', *, *, #1468, .F. ) ;
#394 = CARTESIAN_POINT ( 'NONE',  ( 49.99999999999999289, -13.00000000000000000, -60.99999999999999289 ) ) ;
#395 = ORIENTED_EDGE ( 'NONE', *, *, #135, .F. ) ;
#396 = EDGE_CURVE ( 'NONE', #1262, #1333, #1391, .T. ) ;
#397 = CARTESIAN_POINT ( 'NONE',  ( 49.99999999999999289, -0.000000000000000000, -10.00000000000000178 ) ) ;
#398 = AXIS2_PLACEMENT_3D ( 'NONE', #594, #138, #347 ) ;
#399 = LINE ( 'NONE', #191, #304 ) ;
#400 = CARTESIAN_POINT ( 'NONE',  ( 5.000000000000000000, -13.00000000000000000, -5.000000000000000000 ) ) ;
#401 = ORIENTED_EDGE ( 'NONE', *, *, #75, .T. ) ;
#402 = VERTEX_POINT ( 'NONE', #236 ) ;
#403 = CARTESIAN_POINT ( 'NONE',  ( 60.00000000000000000, 5.000000000000000000, 0.000000000000000000 ) ) ;
#404 = ORIENTED_EDGE ( 'NONE', *, *, #405, .F. ) ;
#405 = EDGE_CURVE ( 'NONE', #999, #1169, #1033, .T. ) ;
#406 = DIRECTION ( 'NONE',  ( -3.469446951953614189E-16, -0.000000000000000000, 1.000000000000000000 ) ) ;
#407 = SURFACE_STYLE_FILL_AREA ( #172 ) ;
#408 = DIRECTION ( 'NONE',  ( -0.000000000000000000, -1.000000000000000000, -0.000000000000000000 ) ) ;
#409 = VERTEX_POINT ( 'NONE', #359 ) ;
#410 = ORIENTED_EDGE ( 'NONE', *, *, #1458, .T. ) ;
#411 = FACE_OUTER_BOUND ( 'NONE', #1279, .T. ) ;
#412 = ORIENTED_EDGE ( 'NONE', *, *, #1065, .T. ) ;
#413 = AXIS2_PLACEMENT_3D ( 'NONE', #301, #196, #876 ) ;
#414 = LINE ( 'NONE', #1123, #197 ) ;
#415 = EDGE_CURVE ( 'NONE', #1307, #1172, #121, .T. ) ;
#416 = DIRECTION ( 'NONE',  ( 1.000000000000000000, 0.000000000000000000, 0.000000000000000000 ) ) ;
#417 = CARTESIAN_POINT ( 'NONE',  ( 60.00000000000000000, -13.00000000000000000, -10.00000000000000178 ) ) ;
#418 = EDGE_LOOP ( 'NONE', ( #1486, #283 ) ) ;
#419 = ADVANCED_FACE ( 'NONE', ( #693, #127 ), #583, .T. ) ;
#420 = ORIENTED_EDGE ( 'NONE', *, *, #879, .T. ) ;
#421 = CARTESIAN_POINT ( 'NONE',  ( 60.00000000000000000, -13.00000000000000000, -60.99999999999999289 ) ) ;
#422 = VECTOR ( 'NONE', #1260, 1000.000000000000000 ) ;
#423 = ORIENTED_EDGE ( 'NONE', *, *, #216, .T. ) ;
#424 = CARTESIAN_POINT ( 'NONE',  ( 14.99999999999999645, 5.000000000000000000, -56.84999999999997300 ) ) ;
#425 = DIRECTION ( 'NONE',  ( 0.000000000000000000, 0.000000000000000000, -1.000000000000000000 ) ) ;
#426 = VECTOR ( 'NONE', #217, 1000.000000000000000 ) ;
#427 = EDGE_LOOP ( 'NONE', ( #915, #115, #521, #590 ) ) ;
#428 = FACE_OUTER_BOUND ( 'NONE', #1385, .T. ) ;
#429 = ORIENTED_EDGE ( 'NONE', *, *, #1484, .T. ) ;
#430 = AXIS2_PLACEMENT_3D ( 'NONE', #1264, #1465, #904 ) ;
#431 = DIRECTION ( 'NONE',  ( -0.000000000000000000, -1.000000000000000000, -0.000000000000000000 ) ) ;
#432 = DIRECTION ( 'NONE',  ( 0.000000000000000000, 0.000000000000000000, 1.000000000000000000 ) ) ;
#433 = CARTESIAN_POINT ( 'NONE',  ( 60.00000000000000000, -13.00000000000000000, 0.000000000000000000 ) ) ;
#434 = ORIENTED_EDGE ( 'NONE', *, *, #774, .F. ) ;
#435 = EDGE_CURVE ( 'NONE', #700, #858, #354, .T. ) ;
#436 = DIRECTION ( 'NONE',  ( 0.000000000000000000, 0.000000000000000000, -1.000000000000000000 ) ) ;
#437 = ORIENTED_EDGE ( 'NONE', *, *, #1428, .T. ) ;
#438 = DIRECTION ( 'NONE',  ( 0.000000000000000000, 0.000000000000000000, -1.000000000000000000 ) ) ;
#439 = AXIS2_PLACEMENT_3D ( 'NONE', #1036, #1023, #227 ) ;
#440 = VECTOR ( 'NONE', #1452, 1000.000000000000000 ) ;
#441 = CARTESIAN_POINT ( 'NONE',  ( 54.99999999999999289, -16.50000000000000000, -5.000000000000000888 ) ) ;
#442 = PRODUCT_CONTEXT ( 'NONE', #180, 'mechanical' ) ;
#443 = VERTEX_POINT ( 'NONE', #598 ) ;
#444 = DIRECTION ( 'NONE',  ( 0.000000000000000000, 0.000000000000000000, 1.000000000000000000 ) ) ;
#445 = CIRCLE ( 'NONE', #1292, 1.650000000000012568 ) ;
#446 = DIRECTION ( 'NONE',  ( -0.000000000000000000, -1.000000000000000000, -0.000000000000000000 ) ) ;
#447 = ORIENTED_EDGE ( 'NONE', *, *, #455, .T. ) ;
#448 = CARTESIAN_POINT ( 'NONE',  ( 0.000000000000000000, -13.00000000000000000, 0.000000000000000000 ) ) ;
#449 = LINE ( 'NONE', #223, #96 ) ;
#450 = VERTEX_POINT ( 'NONE', #493 ) ;
#451 = AXIS2_PLACEMENT_3D ( 'NONE', #441, #782, #877 ) ;
#452 = DIRECTION ( 'NONE',  ( 0.000000000000000000, 0.000000000000000000, -1.000000000000000000 ) ) ;
#453 = CARTESIAN_POINT ( 'NONE',  ( 5.000000000000000000, -16.50000000000000000, -55.99999999999999289 ) ) ;
#454 = ORIENTED_EDGE ( 'NONE', *, *, #697, .F. ) ;
#455 = EDGE_CURVE ( 'NONE', #476, #707, #1432, .T. ) ;
#456 = CIRCLE ( 'NONE', #430, 1.750000000000008438 ) ;
#457 = DIRECTION ( 'NONE',  ( 0.000000000000000000, 0.000000000000000000, -1.000000000000000000 ) ) ;
#458 = EDGE_LOOP ( 'NONE', ( #808, #364, #148, #185 ) ) ;
#459 = PLANE ( 'NONE',  #1454 ) ;
#460 = DIRECTION ( 'NONE',  ( 0.000000000000000000, -0.000000000000000000, -1.000000000000000000 ) ) ;
#461 = EDGE_LOOP ( 'NONE', ( #679, #643 ) ) ;
#462 = AXIS2_PLACEMENT_3D ( 'NONE', #76, #67, #1447 ) ;
#463 = DIRECTION ( 'NONE',  ( -0.000000000000000000, -1.000000000000000000, -0.000000000000000000 ) ) ;
#464 = VECTOR ( 'NONE', #1103, 1000.000000000000000 ) ;
#465 = CARTESIAN_POINT ( 'NONE',  ( 49.99999999999999289, 0.000000000000000000, -60.99999999999999289 ) ) ;
#466 = ADVANCED_FACE ( 'NONE', ( #60 ), #1182, .F. ) ;
#467 = DIRECTION ( 'NONE',  ( -0.000000000000000000, 1.000000000000000000, -0.000000000000000000 ) ) ;
#468 = DIRECTION ( 'NONE',  ( 0.000000000000000000, 0.000000000000000000, -1.000000000000000000 ) ) ;
#469 = ORIENTED_EDGE ( 'NONE', *, *, #1178, .F. ) ;
#470 = AXIS2_PLACEMENT_3D ( 'NONE', #1113, #72, #532 ) ;
#471 = CARTESIAN_POINT ( 'NONE',  ( 55.00000000000000000, -16.50000000000000000, -53.14999999999999147 ) ) ;
#472 = EDGE_LOOP ( 'NONE', ( #731, #965, #1438, #1191 ) ) ;
#473 = EDGE_CURVE ( 'NONE', #1181, #849, #390, .T. ) ;
#474 = CIRCLE ( 'NONE', #157, 2.849999999999998312 ) ;
#475 = DIRECTION ( 'NONE',  ( 0.000000000000000000, -1.000000000000000000, 0.000000000000000000 ) ) ;
#476 = VERTEX_POINT ( 'NONE', #1088 ) ;
#477 = CARTESIAN_POINT ( 'NONE',  ( 49.99999999999999289, -13.00000000000000000, -1.224646799147352862E-15 ) ) ;
#478 = ORIENTED_EDGE ( 'NONE', *, *, #1049, .T. ) ;
#479 = ADVANCED_FACE ( 'NONE', ( #714 ), #614, .F. ) ;
#480 = DIRECTION ( 'NONE',  ( 0.000000000000000000, 0.000000000000000000, -1.000000000000000000 ) ) ;
#481 = ORIENTED_EDGE ( 'NONE', *, *, #186, .F. ) ;
#482 = CARTESIAN_POINT ( 'NONE',  ( 0.000000000000000000, -13.00000000000000000, -50.99999999999999289 ) ) ;
#483 = VERTEX_POINT ( 'NONE', #508 ) ;
#484 = AXIS2_PLACEMENT_3D ( 'NONE', #12, #922, #234 ) ;
#485 = DIRECTION ( 'NONE',  ( 0.000000000000000000, -0.000000000000000000, 1.000000000000000000 ) ) ;
#486 = ORIENTED_EDGE ( 'NONE', *, *, #577, .F. ) ;
#487 = FACE_OUTER_BOUND ( 'NONE', #5, .T. ) ;
#488 = DIRECTION ( 'NONE',  ( -0.000000000000000000, -1.000000000000000000, -0.000000000000000000 ) ) ;
#489 = CARTESIAN_POINT ( 'NONE',  ( 1.224646799147353848E-15, 0.000000000000000000, -10.00000000000000000 ) ) ;
#490 = DIRECTION ( 'NONE',  ( -0.000000000000000000, 1.000000000000000000, -0.000000000000000000 ) ) ;
#491 = ORIENTED_EDGE ( 'NONE', *, *, #1137, .F. ) ;
#492 = VECTOR ( 'NONE', #207, 1000.000000000000000 ) ;
#493 = CARTESIAN_POINT ( 'NONE',  ( 5.000000000000000000, -13.00000000000000000, -58.84999999999999432 ) ) ;
#494 = PRODUCT_DEFINITION ( 'æœ', '', #189, #259 ) ;
#495 = CARTESIAN_POINT ( 'NONE',  ( 14.99999999999999645, 5.000000000000000000, -60.14999999999999858 ) ) ;
#496 = DIRECTION ( 'NONE',  ( 0.000000000000000000, -1.000000000000000000, 0.000000000000000000 ) ) ;
#497 = ORIENTED_EDGE ( 'NONE', *, *, #688, .F. ) ;
#498 = LINE ( 'NONE', #957, #1241 ) ;
#499 = ORIENTED_EDGE ( 'NONE', *, *, #1137, .T. ) ;
#500 = CARTESIAN_POINT ( 'NONE',  ( 60.00000000000000000, 0.000000000000000000, 0.000000000000000000 ) ) ;
#501 = DIRECTION ( 'NONE',  ( 0.000000000000000000, 0.000000000000000000, 1.000000000000000000 ) ) ;
#502 = DIRECTION ( 'NONE',  ( 0.000000000000000000, -1.000000000000000000, 0.000000000000000000 ) ) ;
#503 = VERTEX_POINT ( 'NONE', #254 ) ;
#504 = EDGE_CURVE ( 'NONE', #270, #353, #26, .T. ) ;
#505 = VECTOR ( 'NONE', #890, 1000.000000000000000 ) ;
#506 = DIRECTION ( 'NONE',  ( -0.000000000000000000, 1.000000000000000000, -0.000000000000000000 ) ) ;
#507 = EDGE_LOOP ( 'NONE', ( #709, #1453, #561, #1462 ) ) ;
#508 = CARTESIAN_POINT ( 'NONE',  ( 45.00000000000000000, 5.000000000000000000, -0.8499999999999757749 ) ) ;
#509 = DIRECTION ( 'NONE',  ( 0.000000000000000000, 0.000000000000000000, 1.000000000000000000 ) ) ;
#510 = LINE ( 'NONE', #977, #831 ) ;
#511 = VERTEX_POINT ( 'NONE', #1195 ) ;
#512 = AXIS2_PLACEMENT_3D ( 'NONE', #1157, #907, #554 ) ;
#513 = ORIENTED_EDGE ( 'NONE', *, *, #1212, .T. ) ;
#514 = ADVANCED_FACE ( 'NONE', ( #487 ), #975, .F. ) ;
#515 = DIRECTION ( 'NONE',  ( -0.000000000000000000, 1.000000000000000000, -0.000000000000000000 ) ) ;
#516 = ORIENTED_EDGE ( 'NONE', *, *, #1006, .F. ) ;
#517 = DIRECTION ( 'NONE',  ( -0.000000000000000000, -1.000000000000000000, -0.000000000000000000 ) ) ;
#518 = VECTOR ( 'NONE', #1349, 1000.000000000000000 ) ;
#519 =( NAMED_UNIT ( * ) SI_UNIT ( $, .STERADIAN. ) SOLID_ANGLE_UNIT ( ) );
#520 = LINE ( 'NONE', #69, #343 ) ;
#521 = ORIENTED_EDGE ( 'NONE', *, *, #352, .T. ) ;
#522 = VECTOR ( 'NONE', #912, 1000.000000000000000 ) ;
#523 = EDGE_CURVE ( 'NONE', #306, #270, #832, .T. ) ;
#524 = DIRECTION ( 'NONE',  ( 0.000000000000000000, 0.000000000000000000, -1.000000000000000000 ) ) ;
#525 = ORIENTED_EDGE ( 'NONE', *, *, #231, .T. ) ;
#526 = CARTESIAN_POINT ( 'NONE',  ( 14.99999999999999645, 0.000000000000000000, -60.14999999999999858 ) ) ;
#527 = ADVANCED_FACE ( 'NONE', ( #629 ), #1300, .F. ) ;
#528 = DIRECTION ( 'NONE',  ( 0.000000000000000000, -0.000000000000000000, -1.000000000000000000 ) ) ;
#529 = DIRECTION ( 'NONE',  ( -0.000000000000000000, 1.000000000000000000, -0.000000000000000000 ) ) ;
#530 = ORIENTED_EDGE ( 'NONE', *, *, #908, .T. ) ;
#531 = ORIENTED_EDGE ( 'NONE', *, *, #370, .T. ) ;
#532 = DIRECTION ( 'NONE',  ( 0.000000000000000000, 0.000000000000000000, -1.000000000000000000 ) ) ;
#533 = ORIENTED_EDGE ( 'NONE', *, *, #149, .T. ) ;
#534 = AXIS2_PLACEMENT_3D ( 'NONE', #991, #431, #1455 ) ;
#535 = PLANE ( 'NONE',  #462 ) ;
#536 = VECTOR ( 'NONE', #383, 1000.000000000000000 ) ;
#537 = DIRECTION ( 'NONE',  ( -0.000000000000000000, -1.000000000000000000, -0.000000000000000000 ) ) ;
#538 = DIRECTION ( 'NONE',  ( -1.000000000000000000, 0.000000000000000000, -1.224646799147352714E-16 ) ) ;
#539 = ORIENTED_EDGE ( 'NONE', *, *, #948, .F. ) ;
#540 = CYLINDRICAL_SURFACE ( 'NONE', #588, 2.849999999999998312 ) ;
#541 = EDGE_LOOP ( 'NONE', ( #790, #1058, #1024, #491 ) ) ;
#542 = DIRECTION ( 'NONE',  ( 0.000000000000000000, -0.000000000000000000, -1.000000000000000000 ) ) ;
#543 = CARTESIAN_POINT ( 'NONE',  ( 0.000000000000000000, 5.000000000000000000, 0.000000000000000000 ) ) ;
#544 = DIRECTION ( 'NONE',  ( 1.000000000000000000, -0.000000000000000000, -0.000000000000000000 ) ) ;
#545 = VECTOR ( 'NONE', #1494, 1000.000000000000000 ) ;
#546 = EDGE_CURVE ( 'NONE', #1085, #262, #824, .T. ) ;
#547 = CIRCLE ( 'NONE', #663, 1.650000000000012568 ) ;
#548 = EDGE_LOOP ( 'NONE', ( #1317, #987, #872, #1345 ) ) ;
#549 = CARTESIAN_POINT ( 'NONE',  ( 60.00000000000000000, 5.000000000000000000, 0.000000000000000000 ) ) ;
#550 = EDGE_LOOP ( 'NONE', ( #750, #1100 ) ) ;
#551 = DIRECTION ( 'NONE',  ( -1.000000000000000000, 0.000000000000000000, 0.000000000000000000 ) ) ;
#552 = FACE_BOUND ( 'NONE', #550, .T. ) ;
#553 = ORIENTED_EDGE ( 'NONE', *, *, #1151, .T. ) ;
#554 = DIRECTION ( 'NONE',  ( 0.000000000000000000, 0.000000000000000000, -1.000000000000000000 ) ) ;
#555 = ORIENTED_EDGE ( 'NONE', *, *, #815, .F. ) ;
#556 = CARTESIAN_POINT ( 'NONE',  ( 5.000000000000000000, -13.00000000000000000, -7.849999999999999645 ) ) ;
#557 = AXIS2_PLACEMENT_3D ( 'NONE', #1171, #1269, #817 ) ;
#558 = CIRCLE ( 'NONE', #387, 2.849999999999998312 ) ;
#559 = DIRECTION ( 'NONE',  ( 0.000000000000000000, -1.000000000000000000, 0.000000000000000000 ) ) ;
#560 = LINE ( 'NONE', #1032, #1439 ) ;
#561 = ORIENTED_EDGE ( 'NONE', *, *, #990, .T. ) ;
#562 = DIRECTION ( 'NONE',  ( -0.000000000000000000, -1.000000000000000000, -0.000000000000000000 ) ) ;
#563 = EDGE_CURVE ( 'NONE', #1240, #999, #1080, .T. ) ;
#564 = VECTOR ( 'NONE', #467, 1000.000000000000000 ) ;
#565 = CARTESIAN_POINT ( 'NONE',  ( 10.00000000000000000, -13.00000000000000000, -50.99999999999999289 ) ) ;
#566 = DIRECTION ( 'NONE',  ( 0.000000000000000000, 0.000000000000000000, 1.000000000000000000 ) ) ;
#567 = PLANE ( 'NONE',  #40 ) ;
#568 = EDGE_CURVE ( 'NONE', #1110, #866, #1072, .T. ) ;
#569 = VERTEX_POINT ( 'NONE', #397 ) ;
#570 = AXIS2_PLACEMENT_3D ( 'NONE', #1196, #158, #752 ) ;
#571 = DIRECTION ( 'NONE',  ( 0.000000000000000000, 0.000000000000000000, 1.000000000000000000 ) ) ;
#572 = EDGE_CURVE ( 'NONE', #59, #389, #952, .T. ) ;
#573 = CARTESIAN_POINT ( 'NONE',  ( 5.000000000000000000, 4.999999999999999112, -3.249999999999988898 ) ) ;
#574 = CIRCLE ( 'NONE', #788, 2.849999999999998312 ) ;
#575 = ORIENTED_EDGE ( 'NONE', *, *, #1289, .T. ) ;
#576 = CARTESIAN_POINT ( 'NONE',  ( 0.000000000000000000, 0.000000000000000000, 0.000000000000000000 ) ) ;
#577 = EDGE_CURVE ( 'NONE', #1037, #892, #723, .T. ) ;
#578 = FACE_OUTER_BOUND ( 'NONE', #328, .T. ) ;
#579 = CARTESIAN_POINT ( 'NONE',  ( 14.99999999999999645, 5.000000000000000000, -58.49999999999998579 ) ) ;
#580 = ADVANCED_FACE ( 'NONE', ( #1408 ), #287, .F. ) ;
#581 = CYLINDRICAL_SURFACE ( 'NONE', #1448, 1.750000000000015543 ) ;
#582 = VERTEX_POINT ( 'NONE', #850 ) ;
#583 = PLANE ( 'NONE',  #1368 ) ;
#584 = VECTOR ( 'NONE', #964, 1000.000000000000000 ) ;
#585 = ORIENTED_EDGE ( 'NONE', *, *, #1214, .T. ) ;
#586 = LINE ( 'NONE', #695, #698 ) ;
#587 = ORIENTED_EDGE ( 'NONE', *, *, #794, .T. ) ;
#588 = AXIS2_PLACEMENT_3D ( 'NONE', #755, #515, #1227 ) ;
#589 = DIRECTION ( 'NONE',  ( -0.000000000000000000, 1.000000000000000000, -0.000000000000000000 ) ) ;
#590 = ORIENTED_EDGE ( 'NONE', *, *, #887, .F. ) ;
#591 = CIRCLE ( 'NONE', #1155, 1.750000000000013767 ) ;
#592 = CARTESIAN_POINT ( 'NONE',  ( 14.99999999999999645, 0.000000000000000000, -0.8499999999999757749 ) ) ;
#593 = VERTEX_POINT ( 'NONE', #1319 ) ;
#594 = CARTESIAN_POINT ( 'NONE',  ( 55.00000000000000000, -13.00000000000000000, -55.99999999999998579 ) ) ;
#595 = ORIENTED_EDGE ( 'NONE', *, *, #32, .F. ) ;
#596 = DIRECTION ( 'NONE',  ( 1.000000000000000000, 0.000000000000000000, -0.000000000000000000 ) ) ;
#597 = ORIENTED_EDGE ( 'NONE', *, *, #231, .F. ) ;
#598 = CARTESIAN_POINT ( 'NONE',  ( 55.00000000000000000, 4.999999999999999112, -54.24999999999997868 ) ) ;
#599 = CARTESIAN_POINT ( 'NONE',  ( 55.00000000000000000, 4.999999999999999112, -55.99999999999998579 ) ) ;
#600 = LINE ( 'NONE', #1184, #1050 ) ;
#601 = AXIS2_PLACEMENT_3D ( 'NONE', #789, #691, #460 ) ;
#602 = ADVANCED_FACE ( 'NONE', ( #733 ), #1203, .F. ) ;
#603 = EDGE_CURVE ( 'NONE', #866, #1431, #718, .T. ) ;
#604 = CARTESIAN_POINT ( 'NONE',  ( 14.99999999999999645, 0.000000000000000000, -58.49999999999998579 ) ) ;
#605 = EDGE_LOOP ( 'NONE', ( #585, #1243, #335, #1270, #486, #771, #94, #597 ) ) ;
#606 = DIRECTION ( 'NONE',  ( 1.000000000000000000, 0.000000000000000000, -0.000000000000000000 ) ) ;
#607 = VECTOR ( 'NONE', #1095, 1000.000000000000000 ) ;
#608 = AXIS2_PLACEMENT_3D ( 'NONE', #1145, #1035, #1297 ) ;
#609 = EDGE_CURVE ( 'NONE', #1493, #99, #1001, .T. ) ;
#610 = DIRECTION ( 'NONE',  ( -0.000000000000000000, -0.000000000000000000, -1.000000000000000000 ) ) ;
#611 = ORIENTED_EDGE ( 'NONE', *, *, #1428, .F. ) ;
#612 = CYLINDRICAL_SURFACE ( 'NONE', #846, 1.650000000000012568 ) ;
#613 = VERTEX_POINT ( 'NONE', #1106 ) ;
#614 = CYLINDRICAL_SURFACE ( 'NONE', #1187, 1.750000000000011990 ) ;
#615 = DIRECTION ( 'NONE',  ( 0.000000000000000000, -1.000000000000000000, 0.000000000000000000 ) ) ;
#616 = DIRECTION ( 'NONE',  ( -0.000000000000000000, 1.000000000000000000, -0.000000000000000000 ) ) ;
#617 = EDGE_LOOP ( 'NONE', ( #101, #972 ) ) ;
#618 = FACE_OUTER_BOUND ( 'NONE', #458, .T. ) ;
#619 = ORIENTED_EDGE ( 'NONE', *, *, #914, .F. ) ;
#620 = CARTESIAN_POINT ( 'NONE',  ( 45.00000000000000000, 5.000000000000000000, -58.49999999999998579 ) ) ;
#621 = CARTESIAN_POINT ( 'NONE',  ( 10.00000000000000178, 0.000000000000000000, 0.000000000000000000 ) ) ;
#622 = LINE ( 'NONE', #845, #970 ) ;
#623 = ADVANCED_FACE ( 'NONE', ( #1470 ), #535, .F. ) ;
#624 = ORIENTED_EDGE ( 'NONE', *, *, #740, .T. ) ;
#625 = AXIS2_PLACEMENT_3D ( 'NONE', #156, #374, #1424 ) ;
#626 = CIRCLE ( 'NONE', #318, 1.650000000000012568 ) ;
#627 = LINE ( 'NONE', #421, #464 ) ;
#628 = ORIENTED_EDGE ( 'NONE', *, *, #891, .F. ) ;
#629 = FACE_OUTER_BOUND ( 'NONE', #881, .T. ) ;
#630 = CARTESIAN_POINT ( 'NONE',  ( 10.00000000000000000, -13.00000000000000000, -50.99999999999999289 ) ) ;
#631 = CARTESIAN_POINT ( 'NONE',  ( 60.00000000000000000, -13.00000000000000000, 0.000000000000000000 ) ) ;
#632 = ADVANCED_FACE ( 'NONE', ( #1130 ), #1115, .F. ) ;
#633 = VERTEX_POINT ( 'NONE', #424 ) ;
#634 = DIRECTION ( 'NONE',  ( -1.000000000000000000, 0.000000000000000000, 0.000000000000000000 ) ) ;
#635 = ADVANCED_FACE ( 'NONE', ( #884, #1220 ), #1015, .T. ) ;
#636 = VERTEX_POINT ( 'NONE', #526 ) ;
#637 = CARTESIAN_POINT ( 'NONE',  ( 5.000000000000000000, -13.00000000000000000, -54.24999999999997868 ) ) ;
#638 = PRESENTATION_LAYER_ASSIGNMENT (  '', '', ( #14 ) ) ;
#639 = CARTESIAN_POINT ( 'NONE',  ( 49.99999999999999289, -13.00000000000000000, -1.224646799147352862E-15 ) ) ;
#640 = DIRECTION ( 'NONE',  ( 0.000000000000000000, 1.000000000000000000, 0.000000000000000000 ) ) ;
#641 = ORIENTED_EDGE ( 'NONE', *, *, #260, .T. ) ;
#642 = DIRECTION ( 'NONE',  ( 0.000000000000000000, 0.000000000000000000, -1.000000000000000000 ) ) ;
#643 = ORIENTED_EDGE ( 'NONE', *, *, #1228, .F. ) ;
#644 = DIRECTION ( 'NONE',  ( -0.000000000000000000, -1.000000000000000000, -0.000000000000000000 ) ) ;
#645 = DIRECTION ( 'NONE',  ( -0.000000000000000000, 1.000000000000000000, -0.000000000000000000 ) ) ;
#646 = DIRECTION ( 'NONE',  ( -0.000000000000000000, 1.000000000000000000, -0.000000000000000000 ) ) ;
#647 = EDGE_LOOP ( 'NONE', ( #883, #478, #624, #1281 ) ) ;
#648 = AXIS2_PLACEMENT_3D ( 'NONE', #163, #171, #983 ) ;
#649 = CARTESIAN_POINT ( 'NONE',  ( 60.00000000000000000, -13.00000000000000000, -50.99999999999999289 ) ) ;
#650 = VERTEX_POINT ( 'NONE', #1008 ) ;
#651 = AXIS2_PLACEMENT_3D ( 'NONE', #31, #490, #857 ) ;
#652 = EDGE_CURVE ( 'NONE', #1358, #64, #769, .T. ) ;
#653 = FACE_OUTER_BOUND ( 'NONE', #647, .T. ) ;
#654 = DIRECTION ( 'NONE',  ( 0.000000000000000000, 0.000000000000000000, 1.000000000000000000 ) ) ;
#655 = EDGE_LOOP ( 'NONE', ( #24, #628, #728, #803 ) ) ;
#656 = CIRCLE ( 'NONE', #10, 1.750000000000015543 ) ;
#657 = DIRECTION ( 'NONE',  ( 0.000000000000000000, 0.000000000000000000, 1.000000000000000000 ) ) ;
#658 = ORIENTED_EDGE ( 'NONE', *, *, #1303, .T. ) ;
#659 = LINE ( 'NONE', #901, #1042 ) ;
#660 = DIRECTION ( 'NONE',  ( 0.000000000000000000, 0.000000000000000000, -1.000000000000000000 ) ) ;
#661 = DIRECTION ( 'NONE',  ( -0.000000000000000000, 1.000000000000000000, -0.000000000000000000 ) ) ;
#662 = CIRCLE ( 'NONE', #1076, 1.650000000000012568 ) ;
#663 = AXIS2_PLACEMENT_3D ( 'NONE', #821, #1291, #139 ) ;
#664 = ADVANCED_FACE ( 'NONE', ( #1463, #653 ), #179, .T. ) ;
#665 = ORIENTED_EDGE ( 'NONE', *, *, #727, .F. ) ;
#666 = CYLINDRICAL_SURFACE ( 'NONE', #608, 1.650000000000012568 ) ;
#667 = VERTEX_POINT ( 'NONE', #316 ) ;
#668 = DIRECTION ( 'NONE',  ( 0.000000000000000000, 0.000000000000000000, 1.000000000000000000 ) ) ;
#669 = ORIENTED_EDGE ( 'NONE', *, *, #762, .F. ) ;
#670 = CARTESIAN_POINT ( 'NONE',  ( 60.00000000000000000, 0.000000000000000000, -50.99999999999999289 ) ) ;
#671 = EDGE_CURVE ( 'NONE', #858, #450, #873, .T. ) ;
#672 = ORIENTED_EDGE ( 'NONE', *, *, #186, .T. ) ;
#673 = DIRECTION ( 'NONE',  ( 0.000000000000000000, 0.000000000000000000, -1.000000000000000000 ) ) ;
#674 = DIRECTION ( 'NONE',  ( -0.000000000000000000, -1.000000000000000000, -0.000000000000000000 ) ) ;
#675 = AXIS2_PLACEMENT_3D ( 'NONE', #131, #475, #935 ) ;
#676 = VERTEX_POINT ( 'NONE', #1253 ) ;
#677 = FACE_OUTER_BOUND ( 'NONE', #1194, .T. ) ;
#678 = CARTESIAN_POINT ( 'NONE',  ( 10.00000000000000000, 0.000000000000000000, -60.99999999999999289 ) ) ;
#679 = ORIENTED_EDGE ( 'NONE', *, *, #296, .F. ) ;
#680 = ADVANCED_FACE ( 'NONE', ( #773 ), #311, .F. ) ;
#681 = LINE ( 'NONE', #1150, #299 ) ;
#682 = AXIS2_PLACEMENT_3D ( 'NONE', #579, #1411, #1021 ) ;
#683 = CARTESIAN_POINT ( 'NONE',  ( 54.99999999999999289, -13.00000000000000000, -5.000000000000000888 ) ) ;
#684 = EDGE_CURVE ( 'NONE', #348, #650, #414, .T. ) ;
#685 = CIRCLE ( 'NONE', #1010, 1.750000000000015543 ) ;
#686 = VERTEX_POINT ( 'NONE', #205 ) ;
#687 = CARTESIAN_POINT ( 'NONE',  ( 5.000000000000000000, -13.00000000000000000, -3.249999999999987566 ) ) ;
#688 = EDGE_CURVE ( 'NONE', #213, #99, #659, .T. ) ;
#689 = DIRECTION ( 'NONE',  ( -0.000000000000000000, 1.000000000000000000, -0.000000000000000000 ) ) ;
#690 = DIRECTION ( 'NONE',  ( 0.000000000000000000, 0.000000000000000000, -1.000000000000000000 ) ) ;
#691 = DIRECTION ( 'NONE',  ( 0.000000000000000000, -1.000000000000000000, 0.000000000000000000 ) ) ;
#692 = ORIENTED_EDGE ( 'NONE', *, *, #546, .T. ) ;
#693 = FACE_BOUND ( 'NONE', #309, .T. ) ;
#694 = DIRECTION ( 'NONE',  ( 0.000000000000000000, 0.000000000000000000, -1.000000000000000000 ) ) ;
#695 = CARTESIAN_POINT ( 'NONE',  ( 55.00000000000000000, -13.00000000000000000, -54.24999999999997868 ) ) ;
#696 = ORIENTED_EDGE ( 'NONE', *, *, #671, .T. ) ;
#697 = EDGE_CURVE ( 'NONE', #1110, #1314, #224, .T. ) ;
#698 = VECTOR ( 'NONE', #1261, 1000.000000000000000 ) ;
#699 = CARTESIAN_POINT ( 'NONE',  ( 45.00000000000000000, 5.000000000000000000, -4.150000000000001243 ) ) ;
#700 = VERTEX_POINT ( 'NONE', #214 ) ;
#701 = CARTESIAN_POINT ( 'NONE',  ( 10.00000000000000000, -13.00000000000000000, -60.99999999999999289 ) ) ;
#702 = ORIENTED_EDGE ( 'NONE', *, *, #435, .F. ) ;
#703 = DIRECTION ( 'NONE',  ( -1.000000000000000000, -0.000000000000000000, -0.000000000000000000 ) ) ;
#704 = ORIENTED_EDGE ( 'NONE', *, *, #791, .T. ) ;
#705 = VECTOR ( 'NONE', #133, 1000.000000000000000 ) ;
#706 = CARTESIAN_POINT ( 'NONE',  ( 49.99999999999999289, 0.000000000000000000, -1.224646799147352862E-15 ) ) ;
#707 = VERTEX_POINT ( 'NONE', #556 ) ;
#708 = CARTESIAN_POINT ( 'NONE',  ( 60.00000000000000000, 0.000000000000000000, -50.99999999999999289 ) ) ;
#709 = ORIENTED_EDGE ( 'NONE', *, *, #722, .F. ) ;
#710 = LINE ( 'NONE', #344, #851 ) ;
#711 = EDGE_CURVE ( 'NONE', #613, #1183, #869, .T. ) ;
#712 = CARTESIAN_POINT ( 'NONE',  ( 45.00000000000000000, 0.000000000000000000, -58.49999999999998579 ) ) ;
#713 = ORIENTED_EDGE ( 'NONE', *, *, #1107, .T. ) ;
#714 = FACE_OUTER_BOUND ( 'NONE', #1111, .T. ) ;
#715 = VECTOR ( 'NONE', #1188, 1000.000000000000000 ) ;
#716 = SURFACE_SIDE_STYLE ('',( #407 ) ) ;
#717 = FACE_BOUND ( 'NONE', #1114, .T. ) ;
#718 = CIRCLE ( 'NONE', #413, 2.849999999999995648 ) ;
#719 = ORIENTED_EDGE ( 'NONE', *, *, #1000, .F. ) ;
#720 = LINE ( 'NONE', #1193, #1400 ) ;
#721 = ORIENTED_EDGE ( 'NONE', *, *, #415, .T. ) ;
#722 = EDGE_CURVE ( 'NONE', #409, #1045, #751, .T. ) ;
#723 = LINE ( 'NONE', #1330, #1357 ) ;
#724 = VECTOR ( 'NONE', #176, 1000.000000000000000 ) ;
#725 = CARTESIAN_POINT ( 'NONE',  ( 55.00000000000000000, -16.50000000000000000, -55.99999999999998579 ) ) ;
#726 = DIRECTION ( 'NONE',  ( 0.000000000000000000, -0.000000000000000000, 1.000000000000000000 ) ) ;
#727 = EDGE_CURVE ( 'NONE', #443, #1362, #586, .T. ) ;
#728 = ORIENTED_EDGE ( 'NONE', *, *, #1049, .F. ) ;
#729 = AXIS2_PLACEMENT_3D ( 'NONE', #1059, #807, #938 ) ;
#730 = FACE_BOUND ( 'NONE', #1052, .T. ) ;
#731 = ORIENTED_EDGE ( 'NONE', *, *, #85, .F. ) ;
#732 = ADVANCED_FACE ( 'NONE', ( #1152 ), #118, .F. ) ;
#733 = FACE_OUTER_BOUND ( 'NONE', #1370, .T. ) ;
#734 = DIRECTION ( 'NONE',  ( 0.000000000000000000, 0.000000000000000000, -1.000000000000000000 ) ) ;
#735 = DIRECTION ( 'NONE',  ( -0.000000000000000000, 1.000000000000000000, -0.000000000000000000 ) ) ;
#736 = EDGE_LOOP ( 'NONE', ( #776, #974 ) ) ;
#737 = VERTEX_POINT ( 'NONE', #798 ) ;
#738 = DIRECTION ( 'NONE',  ( -0.000000000000000000, -1.000000000000000000, -0.000000000000000000 ) ) ;
#739 = EDGE_LOOP ( 'NONE', ( #284, #1481 ) ) ;
#740 = EDGE_CURVE ( 'NONE', #162, #1397, #811, .T. ) ;
#741 = DIRECTION ( 'NONE',  ( -0.000000000000000000, -1.000000000000000000, -0.000000000000000000 ) ) ;
#742 = EDGE_CURVE ( 'NONE', #1199, #1217, #1089, .T. ) ;
#743 =( NAMED_UNIT ( * ) PLANE_ANGLE_UNIT ( ) SI_UNIT ( $, .RADIAN. ) );
#744 = DIRECTION ( 'NONE',  ( 0.000000000000000000, 0.000000000000000000, -1.000000000000000000 ) ) ;
#745 = ORIENTED_EDGE ( 'NONE', *, *, #572, .T. ) ;
#746 = ORIENTED_EDGE ( 'NONE', *, *, #523, .F. ) ;
#747 = AXIS2_PLACEMENT_3D ( 'NONE', #453, #357, #917 ) ;
#748 = APPLICATION_CONTEXT ( 'automotive_design' ) ;
#749 = CYLINDRICAL_SURFACE ( 'NONE', #900, 1.650000000000012568 ) ;
#750 = ORIENTED_EDGE ( 'NONE', *, *, #1379, .F. ) ;
#751 = LINE ( 'NONE', #637, #1239 ) ;
#752 = DIRECTION ( 'NONE',  ( 0.000000000000000000, 0.000000000000000000, -1.000000000000000000 ) ) ;
#753 = CARTESIAN_POINT ( 'NONE',  ( 10.00000000000000355, -13.00000000000000000, -10.00000000000000000 ) ) ;
#754 = ORIENTED_EDGE ( 'NONE', *, *, #11, .T. ) ;
#755 = CARTESIAN_POINT ( 'NONE',  ( 5.000000000000000000, -16.50000000000000000, -55.99999999999999289 ) ) ;
#756 = ORIENTED_EDGE ( 'NONE', *, *, #609, .F. ) ;
#757 = DIRECTION ( 'NONE',  ( 0.000000000000000000, -1.000000000000000000, 0.000000000000000000 ) ) ;
#758 = AXIS2_PLACEMENT_3D ( 'NONE', #1464, #1256, #432 ) ;
#759 = CARTESIAN_POINT ( 'NONE',  ( 54.99999999999999289, -13.00000000000000000, -5.000000000000000888 ) ) ;
#760 = DIRECTION ( 'NONE',  ( 1.000000000000000000, 0.000000000000000000, -0.000000000000000000 ) ) ;
#761 = ORIENTED_EDGE ( 'NONE', *, *, #32, .T. ) ;
#762 = EDGE_CURVE ( 'NONE', #1431, #866, #1020, .T. ) ;
#763 = DIRECTION ( 'NONE',  ( 1.000000000000000000, -0.000000000000000000, -0.000000000000000000 ) ) ;
#764 = ORIENTED_EDGE ( 'NONE', *, *, #926, .F. ) ;
#765 = CARTESIAN_POINT ( 'NONE',  ( 10.00000000000000000, -13.00000000000000000, -60.99999999999999289 ) ) ;
#766 = LINE ( 'NONE', #639, #913 ) ;
#767 =( LENGTH_UNIT ( ) NAMED_UNIT ( * ) SI_UNIT ( .MILLI., .METRE. ) );
#768 = ORIENTED_EDGE ( 'NONE', *, *, #1420, .T. ) ;
#769 = CIRCLE ( 'NONE', #1164, 1.650000000000012568 ) ;
#770 = DIRECTION ( 'NONE',  ( -0.000000000000000000, 1.000000000000000000, -0.000000000000000000 ) ) ;
#771 = ORIENTED_EDGE ( 'NONE', *, *, #1458, .F. ) ;
#772 = VECTOR ( 'NONE', #65, 1000.000000000000000 ) ;
#773 = FACE_OUTER_BOUND ( 'NONE', #924, .T. ) ;
#774 = EDGE_CURVE ( 'NONE', #1366, #84, #805, .T. ) ;
#775 = CARTESIAN_POINT ( 'NONE',  ( 60.00000000000000000, -13.00000000000000000, 0.000000000000000000 ) ) ;
#776 = ORIENTED_EDGE ( 'NONE', *, *, #1056, .T. ) ;
#777 = DIRECTION ( 'NONE',  ( 0.000000000000000000, -1.000000000000000000, 0.000000000000000000 ) ) ;
#778 = ORIENTED_EDGE ( 'NONE', *, *, #22, .T. ) ;
#779 = DIRECTION ( 'NONE',  ( 0.000000000000000000, 0.000000000000000000, -1.000000000000000000 ) ) ;
#780 = EDGE_LOOP ( 'NONE', ( #454, #160, #1393, #346 ) ) ;
#781 = EDGE_CURVE ( 'NONE', #700, #286, #1398, .T. ) ;
#782 = DIRECTION ( 'NONE',  ( -0.000000000000000000, 1.000000000000000000, -0.000000000000000000 ) ) ;
#783 = LINE ( 'NONE', #1479, #986 ) ;
#784 =( GEOMETRIC_REPRESENTATION_CONTEXT ( 3 ) GLOBAL_UNCERTAINTY_ASSIGNED_CONTEXT ( ( #1405 ) ) GLOBAL_UNIT_ASSIGNED_CONTEXT ( ( #976, #743, #519 ) ) REPRESENTATION_CONTEXT ( 'NONE', 'WORKASPACE' ) );
#785 = CIRCLE ( 'NONE', #1105, 2.849999999999998312 ) ;
#786 = VERTEX_POINT ( 'NONE', #573 ) ;
#787 = CYLINDRICAL_SURFACE ( 'NONE', #906, 2.849999999999999201 ) ;
#788 = AXIS2_PLACEMENT_3D ( 'NONE', #327, #114, #1142 ) ;
#789 = CARTESIAN_POINT ( 'NONE',  ( 0.000000000000000000, 0.000000000000000000, 0.000000000000000000 ) ) ;
#790 = ORIENTED_EDGE ( 'NONE', *, *, #216, .F. ) ;
#791 = EDGE_CURVE ( 'NONE', #59, #686, #345, .T. ) ;
#792 = CARTESIAN_POINT ( 'NONE',  ( 0.000000000000000000, -13.00000000000000000, 0.000000000000000000 ) ) ;
#793 = LINE ( 'NONE', #320, #865 ) ;
#794 = EDGE_CURVE ( 'NONE', #636, #107, #910, .T. ) ;
#795 = ORIENTED_EDGE ( 'NONE', *, *, #523, .T. ) ;
#796 = ADVANCED_FACE ( 'NONE', ( #1285, #1492, #332, #1369, #1146 ), #1376, .T. ) ;
#797 = CARTESIAN_POINT ( 'NONE',  ( 14.99999999999999645, 5.000000000000000000, -4.150000000000001243 ) ) ;
#798 = CARTESIAN_POINT ( 'NONE',  ( 54.99999999999999289, 4.999999999999999112, -6.750000000000009770 ) ) ;
#799 = VECTOR ( 'NONE', #351, 1000.000000000000000 ) ;
#800 = VERTEX_POINT ( 'NONE', #110 ) ;
#801 = DIRECTION ( 'NONE',  ( -0.000000000000000000, 1.000000000000000000, -0.000000000000000000 ) ) ;
#802 = APPLICATION_PROTOCOL_DEFINITION ( 'draft international standard', 'automotive_design', 1998, #748 ) ;
#803 = ORIENTED_EDGE ( 'NONE', *, *, #833, .T. ) ;
#804 = CARTESIAN_POINT ( 'NONE',  ( 14.99999999999999645, 5.000000000000000000, -0.8499999999999757749 ) ) ;
#805 = LINE ( 'NONE', #1476, #361 ) ;
#806 = ORIENTED_EDGE ( 'NONE', *, *, #256, .F. ) ;
#807 = DIRECTION ( 'NONE',  ( -0.000000000000000000, 1.000000000000000000, -0.000000000000000000 ) ) ;
#808 = ORIENTED_EDGE ( 'NONE', *, *, #940, .F. ) ;
#809 = AXIS2_PLACEMENT_3D ( 'NONE', #1053, #589, #566 ) ;
#810 = ADVANCED_FACE ( 'NONE', ( #124 ), #1030, .T. ) ;
#811 = LINE ( 'NONE', #1485, #1066 ) ;
#812 = CIRCLE ( 'NONE', #1259, 2.849999999999999201 ) ;
#813 = ORIENTED_EDGE ( 'NONE', *, *, #1441, .F. ) ;
#814 = DIRECTION ( 'NONE',  ( 0.000000000000000000, 0.000000000000000000, -1.000000000000000000 ) ) ;
#815 = EDGE_CURVE ( 'NONE', #1183, #59, #246, .T. ) ;
#816 = LINE ( 'NONE', #1283, #211 ) ;
#817 = DIRECTION ( 'NONE',  ( 0.000000000000000000, 0.000000000000000000, -1.000000000000000000 ) ) ;
#818 = EDGE_LOOP ( 'NONE', ( #1186, #813, #1434, #1451 ) ) ;
#819 = DIRECTION ( 'NONE',  ( -0.000000000000000000, -0.000000000000000000, 1.000000000000000000 ) ) ;
#820 = AXIS2_PLACEMENT_3D ( 'NONE', #1201, #1293, #1185 ) ;
#821 = CARTESIAN_POINT ( 'NONE',  ( 45.00000000000000000, 5.000000000000000000, -2.499999999999988454 ) ) ;
#822 = FACE_OUTER_BOUND ( 'NONE', #548, .T. ) ;
#823 = EDGE_LOOP ( 'NONE', ( #1064, #1258, #499, #1407 ) ) ;
#824 = LINE ( 'NONE', #44, #1211 ) ;
#825 = ADVANCED_FACE ( 'NONE', ( #1384 ), #581, .F. ) ;
#826 = FACE_BOUND ( 'NONE', #830, .T. ) ;
#827 = CARTESIAN_POINT ( 'NONE',  ( 54.99999999999999289, -16.50000000000000000, -5.000000000000000888 ) ) ;
#828 = CIRCLE ( 'NONE', #1102, 1.750000000000011102 ) ;
#829 = LINE ( 'NONE', #251, #362 ) ;
#830 = EDGE_LOOP ( 'NONE', ( #595, #1005 ) ) ;
#831 = VECTOR ( 'NONE', #1433, 1000.000000000000000 ) ;
#832 = LINE ( 'NONE', #500, #78 ) ;
#833 = EDGE_CURVE ( 'NONE', #800, #270, #929, .T. ) ;
#834 = ADVANCED_FACE ( 'NONE', ( #1280, #239 ), #1165, .T. ) ;
#835 = CARTESIAN_POINT ( 'NONE',  ( 54.99999999999999289, 4.999999999999999112, -5.000000000000000888 ) ) ;
#836 = PLANE ( 'NONE',  #25 ) ;
#837 = ORIENTED_EDGE ( 'NONE', *, *, #365, .F. ) ;
#838 = ADVANCED_FACE ( 'NONE', ( #730, #1063 ), #141, .F. ) ;
#839 = CARTESIAN_POINT ( 'NONE',  ( 55.00000000000000000, -16.50000000000000000, -58.84999999999998721 ) ) ;
#840 = EDGE_LOOP ( 'NONE', ( #358, #209 ) ) ;
#841 = DIRECTION ( 'NONE',  ( 0.000000000000000000, 0.000000000000000000, 1.000000000000000000 ) ) ;
#842 = ADVANCED_FACE ( 'NONE', ( #822 ), #1179, .F. ) ;
#843 = AXIS2_PLACEMENT_3D ( 'NONE', #765, #551, #95 ) ;
#844 = DIRECTION ( 'NONE',  ( 0.000000000000000000, -1.000000000000000000, 0.000000000000000000 ) ) ;
#845 = CARTESIAN_POINT ( 'NONE',  ( 54.99999999999999289, -16.50000000000000000, -2.150000000000005240 ) ) ;
#846 = AXIS2_PLACEMENT_3D ( 'NONE', #18, #388, #848 ) ;
#847 = ORIENTED_EDGE ( 'NONE', *, *, #1409, .T. ) ;
#848 = DIRECTION ( 'NONE',  ( 0.000000000000000000, 0.000000000000000000, 1.000000000000000000 ) ) ;
#849 = VERTEX_POINT ( 'NONE', #1406 ) ;
#850 = CARTESIAN_POINT ( 'NONE',  ( 5.000000000000000000, -16.50000000000000000, -2.150000000000000799 ) ) ;
#851 = VECTOR ( 'NONE', #3, 1000.000000000000000 ) ;
#852 = DIRECTION ( 'NONE',  ( 0.000000000000000000, 0.000000000000000000, -1.000000000000000000 ) ) ;
#853 = CARTESIAN_POINT ( 'NONE',  ( 45.00000000000000000, 0.000000000000000000, -0.8499999999999757749 ) ) ;
#854 = ORIENTED_EDGE ( 'NONE', *, *, #794, .F. ) ;
#855 = AXIS2_PLACEMENT_3D ( 'NONE', #1246, #1141, #944 ) ;
#856 = EDGE_CURVE ( 'NONE', #1366, #443, #1215, .T. ) ;
#857 = DIRECTION ( 'NONE',  ( 0.000000000000000000, 0.000000000000000000, 1.000000000000000000 ) ) ;
#858 = VERTEX_POINT ( 'NONE', #161 ) ;
#859 = VECTOR ( 'NONE', #360, 1000.000000000000000 ) ;
#860 = DIRECTION ( 'NONE',  ( 0.000000000000000000, 0.000000000000000000, -1.000000000000000000 ) ) ;
#861 = CARTESIAN_POINT ( 'NONE',  ( 5.000000000000000000, -16.50000000000000000, -55.99999999999999289 ) ) ;
#862 = EDGE_CURVE ( 'NONE', #286, #700, #558, .T. ) ;
#863 = DIRECTION ( 'NONE',  ( 0.000000000000000000, -0.000000000000000000, -1.000000000000000000 ) ) ;
#864 = ORIENTED_EDGE ( 'NONE', *, *, #1441, .T. ) ;
#865 = VECTOR ( 'NONE', #192, 1000.000000000000000 ) ;
#866 = VERTEX_POINT ( 'NONE', #276 ) ;
#867 = CARTESIAN_POINT ( 'NONE',  ( 10.00000000000000000, 0.000000000000000000, -60.99999999999999289 ) ) ;
#868 = EDGE_LOOP ( 'NONE', ( #125, #525, #553, #530 ) ) ;
#869 = LINE ( 'NONE', #1336, #1308 ) ;
#870 = DIRECTION ( 'NONE',  ( 0.000000000000000000, -1.000000000000000000, 0.000000000000000000 ) ) ;
#871 = DIRECTION ( 'NONE',  ( 0.000000000000000000, 0.000000000000000000, -1.000000000000000000 ) ) ;
#872 = ORIENTED_EDGE ( 'NONE', *, *, #740, .F. ) ;
#873 = CIRCLE ( 'NONE', #1117, 2.849999999999998312 ) ;
#874 = CARTESIAN_POINT ( 'NONE',  ( 1.224646799147353848E-15, -13.00000000000000000, -10.00000000000000000 ) ) ;
#875 = ORIENTED_EDGE ( 'NONE', *, *, #1409, .F. ) ;
#876 = DIRECTION ( 'NONE',  ( 0.000000000000000000, 0.000000000000000000, 1.000000000000000000 ) ) ;
#877 = DIRECTION ( 'NONE',  ( 0.000000000000000000, 0.000000000000000000, 1.000000000000000000 ) ) ;
#878 = CARTESIAN_POINT ( 'NONE',  ( 10.00000000000000000, -13.00000000000000000, 0.000000000000000000 ) ) ;
#879 = EDGE_CURVE ( 'NONE', #389, #1307, #498, .T. ) ;
#880 = ORIENTED_EDGE ( 'NONE', *, *, #242, .T. ) ;
#881 = EDGE_LOOP ( 'NONE', ( #120, #1422, #420, #721, #134, #66, #1225, #1266 ) ) ;
#882 = LINE ( 'NONE', #1346, #30 ) ;
#883 = ORIENTED_EDGE ( 'NONE', *, *, #1000, .T. ) ;
#884 = FACE_BOUND ( 'NONE', #1153, .T. ) ;
#885 = VECTOR ( 'NONE', #416, 1000.000000000000000 ) ;
#886 = LINE ( 'NONE', #302, #518 ) ;
#887 = EDGE_CURVE ( 'NONE', #297, #313, #23, .T. ) ;
#888 = ORIENTED_EDGE ( 'NONE', *, *, #1363, .T. ) ;
#889 = AXIS2_PLACEMENT_3D ( 'NONE', #1017, #661, #1026 ) ;
#890 = DIRECTION ( 'NONE',  ( 0.000000000000000000, 0.000000000000000000, 1.000000000000000000 ) ) ;
#891 = EDGE_CURVE ( 'NONE', #162, #353, #829, .T. ) ;
#892 = VERTEX_POINT ( 'NONE', #706 ) ;
#893 = DIRECTION ( 'NONE',  ( 0.000000000000000000, -1.000000000000000000, 0.000000000000000000 ) ) ;
#894 = CARTESIAN_POINT ( 'NONE',  ( 55.00000000000000000, -16.50000000000000000, -55.99999999999998579 ) ) ;
#895 = CARTESIAN_POINT ( 'NONE',  ( 0.000000000000000000, -13.00000000000000000, 0.000000000000000000 ) ) ;
#896 = ORIENTED_EDGE ( 'NONE', *, *, #108, .F. ) ;
#897 = AXIS2_PLACEMENT_3D ( 'NONE', #620, #1343, #1237 ) ;
#898 = CARTESIAN_POINT ( 'NONE',  ( 14.99999999999999645, 5.000000000000000000, -2.499999999999988454 ) ) ;
#899 = ORIENTED_EDGE ( 'NONE', *, *, #111, .T. ) ;
#900 = AXIS2_PLACEMENT_3D ( 'NONE', #898, #770, #657 ) ;
#901 = CARTESIAN_POINT ( 'NONE',  ( 10.00000000000000000, 0.000000000000000000, 0.000000000000000000 ) ) ;
#902 = ADVANCED_BREP_SHAPE_REPRESENTATION ( '\X2\57fa7ad95e95677f\X0\', ( #119, #334 ), #377 ) ;
#903 = LINE ( 'NONE', #1364, #92 ) ;
#904 = DIRECTION ( 'NONE',  ( 0.000000000000000000, 0.000000000000000000, -1.000000000000000000 ) ) ;
#905 = ORIENTED_EDGE ( 'NONE', *, *, #256, .T. ) ;
#906 = AXIS2_PLACEMENT_3D ( 'NONE', #212, #369, #571 ) ;
#907 = DIRECTION ( 'NONE',  ( -0.000000000000000000, -1.000000000000000000, -0.000000000000000000 ) ) ;
#908 = EDGE_CURVE ( 'NONE', #348, #1262, #48, .T. ) ;
#909 = EDGE_CURVE ( 'NONE', #511, #636, #1119, .T. ) ;
#910 = LINE ( 'NONE', #1051, #943 ) ;
#911 = CYLINDRICAL_SURFACE ( 'NONE', #35, 1.650000000000012568 ) ;
#912 = DIRECTION ( 'NONE',  ( 1.224646799147353700E-16, 0.000000000000000000, -1.000000000000000000 ) ) ;
#913 = VECTOR ( 'NONE', #1132, 1000.000000000000000 ) ;
#914 = EDGE_CURVE ( 'NONE', #274, #1126, #626, .T. ) ;
#915 = ORIENTED_EDGE ( 'NONE', *, *, #260, .F. ) ;
#916 = CARTESIAN_POINT ( 'NONE',  ( 5.000000000000000000, -13.00000000000000000, -2.150000000000000799 ) ) ;
#917 = DIRECTION ( 'NONE',  ( 0.000000000000000000, 0.000000000000000000, -1.000000000000000000 ) ) ;
#918 = EDGE_LOOP ( 'NONE', ( #1294, #996 ) ) ;
#919 = DIRECTION ( 'NONE',  ( 0.000000000000000000, 0.000000000000000000, 1.000000000000000000 ) ) ;
#920 = ORIENTED_EDGE ( 'NONE', *, *, #1435, .F. ) ;
#921 = CARTESIAN_POINT ( 'NONE',  ( 0.000000000000000000, -13.00000000000000000, -50.99999999999999289 ) ) ;
#922 = DIRECTION ( 'NONE',  ( -0.000000000000000000, 1.000000000000000000, -0.000000000000000000 ) ) ;
#923 = CIRCLE ( 'NONE', #268, 1.750000000000013767 ) ;
#924 = EDGE_LOOP ( 'NONE', ( #235, #195, #555, #1075 ) ) ;
#925 = CARTESIAN_POINT ( 'NONE',  ( 49.99999999999999289, 0.000000000000000000, -50.99999999999999289 ) ) ;
#926 = EDGE_CURVE ( 'NONE', #1169, #999, #1474, .T. ) ;
#927 = FACE_BOUND ( 'NONE', #1350, .T. ) ;
#928 = PRODUCT_DEFINITION_SHAPE ( 'NONE', 'NONE',  #494 ) ;
#929 = LINE ( 'NONE', #1388, #799 ) ;
#930 = ORIENTED_EDGE ( 'NONE', *, *, #1061, .F. ) ;
#931 = CARTESIAN_POINT ( 'NONE',  ( 55.00000000000000000, -13.00000000000000000, -53.14999999999999147 ) ) ;
#932 = CIRCLE ( 'NONE', #758, 1.650000000000012568 ) ;
#933 = DIRECTION ( 'NONE',  ( 0.000000000000000000, -1.000000000000000000, 0.000000000000000000 ) ) ;
#934 = CIRCLE ( 'NONE', #280, 2.849999999999999201 ) ;
#935 = DIRECTION ( 'NONE',  ( 0.000000000000000000, -0.000000000000000000, -1.000000000000000000 ) ) ;
#936 = ADVANCED_FACE ( 'NONE', ( #618 ), #1070, .T. ) ;
#937 = ORIENTED_EDGE ( 'NONE', *, *, #370, .F. ) ;
#938 = DIRECTION ( 'NONE',  ( 0.000000000000000000, 0.000000000000000000, 1.000000000000000000 ) ) ;
#939 = ORIENTED_EDGE ( 'NONE', *, *, #603, .F. ) ;
#940 = EDGE_CURVE ( 'NONE', #1202, #13, #379, .T. ) ;
#941 = DIRECTION ( 'NONE',  ( 0.000000000000000000, -1.000000000000000000, 0.000000000000000000 ) ) ;
#942 = VERTEX_POINT ( 'NONE', #1306 ) ;
#943 = VECTOR ( 'NONE', #1274, 1000.000000000000000 ) ;
#944 = DIRECTION ( 'NONE',  ( 0.000000000000000000, 0.000000000000000000, 1.000000000000000000 ) ) ;
#945 = FACE_BOUND ( 'NONE', #1159, .T. ) ;
#946 = CARTESIAN_POINT ( 'NONE',  ( 45.00000000000000000, 5.000000000000000000, -56.84999999999997300 ) ) ;
#947 = CARTESIAN_POINT ( 'NONE',  ( 5.000000000000000000, -16.50000000000000000, -55.99999999999999289 ) ) ;
#948 = EDGE_CURVE ( 'NONE', #892, #569, #720, .T. ) ;
#949 = ORIENTED_EDGE ( 'NONE', *, *, #1436, .F. ) ;
#950 = ADVANCED_FACE ( 'NONE', ( #154 ), #612, .F. ) ;
#951 = VECTOR ( 'NONE', #232, 1000.000000000000000 ) ;
#952 = LINE ( 'NONE', #366, #997 ) ;
#953 = DIRECTION ( 'NONE',  ( -0.000000000000000000, -1.000000000000000000, -0.000000000000000000 ) ) ;
#954 = DIRECTION ( 'NONE',  ( 1.000000000000000000, 0.000000000000000000, 0.000000000000000000 ) ) ;
#955 = EDGE_CURVE ( 'NONE', #503, #1048, #923, .T. ) ;
#956 = COLOUR_RGB ( '',0.7921568627450980005, 0.8196078431372548767, 0.9333333333333333481 ) ;
#957 = CARTESIAN_POINT ( 'NONE',  ( 0.000000000000000000, -13.00000000000000000, -50.99999999999999289 ) ) ;
#958 = ORIENTED_EDGE ( 'NONE', *, *, #774, .T. ) ;
#959 = AXIS2_PLACEMENT_3D ( 'NONE', #265, #151, #1312 ) ;
#960 = CARTESIAN_POINT ( 'NONE',  ( 60.00000000000000000, -13.00000000000000000, -10.00000000000000178 ) ) ;
#961 = DIRECTION ( 'NONE',  ( -0.000000000000000000, -1.000000000000000000, -0.000000000000000000 ) ) ;
#962 = FACE_OUTER_BOUND ( 'NONE', #1121, .T. ) ;
#963 = VERTEX_POINT ( 'NONE', #592 ) ;
#964 = DIRECTION ( 'NONE',  ( -0.000000000000000000, 1.000000000000000000, -0.000000000000000000 ) ) ;
#965 = ORIENTED_EDGE ( 'NONE', *, *, #722, .T. ) ;
#966 = DIRECTION ( 'NONE',  ( -1.000000000000000000, -0.000000000000000000, -0.000000000000000000 ) ) ;
#967 = DIRECTION ( 'NONE',  ( 0.000000000000000000, 0.000000000000000000, -1.000000000000000000 ) ) ;
#968 = CARTESIAN_POINT ( 'NONE',  ( 0.000000000000000000, 0.000000000000000000, -50.99999999999999289 ) ) ;
#969 = AXIS2_PLACEMENT_3D ( 'NONE', #403, #634, #1352 ) ;
#970 = VECTOR ( 'NONE', #616, 1000.000000000000000 ) ;
#971 = PRODUCT_RELATED_PRODUCT_CATEGORY ( 'part', '', ( #1160 ) ) ;
#972 = ORIENTED_EDGE ( 'NONE', *, *, #1303, .F. ) ;
#973 = CARTESIAN_POINT ( 'NONE',  ( 5.000000000000000000, -16.50000000000000000, -5.000000000000000000 ) ) ;
#974 = ORIENTED_EDGE ( 'NONE', *, *, #697, .T. ) ;
#975 = PLANE ( 'NONE',  #50 ) ;
#976 =( LENGTH_UNIT ( ) NAMED_UNIT ( * ) SI_UNIT ( .MILLI., .METRE. ) );
#977 = CARTESIAN_POINT ( 'NONE',  ( 0.000000000000000000, 0.000000000000000000, 0.000000000000000000 ) ) ;
#978 = ORIENTED_EDGE ( 'NONE', *, *, #1134, .T. ) ;
#979 = EDGE_LOOP ( 'NONE', ( #754, #1034 ) ) ;
#980 = VECTOR ( 'NONE', #1290, 1000.000000000000000 ) ;
#981 = CARTESIAN_POINT ( 'NONE',  ( 54.99999999999999289, -16.50000000000000000, -3.249999999999985345 ) ) ;
#982 = ORIENTED_EDGE ( 'NONE', *, *, #111, .F. ) ;
#983 = DIRECTION ( 'NONE',  ( 0.000000000000000000, 0.000000000000000000, -1.000000000000000000 ) ) ;
#984 = CYLINDRICAL_SURFACE ( 'NONE', #330, 2.849999999999998312 ) ;
#985 = DIRECTION ( 'NONE',  ( -3.469446951953615175E-16, 0.000000000000000000, 1.000000000000000000 ) ) ;
#986 = VECTOR ( 'NONE', #544, 1000.000000000000000 ) ;
#987 = ORIENTED_EDGE ( 'NONE', *, *, #1289, .F. ) ;
#988 = LINE ( 'NONE', #874, #1309 ) ;
#989 = EDGE_LOOP ( 'NONE', ( #1342, #372, #395, #290, #57, #746, #920, #539, #1087, #497, #1094, #1018 ) ) ;
#990 = EDGE_CURVE ( 'NONE', #153, #1216, #1057, .T. ) ;
#991 = CARTESIAN_POINT ( 'NONE',  ( 5.000000000000000000, -13.00000000000000000, -5.000000000000000000 ) ) ;
#992 = DIRECTION ( 'NONE',  ( 0.000000000000000000, -1.000000000000000000, 0.000000000000000000 ) ) ;
#993 = LINE ( 'NONE', #631, #536 ) ;
#994 = ORIENTED_EDGE ( 'NONE', *, *, #90, .T. ) ;
#995 = ADVANCED_FACE ( 'NONE', ( #411 ), #1437, .F. ) ;
#996 = ORIENTED_EDGE ( 'NONE', *, *, #1328, .F. ) ;
#997 = VECTOR ( 'NONE', #966, 1000.000000000000000 ) ;
#998 = CARTESIAN_POINT ( 'NONE',  ( 54.99999999999999289, -16.50000000000000000, -7.849999999999996092 ) ) ;
#999 = VERTEX_POINT ( 'NONE', #981 ) ;
#1000 = EDGE_CURVE ( 'NONE', #650, #800, #627, .T. ) ;
#1001 = LINE ( 'NONE', #1440, #170 ) ;
#1002 = EDGE_CURVE ( 'NONE', #402, #1172, #988, .T. ) ;
#1003 = ORIENTED_EDGE ( 'NONE', *, *, #435, .T. ) ;
#1004 = CARTESIAN_POINT ( 'NONE',  ( 5.000000000000000000, -16.50000000000000000, -5.000000000000000000 ) ) ;
#1005 = ORIENTED_EDGE ( 'NONE', *, *, #275, .F. ) ;
#1006 = EDGE_CURVE ( 'NONE', #313, #13, #2, .T. ) ;
#1007 = CIRCLE ( 'NONE', #855, 1.650000000000012568 ) ;
#1008 = CARTESIAN_POINT ( 'NONE',  ( 60.00000000000000000, -13.00000000000000000, -60.99999999999999289 ) ) ;
#1009 = VECTOR ( 'NONE', #703, 1000.000000000000000 ) ;
#1010 = AXIS2_PLACEMENT_3D ( 'NONE', #1443, #408, #871 ) ;
#1011 = DIRECTION ( 'NONE',  ( 0.000000000000000000, 0.000000000000000000, -1.000000000000000000 ) ) ;
#1012 = ORIENTED_EDGE ( 'NONE', *, *, #1339, .F. ) ;
#1013 = CARTESIAN_POINT ( 'NONE',  ( 5.000000000000000000, -16.50000000000000000, -54.24999999999997868 ) ) ;
#1014 = EDGE_LOOP ( 'NONE', ( #174, #1140, #342, #333 ) ) ;
#1015 = PLANE ( 'NONE',  #267 ) ;
#1016 = FACE_OUTER_BOUND ( 'NONE', #204, .T. ) ;
#1017 = CARTESIAN_POINT ( 'NONE',  ( 45.00000000000000000, 5.000000000000000000, -58.49999999999998579 ) ) ;
#1018 = ORIENTED_EDGE ( 'NONE', *, *, #415, .F. ) ;
#1019 = EDGE_CURVE ( 'NONE', #1403, #686, #1467, .T. ) ;
#1020 = CIRCLE ( 'NONE', #1284, 2.849999999999995648 ) ;
#1021 = DIRECTION ( 'NONE',  ( 0.000000000000000000, 0.000000000000000000, 1.000000000000000000 ) ) ;
#1022 = VECTOR ( 'NONE', #506, 1000.000000000000000 ) ;
#1023 = DIRECTION ( 'NONE',  ( -0.000000000000000000, 1.000000000000000000, -0.000000000000000000 ) ) ;
#1024 = ORIENTED_EDGE ( 'NONE', *, *, #955, .T. ) ;
#1025 = CARTESIAN_POINT ( 'NONE',  ( 0.000000000000000000, 0.000000000000000000, -60.99999999999999289 ) ) ;
#1026 = DIRECTION ( 'NONE',  ( 0.000000000000000000, 0.000000000000000000, 1.000000000000000000 ) ) ;
#1027 = ORIENTED_EDGE ( 'NONE', *, *, #1062, .T. ) ;
#1028 = AXIS2_PLACEMENT_3D ( 'NONE', #827, #1404, #444 ) ;
#1029 = CARTESIAN_POINT ( 'NONE',  ( 49.99999999999999289, -13.00000000000000000, -10.00000000000000178 ) ) ;
#1030 = CYLINDRICAL_SURFACE ( 'NONE', #484, 2.849999999999999201 ) ;
#1031 = DIRECTION ( 'NONE',  ( 1.000000000000000000, 0.000000000000000000, 0.000000000000000000 ) ) ;
#1032 = CARTESIAN_POINT ( 'NONE',  ( 54.99999999999999289, -13.00000000000000000, -6.750000000000013323 ) ) ;
#1033 = CIRCLE ( 'NONE', #1323, 1.750000000000015543 ) ;
#1034 = ORIENTED_EDGE ( 'NONE', *, *, #1101, .T. ) ;
#1035 = DIRECTION ( 'NONE',  ( -0.000000000000000000, 1.000000000000000000, -0.000000000000000000 ) ) ;
#1036 = CARTESIAN_POINT ( 'NONE',  ( 14.99999999999999645, 5.000000000000000000, -2.499999999999988454 ) ) ;
#1037 = VERTEX_POINT ( 'NONE', #1334 ) ;
#1038 = ADVANCED_FACE ( 'NONE', ( #428 ), #749, .F. ) ;
#1039 = FACE_OUTER_BOUND ( 'NONE', #818, .T. ) ;
#1040 = CARTESIAN_POINT ( 'NONE',  ( 55.00000000000000000, -13.00000000000000000, -58.84999999999998721 ) ) ;
#1041 = LINE ( 'NONE', #489, #152 ) ;
#1042 = VECTOR ( 'NONE', #406, 1000.000000000000000 ) ;
#1043 = CARTESIAN_POINT ( 'NONE',  ( 5.000000000000000000, -13.00000000000000000, -55.99999999999999289 ) ) ;
#1044 = AXIS2_PLACEMENT_3D ( 'NONE', #394, #596, #1315 ) ;
#1045 = VERTEX_POINT ( 'NONE', #1013 ) ;
#1046 = AXIS2_PLACEMENT_3D ( 'NONE', #1099, #502, #62 ) ;
#1047 = CARTESIAN_POINT ( 'NONE',  ( 5.000000000000000000, -16.50000000000000000, -5.000000000000000000 ) ) ;
#1048 = VERTEX_POINT ( 'NONE', #1359 ) ;
#1049 = EDGE_CURVE ( 'NONE', #800, #162, #1242, .T. ) ;
#1050 = VECTOR ( 'NONE', #159, 1000.000000000000000 ) ;
#1051 = CARTESIAN_POINT ( 'NONE',  ( 14.99999999999999645, 5.000000000000000000, -60.14999999999999858 ) ) ;
#1052 = EDGE_LOOP ( 'NONE', ( #1335, #949 ) ) ;
#1053 = CARTESIAN_POINT ( 'NONE',  ( 55.00000000000000000, -16.50000000000000000, -55.99999999999998579 ) ) ;
#1054 = ORIENTED_EDGE ( 'NONE', *, *, #146, .T. ) ;
#1055 = CIRCLE ( 'NONE', #1255, 1.750000000000008438 ) ;
#1056 = EDGE_CURVE ( 'NONE', #1314, #1110, #245, .T. ) ;
#1057 = LINE ( 'NONE', #291, #772 ) ;
#1058 = ORIENTED_EDGE ( 'NONE', *, *, #341, .T. ) ;
#1059 = CARTESIAN_POINT ( 'NONE',  ( 45.00000000000000000, 5.000000000000000000, -2.499999999999988454 ) ) ;
#1060 = FACE_BOUND ( 'NONE', #1473, .T. ) ;
#1061 = EDGE_CURVE ( 'NONE', #1444, #1199, #1127, .T. ) ;
#1062 = EDGE_CURVE ( 'NONE', #286, #450, #194, .T. ) ;
#1063 = FACE_OUTER_BOUND ( 'NONE', #193, .T. ) ;
#1064 = ORIENTED_EDGE ( 'NONE', *, *, #341, .F. ) ;
#1065 = EDGE_CURVE ( 'NONE', #402, #942, #1120, .T. ) ;
#1066 = VECTOR ( 'NONE', #136, 1000.000000000000000 ) ;
#1067 = DIRECTION ( 'NONE',  ( -0.000000000000000000, 1.000000000000000000, -0.000000000000000000 ) ) ;
#1068 = FACE_OUTER_BOUND ( 'NONE', #472, .T. ) ;
#1069 = CARTESIAN_POINT ( 'NONE',  ( 5.000000000000000000, -13.00000000000000000, -6.750000000000013323 ) ) ;
#1070 = CYLINDRICAL_SURFACE ( 'NONE', #651, 2.849999999999998312 ) ;
#1071 = ORIENTED_EDGE ( 'NONE', *, *, #1081, .T. ) ;
#1072 = LINE ( 'NONE', #1097, #386 ) ;
#1073 = FACE_OUTER_BOUND ( 'NONE', #1327, .T. ) ;
#1074 = FACE_OUTER_BOUND ( 'NONE', #1251, .T. ) ;
#1075 = ORIENTED_EDGE ( 'NONE', *, *, #1248, .T. ) ;
#1076 = AXIS2_PLACEMENT_3D ( 'NONE', #264, #615, #1083 ) ;
#1077 = CARTESIAN_POINT ( 'NONE',  ( 0.000000000000000000, -13.00000000000000000, 0.000000000000000000 ) ) ;
#1078 = ORIENTED_EDGE ( 'NONE', *, *, #742, .F. ) ;
#1079 = CIRCLE ( 'NONE', #889, 1.650000000000012568 ) ;
#1080 = LINE ( 'NONE', #263, #1 ) ;
#1081 = EDGE_CURVE ( 'NONE', #942, #1493, #58, .T. ) ;
#1082 = ADVANCED_FACE ( 'NONE', ( #1445 ), #540, .T. ) ;
#1083 = DIRECTION ( 'NONE',  ( 0.000000000000000000, 0.000000000000000000, -1.000000000000000000 ) ) ;
#1084 = CARTESIAN_POINT ( 'NONE',  ( 10.00000000000000000, -13.00000000000000000, 0.000000000000000000 ) ) ;
#1085 = VERTEX_POINT ( 'NONE', #549 ) ;
#1086 = DIRECTION ( 'NONE',  ( -0.000000000000000000, 1.000000000000000000, -0.000000000000000000 ) ) ;
#1087 = ORIENTED_EDGE ( 'NONE', *, *, #1371, .F. ) ;
#1088 = CARTESIAN_POINT ( 'NONE',  ( 5.000000000000000000, -16.50000000000000000, -7.849999999999999645 ) ) ;
#1089 = CIRCLE ( 'NONE', #439, 1.650000000000012568 ) ;
#1090 = SURFACE_STYLE_USAGE ( .BOTH. , #716 ) ;
#1091 = DIRECTION ( 'NONE',  ( 0.000000000000000000, 0.000000000000000000, 1.000000000000000000 ) ) ;
#1092 = AXIS2_PLACEMENT_3D ( 'NONE', #203, #777, #524 ) ;
#1093 = ORIENTED_EDGE ( 'NONE', *, *, #473, .T. ) ;
#1094 = ORIENTED_EDGE ( 'NONE', *, *, #1176, .F. ) ;
#1095 = DIRECTION ( 'NONE',  ( -0.000000000000000000, 1.000000000000000000, -0.000000000000000000 ) ) ;
#1096 = ORIENTED_EDGE ( 'NONE', *, *, #1304, .T. ) ;
#1097 = CARTESIAN_POINT ( 'NONE',  ( 54.99999999999999289, -16.50000000000000000, -7.849999999999996092 ) ) ;
#1098 = VECTOR ( 'NONE', #83, 1000.000000000000000 ) ;
#1099 = CARTESIAN_POINT ( 'NONE',  ( 14.99999999999999645, 0.000000000000000000, -58.49999999999998579 ) ) ;
#1100 = ORIENTED_EDGE ( 'NONE', *, *, #8, .F. ) ;
#1101 = EDGE_CURVE ( 'NONE', #476, #582, #86, .T. ) ;
#1102 = AXIS2_PLACEMENT_3D ( 'NONE', #1449, #1372, #660 ) ;
#1103 = DIRECTION ( 'NONE',  ( 0.000000000000000000, 0.000000000000000000, 1.000000000000000000 ) ) ;
#1104 = ORIENTED_EDGE ( 'NONE', *, *, #365, .T. ) ;
#1105 = AXIS2_PLACEMENT_3D ( 'NONE', #725, #870, #1442 ) ;
#1106 = CARTESIAN_POINT ( 'NONE',  ( 0.000000000000000000, -13.00000000000000000, -60.99999999999999289 ) ) ;
#1107 = EDGE_CURVE ( 'NONE', #963, #1444, #1430, .T. ) ;
#1108 = FACE_OUTER_BOUND ( 'NONE', #137, .T. ) ;
#1109 = CARTESIAN_POINT ( 'NONE',  ( 54.99999999999999289, -16.50000000000000000, -2.150000000000005240 ) ) ;
#1110 = VERTEX_POINT ( 'NONE', #998 ) ;
#1111 = EDGE_LOOP ( 'NONE', ( #1207, #73, #847, #166 ) ) ;
#1112 = EDGE_CURVE ( 'NONE', #1397, #650, #882, .T. ) ;
#1113 = CARTESIAN_POINT ( 'NONE',  ( 14.99999999999999645, 0.000000000000000000, -2.499999999999988454 ) ) ;
#1114 = EDGE_LOOP ( 'NONE', ( #669, #939 ) ) ;
#1115 = CYLINDRICAL_SURFACE ( 'NONE', #534, 1.750000000000012879 ) ;
#1116 = CARTESIAN_POINT ( 'NONE',  ( 10.00000000000000355, 0.000000000000000000, -10.00000000000000000 ) ) ;
#1117 = AXIS2_PLACEMENT_3D ( 'NONE', #1139, #644, #668 ) ;
#1118 = ORIENTED_EDGE ( 'NONE', *, *, #1244, .T. ) ;
#1119 = CIRCLE ( 'NONE', #1423, 1.650000000000012568 ) ;
#1120 = LINE ( 'NONE', #93, #1098 ) ;
#1121 = EDGE_LOOP ( 'NONE', ( #401, #641 ) ) ;
#1122 = VECTOR ( 'NONE', #610, 1000.000000000000000 ) ;
#1123 = CARTESIAN_POINT ( 'NONE',  ( 60.00000000000000000, 5.000000000000000000, -60.99999999999999289 ) ) ;
#1124 = CYLINDRICAL_SURFACE ( 'NONE', #451, 2.849999999999995648 ) ;
#1125 = APPLICATION_PROTOCOL_DEFINITION ( 'draft international standard', 'automotive_design', 1998, #180 ) ;
#1126 = VERTEX_POINT ( 'NONE', #1235 ) ;
#1127 = LINE ( 'NONE', #1218, #440 ) ;
#1128 = ORIENTED_EDGE ( 'NONE', *, *, #1228, .T. ) ;
#1129 = AXIS2_PLACEMENT_3D ( 'NONE', #1396, #801, #919 ) ;
#1130 = FACE_OUTER_BOUND ( 'NONE', #541, .T. ) ;
#1131 = AXIS2_PLACEMENT_3D ( 'NONE', #1387, #689, #1156 ) ;
#1132 = DIRECTION ( 'NONE',  ( 0.000000000000000000, 0.000000000000000000, -1.000000000000000000 ) ) ;
#1133 = DIRECTION ( 'NONE',  ( 0.000000000000000000, 0.000000000000000000, 1.000000000000000000 ) ) ;
#1134 = EDGE_CURVE ( 'NONE', #1126, #1469, #1461, .T. ) ;
#1135 = EDGE_LOOP ( 'NONE', ( #930, #169, #437, #888 ) ) ;
#1136 = CARTESIAN_POINT ( 'NONE',  ( 55.00000000000000000, -16.50000000000000000, -58.84999999999998721 ) ) ;
#1137 = EDGE_CURVE ( 'NONE', #593, #1048, #226, .T. ) ;
#1138 = ORIENTED_EDGE ( 'NONE', *, *, #914, .T. ) ;
#1139 = CARTESIAN_POINT ( 'NONE',  ( 5.000000000000000000, -13.00000000000000000, -55.99999999999999289 ) ) ;
#1140 = ORIENTED_EDGE ( 'NONE', *, *, #1056, .F. ) ;
#1141 = DIRECTION ( 'NONE',  ( -0.000000000000000000, 1.000000000000000000, -0.000000000000000000 ) ) ;
#1142 = DIRECTION ( 'NONE',  ( 0.000000000000000000, 0.000000000000000000, 1.000000000000000000 ) ) ;
#1143 = EDGE_LOOP ( 'NONE', ( #155, #300 ) ) ;
#1144 = VECTOR ( 'NONE', #1158, 1000.000000000000000 ) ;
#1145 = CARTESIAN_POINT ( 'NONE',  ( 14.99999999999999645, 5.000000000000000000, -2.499999999999988454 ) ) ;
#1146 = FACE_OUTER_BOUND ( 'NONE', #989, .T. ) ;
#1147 = DIRECTION ( 'NONE',  ( -0.000000000000000000, -1.000000000000000000, -0.000000000000000000 ) ) ;
#1148 = DIRECTION ( 'NONE',  ( 0.000000000000000000, 0.000000000000000000, -1.000000000000000000 ) ) ;
#1149 = EDGE_LOOP ( 'NONE', ( #778, #43, #252, #704 ) ) ;
#1150 = CARTESIAN_POINT ( 'NONE',  ( 60.00000000000000000, 5.000000000000000000, 0.000000000000000000 ) ) ;
#1151 = EDGE_CURVE ( 'NONE', #1085, #348, #681, .T. ) ;
#1152 = FACE_OUTER_BOUND ( 'NONE', #823, .T. ) ;
#1153 = EDGE_LOOP ( 'NONE', ( #764, #404 ) ) ;
#1154 = CARTESIAN_POINT ( 'NONE',  ( 54.99999999999999289, -16.50000000000000000, -5.000000000000000888 ) ) ;
#1155 = AXIS2_PLACEMENT_3D ( 'NONE', #1320, #488, #734 ) ;
#1156 = DIRECTION ( 'NONE',  ( 0.000000000000000000, 0.000000000000000000, 1.000000000000000000 ) ) ;
#1157 = CARTESIAN_POINT ( 'NONE',  ( 5.000000000000000000, 4.999999999999999112, -5.000000000000000000 ) ) ;
#1158 = DIRECTION ( 'NONE',  ( 0.000000000000000000, 0.000000000000000000, 1.000000000000000000 ) ) ;
#1159 = EDGE_LOOP ( 'NONE', ( #469, #806 ) ) ;
#1160 = PRODUCT ( '\X2\57fa7ad95e95677f\X0\', '\X2\57fa7ad95e95677f\X0\', '', ( #442 ) ) ;
#1161 = LINE ( 'NONE', #687, #545 ) ;
#1162 = ADVANCED_FACE ( 'NONE', ( #100 ), #1475, .F. ) ;
#1163 = ORIENTED_EDGE ( 'NONE', *, *, #308, .T. ) ;
#1164 = AXIS2_PLACEMENT_3D ( 'NONE', #1245, #1348, #438 ) ;
#1165 = PLANE ( 'NONE',  #675 ) ;
#1166 = AXIS2_PLACEMENT_3D ( 'NONE', #1341, #314, #436 ) ;
#1167 = EDGE_LOOP ( 'NONE', ( #315, #1012, #19, #1427 ) ) ;
#1168 = CARTESIAN_POINT ( 'NONE',  ( 5.000000000000000000, -16.50000000000000000, -53.14999999999999858 ) ) ;
#1169 = VERTEX_POINT ( 'NONE', #1367 ) ;
#1170 = CIRCLE ( 'NONE', #682, 1.650000000000012568 ) ;
#1171 = CARTESIAN_POINT ( 'NONE',  ( 5.000000000000000000, -13.00000000000000000, -5.000000000000000000 ) ) ;
#1172 = VERTEX_POINT ( 'NONE', #331 ) ;
#1173 = CARTESIAN_POINT ( 'NONE',  ( 5.000000000000000000, -16.50000000000000000, -58.84999999999999432 ) ) ;
#1174 = ADVANCED_FACE ( 'NONE', ( #29 ), #1375, .T. ) ;
#1175 = VECTOR ( 'NONE', #1488, 1000.000000000000000 ) ;
#1176 = EDGE_CURVE ( 'NONE', #1172, #213, #1041, .T. ) ;
#1177 = DIRECTION ( 'NONE',  ( -1.000000000000000000, -0.000000000000000000, -0.000000000000000000 ) ) ;
#1178 = EDGE_CURVE ( 'NONE', #633, #107, #1170, .T. ) ;
#1179 = PLANE ( 'NONE',  #1044 ) ;
#1180 = VECTOR ( 'NONE', #538, 1000.000000000000000 ) ;
#1181 = VERTEX_POINT ( 'NONE', #1029 ) ;
#1182 = CYLINDRICAL_SURFACE ( 'NONE', #317, 1.750000000000008438 ) ;
#1183 = VERTEX_POINT ( 'NONE', #376 ) ;
#1184 = CARTESIAN_POINT ( 'NONE',  ( 10.00000000000000000, -13.00000000000000000, -60.99999999999999289 ) ) ;
#1185 = DIRECTION ( 'NONE',  ( 0.000000000000000000, 0.000000000000000000, -1.000000000000000000 ) ) ;
#1186 = ORIENTED_EDGE ( 'NONE', *, *, #948, .T. ) ;
#1187 = AXIS2_PLACEMENT_3D ( 'NONE', #150, #741, #860 ) ;
#1188 = DIRECTION ( 'NONE',  ( -1.000000000000000000, 0.000000000000000000, 0.000000000000000000 ) ) ;
#1189 = PRESENTATION_STYLE_ASSIGNMENT (( #1090 ) ) ;
#1190 = DIRECTION ( 'NONE',  ( 0.000000000000000000, -1.000000000000000000, 0.000000000000000000 ) ) ;
#1191 = ORIENTED_EDGE ( 'NONE', *, *, #990, .F. ) ;
#1192 = ADVANCED_FACE ( 'NONE', ( #1491 ), #787, .T. ) ;
#1193 = CARTESIAN_POINT ( 'NONE',  ( 49.99999999999999289, 0.000000000000000000, -1.224646799147352862E-15 ) ) ;
#1194 = EDGE_LOOP ( 'NONE', ( #937, #658, #533, #761 ) ) ;
#1195 = CARTESIAN_POINT ( 'NONE',  ( 14.99999999999999645, 0.000000000000000000, -56.84999999999997300 ) ) ;
#1196 = CARTESIAN_POINT ( 'NONE',  ( 5.000000000000000000, 4.999999999999999112, -55.99999999999999289 ) ) ;
#1197 = FACE_BOUND ( 'NONE', #461, .T. ) ;
#1198 = CIRCLE ( 'NONE', #1483, 1.750000000000015543 ) ;
#1199 = VERTEX_POINT ( 'NONE', #797 ) ;
#1200 = CLOSED_SHELL ( 'NONE', ( #632, #81, #466, #140, #1192, #237, #305, #1082, #218, #7, #41, #1038, #38, #796, #527, #1351, #995, #514, #1162, #1329, #206, #340, #1489, #1265, #623, #842, #664, #680, #1224, #838, #1206, #356, #602, #950, #74, #834, #936, #1275, #1174, #635, #810, #419, #479, #580, #825, #732 ) ) ;
#1201 = CARTESIAN_POINT ( 'NONE',  ( 54.99999999999999289, -16.50000000000000000, -5.000000000000000888 ) ) ;
#1202 = VERTEX_POINT ( 'NONE', #1136 ) ;
#1203 = CYLINDRICAL_SURFACE ( 'NONE', #897, 1.650000000000012568 ) ;
#1204 = DIRECTION ( 'NONE',  ( 0.000000000000000000, 0.000000000000000000, -1.000000000000000000 ) ) ;
#1205 = DIRECTION ( 'NONE',  ( 0.000000000000000000, -1.000000000000000000, 0.000000000000000000 ) ) ;
#1206 = ADVANCED_FACE ( 'NONE', ( #1273 ), #666, .F. ) ;
#1207 = ORIENTED_EDGE ( 'NONE', *, *, #563, .F. ) ;
#1208 = DIRECTION ( 'NONE',  ( 0.000000000000000000, 0.000000000000000000, -1.000000000000000000 ) ) ;
#1209 = EDGE_LOOP ( 'NONE', ( #70, #1078 ) ) ;
#1210 = DIRECTION ( 'NONE',  ( 1.000000000000000000, -0.000000000000000000, -0.000000000000000000 ) ) ;
#1211 = VECTOR ( 'NONE', #517, 1000.000000000000000 ) ;
#1212 = EDGE_CURVE ( 'NONE', #593, #786, #1316, .T. ) ;
#1213 = CARTESIAN_POINT ( 'NONE',  ( 45.00000000000000000, 0.000000000000000000, -2.499999999999988454 ) ) ;
#1214 = EDGE_CURVE ( 'NONE', #1333, #103, #336, .T. ) ;
#1215 = CIRCLE ( 'NONE', #199, 1.750000000000008438 ) ;
#1216 = VERTEX_POINT ( 'NONE', #1482 ) ;
#1217 = VERTEX_POINT ( 'NONE', #804 ) ;
#1218 = CARTESIAN_POINT ( 'NONE',  ( 14.99999999999999645, 5.000000000000000000, -4.150000000000001243 ) ) ;
#1219 = EDGE_LOOP ( 'NONE', ( #325, #619 ) ) ;
#1220 = FACE_OUTER_BOUND ( 'NONE', #736, .T. ) ;
#1221 = DIRECTION ( 'NONE',  ( -0.000000000000000000, -1.000000000000000000, -0.000000000000000000 ) ) ;
#1222 = DIRECTION ( 'NONE',  ( -0.000000000000000000, 1.000000000000000000, -0.000000000000000000 ) ) ;
#1223 = ORIENTED_EDGE ( 'NONE', *, *, #908, .F. ) ;
#1224 = ADVANCED_FACE ( 'NONE', ( #123 ), #459, .F. ) ;
#1225 = ORIENTED_EDGE ( 'NONE', *, *, #1214, .F. ) ;
#1226 = CIRCLE ( 'NONE', #233, 1.750000000000008438 ) ;
#1227 = DIRECTION ( 'NONE',  ( 0.000000000000000000, 0.000000000000000000, 1.000000000000000000 ) ) ;
#1228 = EDGE_CURVE ( 'NONE', #1362, #84, #656, .T. ) ;
#1229 = VERTEX_POINT ( 'NONE', #258 ) ;
#1230 = CARTESIAN_POINT ( 'NONE',  ( 0.000000000000000000, -13.00000000000000000, 0.000000000000000000 ) ) ;
#1231 = VECTOR ( 'NONE', #1222, 1000.000000000000000 ) ;
#1232 = CARTESIAN_POINT ( 'NONE',  ( 49.99999999999999289, -13.00000000000000000, -50.99999999999999289 ) ) ;
#1233 = CARTESIAN_POINT ( 'NONE',  ( 54.99999999999999289, -13.00000000000000000, -2.150000000000005240 ) ) ;
#1234 = EDGE_LOOP ( 'NONE', ( #1401, #219, #1003, #696 ) ) ;
#1235 = CARTESIAN_POINT ( 'NONE',  ( 45.00000000000000000, 0.000000000000000000, -56.84999999999997300 ) ) ;
#1236 = VERTEX_POINT ( 'NONE', #916 ) ;
#1237 = DIRECTION ( 'NONE',  ( 0.000000000000000000, 0.000000000000000000, 1.000000000000000000 ) ) ;
#1238 = FACE_OUTER_BOUND ( 'NONE', #249, .T. ) ;
#1239 = VECTOR ( 'NONE', #674, 1000.000000000000000 ) ;
#1240 = VERTEX_POINT ( 'NONE', #1383 ) ;
#1241 = VECTOR ( 'NONE', #363, 1000.000000000000000 ) ;
#1242 = LINE ( 'NONE', #649, #51 ) ;
#1243 = ORIENTED_EDGE ( 'NONE', *, *, #308, .F. ) ;
#1244 = EDGE_CURVE ( 'NONE', #511, #633, #710, .T. ) ;
#1245 = CARTESIAN_POINT ( 'NONE',  ( 45.00000000000000000, 0.000000000000000000, -2.499999999999988454 ) ) ;
#1246 = CARTESIAN_POINT ( 'NONE',  ( 45.00000000000000000, 5.000000000000000000, -2.499999999999988454 ) ) ;
#1247 = CARTESIAN_POINT ( 'NONE',  ( 0.000000000000000000, 0.000000000000000000, 0.000000000000000000 ) ) ;
#1248 = EDGE_CURVE ( 'NONE', #1183, #1403, #600, .T. ) ;
#1249 = ORIENTED_EDGE ( 'NONE', *, *, #955, .F. ) ;
#1250 = DIRECTION ( 'NONE',  ( -0.000000000000000000, 0.000000000000000000, 1.000000000000000000 ) ) ;
#1251 = EDGE_LOOP ( 'NONE', ( #175, #756, #1459, #55 ) ) ;
#1252 = VECTOR ( 'NONE', #819, 1000.000000000000000 ) ;
#1253 = CARTESIAN_POINT ( 'NONE',  ( 45.00000000000000000, 5.000000000000000000, -4.150000000000001243 ) ) ;
#1254 = ORIENTED_EDGE ( 'NONE', *, *, #126, .F. ) ;
#1255 = AXIS2_PLACEMENT_3D ( 'NONE', #599, #953, #852 ) ;
#1256 = DIRECTION ( 'NONE',  ( -0.000000000000000000, 1.000000000000000000, -0.000000000000000000 ) ) ;
#1257 = DIRECTION ( 'NONE',  ( 0.000000000000000000, 0.000000000000000000, 1.000000000000000000 ) ) ;
#1258 = ORIENTED_EDGE ( 'NONE', *, *, #1212, .F. ) ;
#1259 = AXIS2_PLACEMENT_3D ( 'NONE', #400, #105, #1148 ) ;
#1260 = DIRECTION ( 'NONE',  ( -0.000000000000000000, -1.000000000000000000, -0.000000000000000000 ) ) ;
#1261 = DIRECTION ( 'NONE',  ( -0.000000000000000000, -1.000000000000000000, -0.000000000000000000 ) ) ;
#1262 = VERTEX_POINT ( 'NONE', #1332 ) ;
#1263 = CYLINDRICAL_SURFACE ( 'NONE', #729, 1.650000000000012568 ) ;
#1264 = CARTESIAN_POINT ( 'NONE',  ( 54.99999999999999289, 4.999999999999999112, -5.000000000000000888 ) ) ;
#1265 = ADVANCED_FACE ( 'NONE', ( #717, #1426 ), #1338, .F. ) ;
#1266 = ORIENTED_EDGE ( 'NONE', *, *, #396, .F. ) ;
#1267 = CARTESIAN_POINT ( 'NONE',  ( 55.00000000000000000, -16.50000000000000000, -55.99999999999998579 ) ) ;
#1268 = EDGE_CURVE ( 'NONE', #1444, #963, #445, .T. ) ;
#1269 = DIRECTION ( 'NONE',  ( -0.000000000000000000, -1.000000000000000000, -0.000000000000000000 ) ) ;
#1270 = ORIENTED_EDGE ( 'NONE', *, *, #1371, .T. ) ;
#1271 = PLANE ( 'NONE',  #349 ) ;
#1272 = EDGE_LOOP ( 'NONE', ( #277, #142, #238, #71 ) ) ;
#1273 = FACE_OUTER_BOUND ( 'NONE', #1135, .T. ) ;
#1274 = DIRECTION ( 'NONE',  ( -0.000000000000000000, 1.000000000000000000, -0.000000000000000000 ) ) ;
#1275 = ADVANCED_FACE ( 'NONE', ( #1197, #962 ), #182, .T. ) ;
#1276 = ORIENTED_EDGE ( 'NONE', *, *, #149, .F. ) ;
#1277 = CYLINDRICAL_SURFACE ( 'NONE', #809, 2.849999999999998312 ) ;
#1278 = AXIS2_PLACEMENT_3D ( 'NONE', #759, #1456, #425 ) ;
#1279 = EDGE_LOOP ( 'NONE', ( #692, #1296, #672, #795, #178, #719, #215, #385 ) ) ;
#1280 = FACE_BOUND ( 'NONE', #418, .T. ) ;
#1281 = ORIENTED_EDGE ( 'NONE', *, *, #1112, .T. ) ;
#1282 = CARTESIAN_POINT ( 'NONE',  ( 0.000000000000000000, 5.000000000000000000, 0.000000000000000000 ) ) ;
#1283 = CARTESIAN_POINT ( 'NONE',  ( 0.000000000000000000, 0.000000000000000000, -50.99999999999999289 ) ) ;
#1284 = AXIS2_PLACEMENT_3D ( 'NONE', #683, #221, #1394 ) ;
#1285 = FACE_BOUND ( 'NONE', #918, .T. ) ;
#1286 = AXIS2_PLACEMENT_3D ( 'NONE', #1077, #261, #485 ) ;
#1287 = CIRCLE ( 'NONE', #1046, 1.650000000000012568 ) ;
#1288 = ORIENTED_EDGE ( 'NONE', *, *, #1134, .F. ) ;
#1289 = EDGE_CURVE ( 'NONE', #1397, #667, #520, .T. ) ;
#1290 = DIRECTION ( 'NONE',  ( -0.000000000000000000, 1.000000000000000000, -0.000000000000000000 ) ) ;
#1291 = DIRECTION ( 'NONE',  ( -0.000000000000000000, 1.000000000000000000, -0.000000000000000000 ) ) ;
#1292 = AXIS2_PLACEMENT_3D ( 'NONE', #273, #496, #744 ) ;
#1293 = DIRECTION ( 'NONE',  ( -0.000000000000000000, -1.000000000000000000, -0.000000000000000000 ) ) ;
#1294 = ORIENTED_EDGE ( 'NONE', *, *, #909, .F. ) ;
#1295 = DIRECTION ( 'NONE',  ( -0.000000000000000000, 1.000000000000000000, -0.000000000000000000 ) ) ;
#1296 = ORIENTED_EDGE ( 'NONE', *, *, #1318, .F. ) ;
#1297 = DIRECTION ( 'NONE',  ( 0.000000000000000000, 0.000000000000000000, 1.000000000000000000 ) ) ;
#1298 = DIRECTION ( 'NONE',  ( 0.000000000000000000, 0.000000000000000000, -1.000000000000000000 ) ) ;
#1299 = ORIENTED_EDGE ( 'NONE', *, *, #85, .T. ) ;
#1300 = PLANE ( 'NONE',  #648 ) ;
#1301 = FILL_AREA_STYLE_COLOUR ( '', #956 ) ;
#1302 = FACE_OUTER_BOUND ( 'NONE', #605, .T. ) ;
#1303 = EDGE_CURVE ( 'NONE', #64, #1358, #1313, .T. ) ;
#1304 = EDGE_CURVE ( 'NONE', #389, #613, #173, .T. ) ;
#1305 = EDGE_LOOP ( 'NONE', ( #132, #82, #1128, #434 ) ) ;
#1306 = CARTESIAN_POINT ( 'NONE',  ( 10.00000000000000355, -13.00000000000000000, -10.00000000000000000 ) ) ;
#1307 = VERTEX_POINT ( 'NONE', #968 ) ;
#1308 = VECTOR ( 'NONE', #293, 1000.000000000000000 ) ;
#1309 = VECTOR ( 'NONE', #168, 1000.000000000000000 ) ;
#1310 = DIRECTION ( 'NONE',  ( 0.000000000000000000, 0.000000000000000000, -1.000000000000000000 ) ) ;
#1311 = DIRECTION ( 'NONE',  ( -0.000000000000000000, -1.000000000000000000, -0.000000000000000000 ) ) ;
#1312 = DIRECTION ( 'NONE',  ( -1.000000000000000000, 0.000000000000000000, -0.000000000000000000 ) ) ;
#1313 = CIRCLE ( 'NONE', #202, 1.650000000000012568 ) ;
#1314 = VERTEX_POINT ( 'NONE', #1109 ) ;
#1315 = DIRECTION ( 'NONE',  ( -0.000000000000000000, 0.000000000000000000, -1.000000000000000000 ) ) ;
#1316 = CIRCLE ( 'NONE', #512, 1.750000000000011102 ) ;
#1317 = ORIENTED_EDGE ( 'NONE', *, *, #28, .T. ) ;
#1318 = EDGE_CURVE ( 'NONE', #849, #262, #993, .T. ) ;
#1319 = CARTESIAN_POINT ( 'NONE',  ( 5.000000000000000000, 4.999999999999999112, -6.750000000000011546 ) ) ;
#1320 = CARTESIAN_POINT ( 'NONE',  ( 5.000000000000000000, -16.50000000000000000, -5.000000000000000000 ) ) ;
#1321 = CARTESIAN_POINT ( 'NONE',  ( 55.00000000000000000, -16.50000000000000000, -54.24999999999997158 ) ) ;
#1322 = EDGE_CURVE ( 'NONE', #1314, #1431, #622, .T. ) ;
#1323 = AXIS2_PLACEMENT_3D ( 'NONE', #1154, #1147, #457 ) ;
#1324 = ORIENTED_EDGE ( 'NONE', *, *, #815, .T. ) ;
#1325 = AXIS2_PLACEMENT_3D ( 'NONE', #243, #122, #694 ) ;
#1326 = DIRECTION ( 'NONE',  ( 0.000000000000000000, -1.000000000000000000, 0.000000000000000000 ) ) ;
#1327 = EDGE_LOOP ( 'NONE', ( #1412, #531, #17, #1276 ) ) ;
#1328 = EDGE_CURVE ( 'NONE', #636, #511, #1287, .T. ) ;
#1329 = ADVANCED_FACE ( 'NONE', ( #1074 ), #836, .F. ) ;
#1330 = CARTESIAN_POINT ( 'NONE',  ( 49.99999999999999289, -13.00000000000000000, -1.224646799147352862E-15 ) ) ;
#1331 = FACE_OUTER_BOUND ( 'NONE', #868, .T. ) ;
#1332 = CARTESIAN_POINT ( 'NONE',  ( 0.000000000000000000, 5.000000000000000000, -60.99999999999999289 ) ) ;
#1333 = VERTEX_POINT ( 'NONE', #46 ) ;
#1334 = CARTESIAN_POINT ( 'NONE',  ( 49.99999999999999289, -13.00000000000000000, -1.224646799147352862E-15 ) ) ;
#1335 = ORIENTED_EDGE ( 'NONE', *, *, #671, .F. ) ;
#1336 = CARTESIAN_POINT ( 'NONE',  ( 0.000000000000000000, -13.00000000000000000, -60.99999999999999289 ) ) ;
#1337 = EDGE_CURVE ( 'NONE', #1045, #1216, #685, .T. ) ;
#1338 = PLANE ( 'NONE',  #250 ) ;
#1339 = EDGE_CURVE ( 'NONE', #942, #213, #1450, .T. ) ;
#1340 = ORIENTED_EDGE ( 'NONE', *, *, #384, .F. ) ;
#1341 = CARTESIAN_POINT ( 'NONE',  ( 55.00000000000000000, -13.00000000000000000, -55.99999999999998579 ) ) ;
#1342 = ORIENTED_EDGE ( 'NONE', *, *, #22, .F. ) ;
#1343 = DIRECTION ( 'NONE',  ( -0.000000000000000000, 1.000000000000000000, -0.000000000000000000 ) ) ;
#1344 = CARTESIAN_POINT ( 'NONE',  ( 5.000000000000000000, 4.999999999999999112, -55.99999999999999289 ) ) ;
#1345 = ORIENTED_EDGE ( 'NONE', *, *, #891, .T. ) ;
#1346 = CARTESIAN_POINT ( 'NONE',  ( 60.00000000000000000, -13.00000000000000000, -60.99999999999999289 ) ) ;
#1347 = ORIENTED_EDGE ( 'NONE', *, *, #198, .T. ) ;
#1348 = DIRECTION ( 'NONE',  ( 0.000000000000000000, -1.000000000000000000, 0.000000000000000000 ) ) ;
#1349 = DIRECTION ( 'NONE',  ( -0.000000000000000000, 1.000000000000000000, -0.000000000000000000 ) ) ;
#1350 = EDGE_LOOP ( 'NONE', ( #768, #899 ) ) ;
#1351 = ADVANCED_FACE ( 'NONE', ( #1302 ), #392, .F. ) ;
#1352 = DIRECTION ( 'NONE',  ( 0.000000000000000000, 0.000000000000000000, 1.000000000000000000 ) ) ;
#1353 = EDGE_LOOP ( 'NONE', ( #393, #837 ) ) ;
#1354 = DIRECTION ( 'NONE',  ( -0.000000000000000000, 1.000000000000000000, -0.000000000000000000 ) ) ;
#1355 = DIRECTION ( 'NONE',  ( 0.000000000000000000, 0.000000000000000000, -1.000000000000000000 ) ) ;
#1356 = CARTESIAN_POINT ( 'NONE',  ( 14.99999999999999645, 0.000000000000000000, -4.150000000000001243 ) ) ;
#1357 = VECTOR ( 'NONE', #1295, 1000.000000000000000 ) ;
#1358 = VERTEX_POINT ( 'NONE', #853 ) ;
#1359 = CARTESIAN_POINT ( 'NONE',  ( 5.000000000000000000, -16.50000000000000000, -6.750000000000014211 ) ) ;
#1360 = ORIENTED_EDGE ( 'NONE', *, *, #1435, .T. ) ;
#1361 = DIRECTION ( 'NONE',  ( 0.000000000000000000, -0.000000000000000000, -1.000000000000000000 ) ) ;
#1362 = VERTEX_POINT ( 'NONE', #1321 ) ;
#1363 = EDGE_CURVE ( 'NONE', #1217, #1199, #310, .T. ) ;
#1364 = CARTESIAN_POINT ( 'NONE',  ( 60.00000000000000000, -13.00000000000000000, -10.00000000000000178 ) ) ;
#1365 = DIRECTION ( 'NONE',  ( -0.000000000000000000, -1.000000000000000000, -0.000000000000000000 ) ) ;
#1366 = VERTEX_POINT ( 'NONE', #54 ) ;
#1367 = CARTESIAN_POINT ( 'NONE',  ( 54.99999999999999289, -16.50000000000000000, -6.750000000000015987 ) ) ;
#1368 = AXIS2_PLACEMENT_3D ( 'NONE', #1047, #6, #248 ) ;
#1369 = FACE_BOUND ( 'NONE', #1143, .T. ) ;
#1370 = EDGE_LOOP ( 'NONE', ( #1477, #1138, #978, #266 ) ) ;
#1371 = EDGE_CURVE ( 'NONE', #99, #892, #510, .T. ) ;
#1372 = DIRECTION ( 'NONE',  ( -0.000000000000000000, -1.000000000000000000, -0.000000000000000000 ) ) ;
#1373 = FACE_OUTER_BOUND ( 'NONE', #225, .T. ) ;
#1374 = ORIENTED_EDGE ( 'NONE', *, *, #742, .T. ) ;
#1375 = CYLINDRICAL_SURFACE ( 'NONE', #1028, 2.849999999999995648 ) ;
#1376 = PLANE ( 'NONE',  #601 ) ;
#1377 = EDGE_LOOP ( 'NONE', ( #854, #112, #1118, #247 ) ) ;
#1378 = FACE_OUTER_BOUND ( 'NONE', #427, .T. ) ;
#1379 = EDGE_CURVE ( 'NONE', #1236, #707, #812, .T. ) ;
#1380 = ORIENTED_EDGE ( 'NONE', *, *, #1061, .T. ) ;
#1381 = UNCERTAINTY_MEASURE_WITH_UNIT (LENGTH_MEASURE( 1.000000000000000082E-05 ), #767, 'distance_accuracy_value', 'NONE');
#1382 = AXIS2_PLACEMENT_3D ( 'NONE', #1230, #893, #1361 ) ;
#1383 = CARTESIAN_POINT ( 'NONE',  ( 54.99999999999999289, 4.999999999999999112, -3.249999999999992450 ) ) ;
#1384 = FACE_OUTER_BOUND ( 'NONE', #507, .T. ) ;
#1385 = EDGE_LOOP ( 'NONE', ( #713, #1380, #1374, #611 ) ) ;
#1386 = CARTESIAN_POINT ( 'NONE',  ( 60.00000000000000000, 5.000000000000000000, -60.99999999999999289 ) ) ;
#1387 = CARTESIAN_POINT ( 'NONE',  ( 45.00000000000000000, 5.000000000000000000, -58.49999999999998579 ) ) ;
#1388 = CARTESIAN_POINT ( 'NONE',  ( 60.00000000000000000, -13.00000000000000000, -50.99999999999999289 ) ) ;
#1389 = ORIENTED_EDGE ( 'NONE', *, *, #856, .F. ) ;
#1390 = CIRCLE ( 'NONE', #1129, 1.650000000000012568 ) ;
#1391 = LINE ( 'NONE', #1282, #1175 ) ;
#1392 = AXIS2_PLACEMENT_3D ( 'NONE', #288, #1311, #27 ) ;
#1393 = ORIENTED_EDGE ( 'NONE', *, *, #603, .T. ) ;
#1394 = DIRECTION ( 'NONE',  ( 0.000000000000000000, 0.000000000000000000, 1.000000000000000000 ) ) ;
#1395 = ORIENTED_EDGE ( 'NONE', *, *, #711, .T. ) ;
#1396 = CARTESIAN_POINT ( 'NONE',  ( 45.00000000000000000, 5.000000000000000000, -58.49999999999998579 ) ) ;
#1397 = VERTEX_POINT ( 'NONE', #89 ) ;
#1398 = CIRCLE ( 'NONE', #747, 2.849999999999998312 ) ;
#1399 = CARTESIAN_POINT ( 'NONE',  ( 0.000000000000000000, 5.000000000000000000, -60.99999999999999289 ) ) ;
#1400 = VECTOR ( 'NONE', #285, 1000.000000000000000 ) ;
#1401 = ORIENTED_EDGE ( 'NONE', *, *, #1062, .F. ) ;
#1402 = LINE ( 'NONE', #792, #1009 ) ;
#1403 = VERTEX_POINT ( 'NONE', #678 ) ;
#1404 = DIRECTION ( 'NONE',  ( -0.000000000000000000, 1.000000000000000000, -0.000000000000000000 ) ) ;
#1405 = UNCERTAINTY_MEASURE_WITH_UNIT (LENGTH_MEASURE( 1.000000000000000082E-05 ), #976, 'distance_accuracy_value', 'NONE');
#1406 = CARTESIAN_POINT ( 'NONE',  ( 60.00000000000000000, -13.00000000000000000, -10.00000000000000178 ) ) ;
#1407 = ORIENTED_EDGE ( 'NONE', *, *, #108, .T. ) ;
#1408 = FACE_OUTER_BOUND ( 'NONE', #49, .T. ) ;
#1409 = EDGE_CURVE ( 'NONE', #737, #1169, #560, .T. ) ;
#1410 = DIRECTION ( 'NONE',  ( -0.000000000000000000, 1.000000000000000000, -0.000000000000000000 ) ) ;
#1411 = DIRECTION ( 'NONE',  ( -0.000000000000000000, 1.000000000000000000, -0.000000000000000000 ) ) ;
#1412 = ORIENTED_EDGE ( 'NONE', *, *, #652, .T. ) ;
#1413 = AXIS2_PLACEMENT_3D ( 'NONE', #282, #735, #1091 ) ;
#1414 = DIRECTION ( 'NONE',  ( -1.000000000000000000, -0.000000000000000000, -0.000000000000000000 ) ) ;
#1415 = EDGE_LOOP ( 'NONE', ( #1466, #410, #1054, #1093 ) ) ;
#1416 = DIRECTION ( 'NONE',  ( 0.000000000000000000, 0.000000000000000000, -1.000000000000000000 ) ) ;
#1417 = CARTESIAN_POINT ( 'NONE',  ( 45.00000000000000000, 5.000000000000000000, -2.499999999999988454 ) ) ;
#1418 = DIRECTION ( 'NONE',  ( 0.000000000000000000, 0.000000000000000000, -1.000000000000000000 ) ) ;
#1419 = ORIENTED_EDGE ( 'NONE', *, *, #1248, .F. ) ;
#1420 = EDGE_CURVE ( 'NONE', #737, #1240, #456, .T. ) ;
#1421 = DIRECTION ( 'NONE',  ( 0.000000000000000000, -1.000000000000000000, 0.000000000000000000 ) ) ;
#1422 = ORIENTED_EDGE ( 'NONE', *, *, #1304, .F. ) ;
#1423 = AXIS2_PLACEMENT_3D ( 'NONE', #604, #1421, #147 ) ;
#1424 = DIRECTION ( 'NONE',  ( 0.000000000000000000, 0.000000000000000000, -1.000000000000000000 ) ) ;
#1425 = CARTESIAN_POINT ( 'NONE',  ( 0.000000000000000000, -13.00000000000000000, 0.000000000000000000 ) ) ;
#1426 = FACE_OUTER_BOUND ( 'NONE', #1415, .T. ) ;
#1427 = ORIENTED_EDGE ( 'NONE', *, *, #1002, .T. ) ;
#1428 = EDGE_CURVE ( 'NONE', #963, #1217, #449, .T. ) ;
#1429 = CARTESIAN_POINT ( 'NONE',  ( 55.00000000000000000, 4.999999999999999112, -55.99999999999998579 ) ) ;
#1430 = CIRCLE ( 'NONE', #470, 1.650000000000012568 ) ;
#1431 = VERTEX_POINT ( 'NONE', #1233 ) ;
#1432 = LINE ( 'NONE', #52, #373 ) ;
#1433 = DIRECTION ( 'NONE',  ( 1.000000000000000000, 0.000000000000000000, 0.000000000000000000 ) ) ;
#1434 = ORIENTED_EDGE ( 'NONE', *, *, #146, .F. ) ;
#1435 = EDGE_CURVE ( 'NONE', #569, #306, #783, .T. ) ;
#1436 = EDGE_CURVE ( 'NONE', #450, #858, #574, .T. ) ;
#1437 = PLANE ( 'NONE',  #969 ) ;
#1438 = ORIENTED_EDGE ( 'NONE', *, *, #1337, .T. ) ;
#1439 = VECTOR ( 'NONE', #1365, 1000.000000000000000 ) ;
#1440 = CARTESIAN_POINT ( 'NONE',  ( 10.00000000000000000, -13.00000000000000000, 0.000000000000000000 ) ) ;
#1441 = EDGE_CURVE ( 'NONE', #1181, #569, #793, .T. ) ;
#1442 = DIRECTION ( 'NONE',  ( 0.000000000000000000, 0.000000000000000000, -1.000000000000000000 ) ) ;
#1443 = CARTESIAN_POINT ( 'NONE',  ( 5.000000000000000000, -16.50000000000000000, -55.99999999999999289 ) ) ;
#1444 = VERTEX_POINT ( 'NONE', #1356 ) ;
#1445 = FACE_OUTER_BOUND ( 'NONE', #39, .T. ) ;
#1446 = ORIENTED_EDGE ( 'NONE', *, *, #1244, .F. ) ;
#1447 = DIRECTION ( 'NONE',  ( -1.000000000000000000, 0.000000000000000000, 0.000000000000000000 ) ) ;
#1448 = AXIS2_PLACEMENT_3D ( 'NONE', #1043, #4, #468 ) ;
#1449 = CARTESIAN_POINT ( 'NONE',  ( 5.000000000000000000, 4.999999999999999112, -5.000000000000000000 ) ) ;
#1450 = LINE ( 'NONE', #753, #1231 ) ;
#1451 = ORIENTED_EDGE ( 'NONE', *, *, #577, .T. ) ;
#1452 = DIRECTION ( 'NONE',  ( -0.000000000000000000, 1.000000000000000000, -0.000000000000000000 ) ) ;
#1453 = ORIENTED_EDGE ( 'NONE', *, *, #242, .F. ) ;
#1454 = AXIS2_PLACEMENT_3D ( 'NONE', #921, #673, #220 ) ;
#1455 = DIRECTION ( 'NONE',  ( 0.000000000000000000, 0.000000000000000000, -1.000000000000000000 ) ) ;
#1456 = DIRECTION ( 'NONE',  ( -0.000000000000000000, -1.000000000000000000, -0.000000000000000000 ) ) ;
#1457 =( NAMED_UNIT ( * ) PLANE_ANGLE_UNIT ( ) SI_UNIT ( $, .RADIAN. ) );
#1458 = EDGE_CURVE ( 'NONE', #262, #1037, #80, .T. ) ;
#1459 = ORIENTED_EDGE ( 'NONE', *, *, #1081, .F. ) ;
#1460 = AXIS2_PLACEMENT_3D ( 'NONE', #113, #463, #814 ) ;
#1461 = LINE ( 'NONE', #946, #564 ) ;
#1462 = ORIENTED_EDGE ( 'NONE', *, *, #98, .T. ) ;
#1463 = FACE_BOUND ( 'NONE', #167, .T. ) ;
#1464 = CARTESIAN_POINT ( 'NONE',  ( 14.99999999999999645, 5.000000000000000000, -58.49999999999998579 ) ) ;
#1465 = DIRECTION ( 'NONE',  ( -0.000000000000000000, -1.000000000000000000, -0.000000000000000000 ) ) ;
#1466 = ORIENTED_EDGE ( 'NONE', *, *, #1318, .T. ) ;
#1467 = LINE ( 'NONE', #867, #505 ) ;
#1468 = EDGE_CURVE ( 'NONE', #1469, #1229, #1079, .T. ) ;
#1469 = VERTEX_POINT ( 'NONE', #1472 ) ;
#1470 = FACE_OUTER_BOUND ( 'NONE', #655, .T. ) ;
#1471 = PLANE ( 'NONE',  #253 ) ;
#1472 = CARTESIAN_POINT ( 'NONE',  ( 45.00000000000000000, 5.000000000000000000, -56.84999999999997300 ) ) ;
#1473 = EDGE_LOOP ( 'NONE', ( #513, #423 ) ) ;
#1474 = CIRCLE ( 'NONE', #820, 1.750000000000015543 ) ;
#1475 = PLANE ( 'NONE',  #177 ) ;
#1476 = CARTESIAN_POINT ( 'NONE',  ( 55.00000000000000000, -13.00000000000000000, -57.74999999999999289 ) ) ;
#1477 = ORIENTED_EDGE ( 'NONE', *, *, #198, .F. ) ;
#1478 = CARTESIAN_POINT ( 'NONE',  ( 45.00000000000000000, 5.000000000000000000, -60.14999999999999858 ) ) ;
#1479 = CARTESIAN_POINT ( 'NONE',  ( 60.00000000000000000, 0.000000000000000000, -10.00000000000000178 ) ) ;
#1480 = AXIS2_PLACEMENT_3D ( 'NONE', #289, #1190, #863 ) ;
#1481 = ORIENTED_EDGE ( 'NONE', *, *, #862, .T. ) ;
#1482 = CARTESIAN_POINT ( 'NONE',  ( 5.000000000000000000, -16.50000000000000000, -57.75000000000000711 ) ) ;
#1483 = AXIS2_PLACEMENT_3D ( 'NONE', #164, #45, #967 ) ;
#1484 = EDGE_CURVE ( 'NONE', #103, #402, #303, .T. ) ;
#1485 = CARTESIAN_POINT ( 'NONE',  ( 49.99999999999999289, -13.00000000000000000, -60.99999999999999289 ) ) ;
#1486 = ORIENTED_EDGE ( 'NONE', *, *, #98, .F. ) ;
#1487 = AXIS2_PLACEMENT_3D ( 'NONE', #1417, #1410, #509 ) ;
#1488 = DIRECTION ( 'NONE',  ( -0.000000000000000000, -0.000000000000000000, 1.000000000000000000 ) ) ;
#1489 = ADVANCED_FACE ( 'NONE', ( #1373 ), #567, .F. ) ;
#1490 = ORIENTED_EDGE ( 'NONE', *, *, #352, .F. ) ;
#1491 = FACE_OUTER_BOUND ( 'NONE', #378, .T. ) ;
#1492 = FACE_BOUND ( 'NONE', #1219, .T. ) ;
#1493 = VERTEX_POINT ( 'NONE', #878 ) ;
#1494 = DIRECTION ( 'NONE',  ( -0.000000000000000000, -1.000000000000000000, -0.000000000000000000 ) ) ;
#1495 = LINE ( 'NONE', #465, #859 ) ;
ENDSEC;
END-ISO-10303-21;
