ISO-10303-21;
HEADER;
FILE_DESCRIPTION (( 'STEP AP214' ),
    '1' );
FILE_NAME ('»ùÕ¾Ö§¼Ü.STEP',
    '2026-07-31T03:53:38',
    ( '' ),
    ( '' ),
    'SwSTEP 2.0',
    'SolidWorks 2024',
    '' );
FILE_SCHEMA (( 'AUTOMOTIVE_DESIGN' ));
ENDSEC;

DATA;
#1 = ORIENTED_EDGE ( 'NONE', *, *, #1946, .F. ) ;
#2 = CARTESIAN_POINT ( 'NONE',  ( -2.598076211353330223, 1.500000000000025091, 3.469446951953614189E-14 ) ) ;
#3 = AXIS2_PLACEMENT_3D ( 'NONE', #175, #1282, #2393 ) ;
#4 = LINE ( 'NONE', #1396, #552 ) ;
#5 = CARTESIAN_POINT ( 'NONE',  ( 32.99999999999999289, 121.0000000000000142, 34.99999999999999289 ) ) ;
#6 = LINE ( 'NONE', #493, #3432 ) ;
#7 = FACE_OUTER_BOUND ( 'NONE', #1031, .T. ) ;
#8 = CARTESIAN_POINT ( 'NONE',  ( 33.12787643056336861, 51.37916512459871399, -70.00000000000000000 ) ) ;
#9 = EDGE_CURVE ( 'NONE', #682, #928, #2133, .T. ) ;
#10 = EDGE_LOOP ( 'NONE', ( #194, #415, #2658, #219 ) ) ;
#11 = DIRECTION ( 'NONE',  ( 0.000000000000000000, 0.000000000000000000, -1.000000000000000000 ) ) ;
#12 = COLOUR_RGB ( '',0.7921568627450980005, 0.8196078431372548767, 0.9333333333333333481 ) ;
#13 = AXIS2_PLACEMENT_3D ( 'NONE', #2121, #1796, #141 ) ;
#14 = CARTESIAN_POINT ( 'NONE',  ( 32.99999999999999289, 131.0000000000000000, -53.25000000000000000 ) ) ;
#15 = LINE ( 'NONE', #2891, #1113 ) ;
#16 = ORIENTED_EDGE ( 'NONE', *, *, #1387, .F. ) ;
#17 = EDGE_LOOP ( 'NONE', ( #2134, #1246, #947, #424 ) ) ;
#18 = VECTOR ( 'NONE', #3383, 1000.000000000000000 ) ;
#19 = EDGE_CURVE ( 'NONE', #2729, #627, #600, .T. ) ;
#20 = LINE ( 'NONE', #309, #3402 ) ;
#21 = DIRECTION ( 'NONE',  ( 0.000000000000000000, 0.000000000000000000, 1.000000000000000000 ) ) ;
#22 = ADVANCED_FACE ( 'NONE', ( #3227 ), #2329, .F. ) ;
#23 = CARTESIAN_POINT ( 'NONE',  ( 2.598076211353283593, -1.499999999999998890, 3.469446951953614189E-14 ) ) ;
#24 = VERTEX_POINT ( 'NONE', #1220 ) ;
#25 = ORIENTED_EDGE ( 'NONE', *, *, #2306, .T. ) ;
#26 = EDGE_CURVE ( 'NONE', #1401, #1525, #2642, .T. ) ;
#27 = DIRECTION ( 'NONE',  ( -0.000000000000000000, -1.000000000000000000, 0.000000000000000000 ) ) ;
#28 = PLANE ( 'NONE',  #1910 ) ;
#29 = VERTEX_POINT ( 'NONE', #2461 ) ;
#30 = CIRCLE ( 'NONE', #3453, 1.750000000000008438 ) ;
#31 = DIRECTION ( 'NONE',  ( -1.000000000000000000, -0.000000000000000000, -0.000000000000000000 ) ) ;
#32 = VECTOR ( 'NONE', #268, 1000.000000000000000 ) ;
#33 = DIRECTION ( 'NONE',  ( -0.000000000000000000, 1.000000000000000000, -0.000000000000000000 ) ) ;
#34 = VERTEX_POINT ( 'NONE', #1331 ) ;
#35 = ORIENTED_EDGE ( 'NONE', *, *, #1768, .T. ) ;
#36 = CIRCLE ( 'NONE', #206, 2.000000000000015543 ) ;
#37 = AXIS2_PLACEMENT_3D ( 'NONE', #1371, #3252, #1356 ) ;
#38 = VECTOR ( 'NONE', #3277, 1000.000000000000000 ) ;
#39 = DIRECTION ( 'NONE',  ( 0.000000000000000000, -0.000000000000000000, 1.000000000000000000 ) ) ;
#40 = DIRECTION ( 'NONE',  ( 0.000000000000000000, -1.000000000000000000, 0.000000000000000000 ) ) ;
#41 = DIRECTION ( 'NONE',  ( 0.5000000000000042188, 0.8660254037844362651, 0.000000000000000000 ) ) ;
#42 = EDGE_LOOP ( 'NONE', ( #3553, #1398 ) ) ;
#43 = ORIENTED_EDGE ( 'NONE', *, *, #3042, .F. ) ;
#44 = VECTOR ( 'NONE', #2986, 1000.000000000000000 ) ;
#45 = EDGE_CURVE ( 'NONE', #1174, #2279, #2425, .T. ) ;
#46 = ORIENTED_EDGE ( 'NONE', *, *, #2487, .F. ) ;
#47 = FACE_BOUND ( 'NONE', #1735, .T. ) ;
#48 = CARTESIAN_POINT ( 'NONE',  ( 38.99999999999999289, 131.0000000000000000, -55.00000000000000000 ) ) ;
#49 = DIRECTION ( 'NONE',  ( -0.5000000000000043299, -0.8660254037844361541, 0.000000000000000000 ) ) ;
#50 = ORIENTED_EDGE ( 'NONE', *, *, #3507, .F. ) ;
#51 = DIRECTION ( 'NONE',  ( 0.000000000000000000, 0.000000000000000000, -1.000000000000000000 ) ) ;
#52 = VECTOR ( 'NONE', #1159, 1000.000000000000000 ) ;
#53 = CARTESIAN_POINT ( 'NONE',  ( 39.00000000000000000, 0.000000000000000000, -17.00000000000000000 ) ) ;
#54 = ORIENTED_EDGE ( 'NONE', *, *, #3460, .F. ) ;
#55 = VERTEX_POINT ( 'NONE', #1896 ) ;
#56 = VECTOR ( 'NONE', #3596, 1000.000000000000000 ) ;
#57 = LINE ( 'NONE', #329, #3346 ) ;
#58 = CARTESIAN_POINT ( 'NONE',  ( 0.000000000000000000, 6.000000000000000000, -49.99999999999999289 ) ) ;
#59 = DIRECTION ( 'NONE',  ( 0.000000000000000000, 0.000000000000000000, 1.000000000000000000 ) ) ;
#60 = ADVANCED_FACE ( 'NONE', ( #1094 ), #1365, .F. ) ;
#61 = VERTEX_POINT ( 'NONE', #3316 ) ;
#62 = EDGE_CURVE ( 'NONE', #1378, #1986, #2987, .T. ) ;
#63 = VECTOR ( 'NONE', #3200, 1000.000000000000000 ) ;
#64 = EDGE_CURVE ( 'NONE', #1554, #3027, #2809, .T. ) ;
#65 = ORIENTED_EDGE ( 'NONE', *, *, #1387, .T. ) ;
#66 = ORIENTED_EDGE ( 'NONE', *, *, #3253, .F. ) ;
#67 = CARTESIAN_POINT ( 'NONE',  ( 32.99999999999999289, 81.00000000000000000, -69.99999999999998579 ) ) ;
#68 = EDGE_CURVE ( 'NONE', #1146, #3089, #2168, .T. ) ;
#69 = DIRECTION ( 'NONE',  ( -0.8660254037844362651, 0.5000000000000042188, -0.000000000000000000 ) ) ;
#70 = MANIFOLD_SOLID_BREP ( '\X2\52079664\X0\-\X2\62c94f38\X0\2', #2173 ) ;
#71 = LINE ( 'NONE', #3356, #318 ) ;
#72 = VERTEX_POINT ( 'NONE', #782 ) ;
#73 = VECTOR ( 'NONE', #3063, 1000.000000000000000 ) ;
#74 = CARTESIAN_POINT ( 'NONE',  ( 43.00000000000000000, 0.000000000000000000, 5.000000000000000888 ) ) ;
#75 = CARTESIAN_POINT ( 'NONE',  ( 2.598076211353289366, -1.500000000000001332, -70.00000000000000000 ) ) ;
#76 = ORIENTED_EDGE ( 'NONE', *, *, #296, .T. ) ;
#77 = ORIENTED_EDGE ( 'NONE', *, *, #3585, .F. ) ;
#78 = VECTOR ( 'NONE', #2538, 1000.000000000000000 ) ;
#79 = CARTESIAN_POINT ( 'NONE',  ( 17.99999999999999645, 6.000000000000000000, -63.00000000000000000 ) ) ;
#80 = DIRECTION ( 'NONE',  ( 1.000000000000000000, 0.000000000000000000, 0.000000000000000000 ) ) ;
#81 = CARTESIAN_POINT ( 'NONE',  ( 32.99999999999999289, 129.0000000000000284, 27.49999999999998224 ) ) ;
#82 = ORIENTED_EDGE ( 'NONE', *, *, #1552, .T. ) ;
#83 = MECHANICAL_DESIGN_GEOMETRIC_PRESENTATION_REPRESENTATION (  '', ( #938 ), #2113 ) ;
#84 = ORIENTED_EDGE ( 'NONE', *, *, #64, .T. ) ;
#85 = CARTESIAN_POINT ( 'NONE',  ( 23.12787643056335085, 34.05865704891009926, -60.00000000000000000 ) ) ;
#86 = CARTESIAN_POINT ( 'NONE',  ( 38.99999999999999289, 80.00000000000001421, -53.24999999999999289 ) ) ;
#87 = DIRECTION ( 'NONE',  ( -0.000000000000000000, 0.000000000000000000, -1.000000000000000000 ) ) ;
#88 = EDGE_CURVE ( 'NONE', #2013, #2881, #1647, .T. ) ;
#89 = ORIENTED_EDGE ( 'NONE', *, *, #1883, .T. ) ;
#90 = CARTESIAN_POINT ( 'NONE',  ( 43.00000000000000000, 81.00000000000000000, 10.00000000000000178 ) ) ;
#91 = FACE_OUTER_BOUND ( 'NONE', #2995, .T. ) ;
#92 = ORIENTED_EDGE ( 'NONE', *, *, #1258, .F. ) ;
#93 = VERTEX_POINT ( 'NONE', #3008 ) ;
#94 = EDGE_CURVE ( 'NONE', #1857, #3222, #1872, .T. ) ;
#95 = CARTESIAN_POINT ( 'NONE',  ( 43.00000000000000000, 6.000000000000000000, -65.00000000000000000 ) ) ;
#96 = VECTOR ( 'NONE', #115, 1000.000000000000000 ) ;
#97 = LINE ( 'NONE', #3416, #96 ) ;
#98 = LINE ( 'NONE', #1694, #1935 ) ;
#99 = VECTOR ( 'NONE', #2073, 1000.000000000000000 ) ;
#100 = VECTOR ( 'NONE', #1073, 1000.000000000000000 ) ;
#101 =( NAMED_UNIT ( * ) PLANE_ANGLE_UNIT ( ) SI_UNIT ( $, .RADIAN. ) );
#102 = VERTEX_POINT ( 'NONE', #2202 ) ;
#103 = ORIENTED_EDGE ( 'NONE', *, *, #1344, .T. ) ;
#104 = DIRECTION ( 'NONE',  ( 0.000000000000000000, 0.000000000000000000, -1.000000000000000000 ) ) ;
#105 = DIRECTION ( 'NONE',  ( 0.000000000000000000, 0.000000000000000000, 1.000000000000000000 ) ) ;
#106 = LINE ( 'NONE', #3179, #492 ) ;
#107 = EDGE_CURVE ( 'NONE', #3367, #3489, #2751, .T. ) ;
#108 = ORIENTED_EDGE ( 'NONE', *, *, #2444, .F. ) ;
#109 = LINE ( 'NONE', #720, #63 ) ;
#110 = EDGE_CURVE ( 'NONE', #3171, #29, #1930, .T. ) ;
#111 = DIRECTION ( 'NONE',  ( 0.000000000000000000, -0.000000000000000000, 1.000000000000000000 ) ) ;
#112 = ORIENTED_EDGE ( 'NONE', *, *, #456, .T. ) ;
#113 = ORIENTED_EDGE ( 'NONE', *, *, #3080, .F. ) ;
#114 = DIRECTION ( 'NONE',  ( 0.000000000000000000, 0.000000000000000000, 1.000000000000000000 ) ) ;
#115 = DIRECTION ( 'NONE',  ( 0.000000000000000000, 0.000000000000000000, -1.000000000000000000 ) ) ;
#116 = DIRECTION ( 'NONE',  ( 1.000000000000000000, -0.000000000000000000, -0.000000000000000000 ) ) ;
#117 = ORIENTED_EDGE ( 'NONE', *, *, #3470, .F. ) ;
#118 = VERTEX_POINT ( 'NONE', #5 ) ;
#119 = PLANE ( 'NONE',  #1143 ) ;
#120 = LINE ( 'NONE', #1737, #2573 ) ;
#121 = FACE_OUTER_BOUND ( 'NONE', #2900, .T. ) ;
#122 = EDGE_LOOP ( 'NONE', ( #112, #3396 ) ) ;
#123 = DIRECTION ( 'NONE',  ( 0.000000000000000000, 0.000000000000000000, 1.000000000000000000 ) ) ;
#124 = EDGE_CURVE ( 'NONE', #1531, #1343, #1912, .T. ) ;
#125 = LINE ( 'NONE', #2087, #3323 ) ;
#126 = ORIENTED_EDGE ( 'NONE', *, *, #2768, .F. ) ;
#127 = EDGE_LOOP ( 'NONE', ( #609, #3090, #2112, #1450 ) ) ;
#128 = CARTESIAN_POINT ( 'NONE',  ( 20.99999999999999289, 0.000000000000000000, -68.00000000000000000 ) ) ;
#129 = CARTESIAN_POINT ( 'NONE',  ( 33.12787643056336861, 51.37916512459871399, 8.326672684688719659E-17 ) ) ;
#130 = AXIS2_PLACEMENT_3D ( 'NONE', #1418, #3151, #1147 ) ;
#131 = ADVANCED_FACE ( 'NONE', ( #3043, #1110 ), #201, .T. ) ;
#132 = DIRECTION ( 'NONE',  ( 1.000000000000000000, -0.000000000000000000, -0.000000000000000000 ) ) ;
#133 = VERTEX_POINT ( 'NONE', #3418 ) ;
#134 = EDGE_LOOP ( 'NONE', ( #1542, #1030, #2745, #1984 ) ) ;
#135 = CARTESIAN_POINT ( 'NONE',  ( 4.271469970012319095, 33.39840301106579545, 1.224646799147353651E-15 ) ) ;
#136 = FACE_OUTER_BOUND ( 'NONE', #2556, .T. ) ;
#137 = ADVANCED_FACE ( 'NONE', ( #1730 ), #311, .F. ) ;
#138 = DIRECTION ( 'NONE',  ( -1.000000000000000000, 0.000000000000000000, 0.000000000000000000 ) ) ;
#139 = ORIENTED_EDGE ( 'NONE', *, *, #2212, .F. ) ;
#140 = DIRECTION ( 'NONE',  ( -1.000000000000000000, 0.000000000000000000, 0.000000000000000000 ) ) ;
#141 = DIRECTION ( 'NONE',  ( 0.000000000000000000, 0.000000000000000000, 1.000000000000000000 ) ) ;
#142 = VERTEX_POINT ( 'NONE', #1416 ) ;
#143 = ORIENTED_EDGE ( 'NONE', *, *, #1955, .T. ) ;
#144 = CARTESIAN_POINT ( 'NONE',  ( 38.99999999999999289, 131.0000000000000000, -5.000000000000000000 ) ) ;
#145 = LINE ( 'NONE', #1561, #1890 ) ;
#146 = ORIENTED_EDGE ( 'NONE', *, *, #542, .T. ) ;
#147 = DIRECTION ( 'NONE',  ( -1.000000000000000000, -0.000000000000000000, -0.000000000000000000 ) ) ;
#148 = AXIS2_PLACEMENT_3D ( 'NONE', #3215, #3423, #2629 ) ;
#149 = EDGE_LOOP ( 'NONE', ( #2469, #2769, #1477, #519, #471, #126, #575, #2931 ) ) ;
#150 = EDGE_LOOP ( 'NONE', ( #2867, #1541, #3061, #2840 ) ) ;
#151 = VECTOR ( 'NONE', #1163, 1000.000000000000000 ) ;
#152 = FACE_OUTER_BOUND ( 'NONE', #1432, .T. ) ;
#153 = EDGE_CURVE ( 'NONE', #838, #1169, #1473, .T. ) ;
#154 = LINE ( 'NONE', #1499, #1599 ) ;
#155 = ORIENTED_EDGE ( 'NONE', *, *, #1955, .F. ) ;
#156 = DIRECTION ( 'NONE',  ( -1.000000000000000000, -0.000000000000000000, -0.000000000000000000 ) ) ;
#157 = DIRECTION ( 'NONE',  ( 1.000000000000000000, -0.000000000000000000, -0.000000000000000000 ) ) ;
#158 = ORIENTED_EDGE ( 'NONE', *, *, #3283, .T. ) ;
#159 = ORIENTED_EDGE ( 'NONE', *, *, #3111, .F. ) ;
#160 = AXIS2_PLACEMENT_3D ( 'NONE', #2281, #2246, #1956 ) ;
#161 = CARTESIAN_POINT ( 'NONE',  ( 43.00000000000000000, 56.00000000000000711, -95.00000000000001421 ) ) ;
#162 = DIRECTION ( 'NONE',  ( -1.000000000000000000, 0.000000000000000000, 0.000000000000000000 ) ) ;
#163 = ORIENTED_EDGE ( 'NONE', *, *, #506, .F. ) ;
#164 = EDGE_CURVE ( 'NONE', #2319, #398, #2312, .T. ) ;
#165 = DIRECTION ( 'NONE',  ( 1.000000000000000000, -0.000000000000000000, -0.000000000000000000 ) ) ;
#166 = AXIS2_PLACEMENT_3D ( 'NONE', #1224, #1242, #950 ) ;
#167 = ORIENTED_EDGE ( 'NONE', *, *, #2265, .F. ) ;
#168 = ADVANCED_FACE ( 'NONE', ( #2783 ), #1165, .T. ) ;
#169 = VERTEX_POINT ( 'NONE', #2021 ) ;
#170 = AXIS2_PLACEMENT_3D ( 'NONE', #3287, #823, #1919 ) ;
#171 = CARTESIAN_POINT ( 'NONE',  ( 14.99999999999999645, 6.000000000000000000, 0.000000000000000000 ) ) ;
#172 = CARTESIAN_POINT ( 'NONE',  ( 20.99999999999999289, 6.000000000000000000, -68.00000000000000000 ) ) ;
#173 = EDGE_LOOP ( 'NONE', ( #1247, #2691, #2039, #167 ) ) ;
#174 = CIRCLE ( 'NONE', #1916, 3.000000000000002665 ) ;
#175 = CARTESIAN_POINT ( 'NONE',  ( 43.00000000000000000, 80.00000000000001421, -55.00000000000000000 ) ) ;
#176 = CARTESIAN_POINT ( 'NONE',  ( 32.99999999999999289, 129.0000000000000284, 27.49999999999998224 ) ) ;
#177 = ORIENTED_EDGE ( 'NONE', *, *, #241, .T. ) ;
#178 = ORIENTED_EDGE ( 'NONE', *, *, #3152, .F. ) ;
#179 = CARTESIAN_POINT ( 'NONE',  ( 0.000000000000000000, 6.000000000000000000, 0.000000000000000000 ) ) ;
#180 = DIRECTION ( 'NONE',  ( -1.000000000000000000, -0.000000000000000000, -0.000000000000000000 ) ) ;
#181 = ORIENTED_EDGE ( 'NONE', *, *, #2102, .F. ) ;
#182 = FACE_OUTER_BOUND ( 'NONE', #3068, .T. ) ;
#183 = ORIENTED_EDGE ( 'NONE', *, *, #765, .T. ) ;
#184 = ORIENTED_EDGE ( 'NONE', *, *, #1032, .F. ) ;
#185 = AXIS2_PLACEMENT_3D ( 'NONE', #2360, #3162, #2322 ) ;
#186 = EDGE_CURVE ( 'NONE', #2078, #398, #98, .T. ) ;
#187 = CARTESIAN_POINT ( 'NONE',  ( 39.00000000000000000, 6.000000000000000000, -15.24999999999998579 ) ) ;
#188 = CARTESIAN_POINT ( 'NONE',  ( 39.99999999999999289, 6.000000000000000000, -68.00000000000000000 ) ) ;
#189 = ORIENTED_EDGE ( 'NONE', *, *, #1374, .T. ) ;
#190 = VECTOR ( 'NONE', #3400, 1000.000000000000000 ) ;
#191 = CARTESIAN_POINT ( 'NONE',  ( 38.99999999999999289, 6.000000000000000000, -43.00000000000000000 ) ) ;
#192 = ADVANCED_FACE ( 'NONE', ( #2837 ), #2588, .T. ) ;
#193 = CARTESIAN_POINT ( 'NONE',  ( 38.99999999999999289, 131.0000000000000000, -53.25000000000000000 ) ) ;
#194 = ORIENTED_EDGE ( 'NONE', *, *, #2668, .T. ) ;
#195 = VERTEX_POINT ( 'NONE', #2530 ) ;
#196 = PLANE ( 'NONE',  #2127 ) ;
#197 = DIRECTION ( 'NONE',  ( 0.000000000000000000, 0.000000000000000000, -1.000000000000000000 ) ) ;
#198 = VERTEX_POINT ( 'NONE', #1748 ) ;
#199 = DIRECTION ( 'NONE',  ( 0.000000000000000000, 1.000000000000000000, 0.000000000000000000 ) ) ;
#200 = CARTESIAN_POINT ( 'NONE',  ( 32.99999999999999289, 131.0000000000000000, -5.000000000000000000 ) ) ;
#201 = PLANE ( 'NONE',  #1007 ) ;
#202 = VERTEX_POINT ( 'NONE', #1968 ) ;
#203 = CARTESIAN_POINT ( 'NONE',  ( 32.99999999999999289, 80.00000000000001421, -55.00000000000000000 ) ) ;
#204 = VECTOR ( 'NONE', #2382, 1000.000000000000000 ) ;
#205 = CARTESIAN_POINT ( 'NONE',  ( 33.00000000000000000, 39.15767664977232698, -60.00000000000000000 ) ) ;
#206 = AXIS2_PLACEMENT_3D ( 'NONE', #2704, #536, #1034 ) ;
#207 = AXIS2_PLACEMENT_3D ( 'NONE', #2239, #1746, #1966 ) ;
#208 = VECTOR ( 'NONE', #490, 1000.000000000000000 ) ;
#209 = FACE_BOUND ( 'NONE', #295, .T. ) ;
#210 = CARTESIAN_POINT ( 'NONE',  ( 23.99999999999999289, 6.000000000000000000, 5.750000000000013323 ) ) ;
#211 = ORIENTED_EDGE ( 'NONE', *, *, #779, .F. ) ;
#212 = EDGE_CURVE ( 'NONE', #2670, #2832, #1204, .T. ) ;
#213 = ORIENTED_EDGE ( 'NONE', *, *, #1914, .F. ) ;
#214 = EDGE_CURVE ( 'NONE', #3238, #1128, #2856, .T. ) ;
#215 = FACE_OUTER_BOUND ( 'NONE', #1009, .T. ) ;
#216 = DIRECTION ( 'NONE',  ( -0.000000000000000000, 1.000000000000000000, -0.000000000000000000 ) ) ;
#217 = VECTOR ( 'NONE', #337, 1000.000000000000000 ) ;
#218 = CARTESIAN_POINT ( 'NONE',  ( 33.12787643056337572, 51.37916512459872820, -60.00000000000000000 ) ) ;
#219 = ORIENTED_EDGE ( 'NONE', *, *, #3574, .T. ) ;
#220 = DIRECTION ( 'NONE',  ( 1.000000000000000000, -0.000000000000000000, -0.000000000000000000 ) ) ;
#221 = ADVANCED_FACE ( 'NONE', ( #3112 ), #1437, .F. ) ;
#222 = DIRECTION ( 'NONE',  ( 6.938893903907227145E-17, -0.000000000000000000, 1.000000000000000000 ) ) ;
#223 = DIRECTION ( 'NONE',  ( 0.000000000000000000, 0.000000000000000000, 1.000000000000000000 ) ) ;
#224 = FACE_OUTER_BOUND ( 'NONE', #2380, .T. ) ;
#225 = VECTOR ( 'NONE', #1177, 1000.000000000000000 ) ;
#226 = CARTESIAN_POINT ( 'NONE',  ( 32.99999999999998579, 63.15767664977228435, -9.999999999999966249 ) ) ;
#227 = CIRCLE ( 'NONE', #1795, 3.000000000000002665 ) ;
#228 = DIRECTION ( 'NONE',  ( 1.000000000000000000, -0.000000000000000000, -0.000000000000000000 ) ) ;
#229 = CARTESIAN_POINT ( 'NONE',  ( 20.99999999999999289, 0.000000000000000000, 5.000000000000001776 ) ) ;
#230 = ORIENTED_EDGE ( 'NONE', *, *, #700, .T. ) ;
#231 = ORIENTED_EDGE ( 'NONE', *, *, #2294, .T. ) ;
#232 = CIRCLE ( 'NONE', #2267, 2.000000000000001776 ) ;
#233 = EDGE_CURVE ( 'NONE', #1378, #1677, #1023, .T. ) ;
#234 = LINE ( 'NONE', #3291, #3517 ) ;
#235 = LINE ( 'NONE', #486, #3114 ) ;
#236 = DIRECTION ( 'NONE',  ( -0.000000000000000000, -1.000000000000000000, -0.000000000000000000 ) ) ;
#237 = VERTEX_POINT ( 'NONE', #1183 ) ;
#238 = CARTESIAN_POINT ( 'NONE',  ( 12.93172400785668863, 28.39840301106576348, -60.00000000000000000 ) ) ;
#239 = LINE ( 'NONE', #3007, #100 ) ;
#240 = DIRECTION ( 'NONE',  ( -1.000000000000000000, 0.000000000000000000, 6.938893903907228378E-17 ) ) ;
#241 = EDGE_CURVE ( 'NONE', #1750, #1366, #2276, .T. ) ;
#242 = ORIENTED_EDGE ( 'NONE', *, *, #513, .F. ) ;
#243 = CARTESIAN_POINT ( 'NONE',  ( 0.000000000000000000, 6.000000000000000000, -60.00000000000000000 ) ) ;
#244 = VECTOR ( 'NONE', #3490, 1000.000000000000000 ) ;
#245 = DIRECTION ( 'NONE',  ( 1.000000000000000000, -0.000000000000000000, -0.000000000000000000 ) ) ;
#246 = EDGE_CURVE ( 'NONE', #980, #1759, #2242, .T. ) ;
#247 = DIRECTION ( 'NONE',  ( 0.000000000000000000, 0.000000000000000000, 1.000000000000000000 ) ) ;
#248 = ADVANCED_FACE ( 'NONE', ( #3366 ), #1983, .T. ) ;
#249 = LINE ( 'NONE', #1901, #3307 ) ;
#250 = ORIENTED_EDGE ( 'NONE', *, *, #1032, .T. ) ;
#251 = LINE ( 'NONE', #2142, #2820 ) ;
#252 = CARTESIAN_POINT ( 'NONE',  ( 43.00000000000000000, 80.00000000000001421, -8.000000000000021316 ) ) ;
#253 = DIRECTION ( 'NONE',  ( 0.000000000000000000, -1.000000000000000000, 0.000000000000000000 ) ) ;
#254 = ORIENTED_EDGE ( 'NONE', *, *, #153, .F. ) ;
#255 = DIRECTION ( 'NONE',  ( 0.000000000000000000, 0.000000000000000000, -1.000000000000000000 ) ) ;
#256 = DIRECTION ( 'NONE',  ( 0.000000000000000000, 0.000000000000000000, 1.000000000000000000 ) ) ;
#257 = CARTESIAN_POINT ( 'NONE',  ( 32.99999999999999289, 126.0000000000000000, -49.99999999999998579 ) ) ;
#258 = EDGE_CURVE ( 'NONE', #3247, #2374, #616, .T. ) ;
#259 = VERTEX_POINT ( 'NONE', #365 ) ;
#260 = CARTESIAN_POINT ( 'NONE',  ( 38.99999999999999289, 131.0000000000000000, -1.999999999999997335 ) ) ;
#261 = CARTESIAN_POINT ( 'NONE',  ( 29.62787643056334019, 45.31698729810764803, -62.00000000000000000 ) ) ;
#262 = PLANE ( 'NONE',  #3140 ) ;
#263 = LINE ( 'NONE', #3320, #2086 ) ;
#264 = AXIS2_PLACEMENT_3D ( 'NONE', #1526, #3186, #2381 ) ;
#265 = CIRCLE ( 'NONE', #3494, 10.00000000000000000 ) ;
#266 = EDGE_LOOP ( 'NONE', ( #617, #1889, #3127, #428 ) ) ;
#267 = CARTESIAN_POINT ( 'NONE',  ( 39.99999999999999289, 0.000000000000000000, -68.00000000000000000 ) ) ;
#268 = DIRECTION ( 'NONE',  ( 1.000000000000000000, -0.000000000000000000, -0.000000000000000000 ) ) ;
#269 = CARTESIAN_POINT ( 'NONE',  ( 20.99999999999999289, 0.000000000000000000, 8.000000000000001776 ) ) ;
#270 = ORIENTED_EDGE ( 'NONE', *, *, #2698, .T. ) ;
#271 = ORIENTED_EDGE ( 'NONE', *, *, #2394, .T. ) ;
#272 = CARTESIAN_POINT ( 'NONE',  ( 30.62787643056335085, 47.04903810567653011, 2.000000000000019096 ) ) ;
#273 = CYLINDRICAL_SURFACE ( 'NONE', #1783, 2.000000000000015543 ) ;
#274 = ORIENTED_EDGE ( 'NONE', *, *, #321, .F. ) ;
#275 = PLANE ( 'NONE',  #2796 ) ;
#276 = EDGE_CURVE ( 'NONE', #1704, #1864, #1474, .T. ) ;
#277 = ADVANCED_FACE ( 'NONE', ( #3150 ), #653, .F. ) ;
#278 = CARTESIAN_POINT ( 'NONE',  ( 39.99999999999999289, 6.000000000000000000, 5.000000000000000888 ) ) ;
#279 = CIRCLE ( 'NONE', #746, 2.000000000000001776 ) ;
#280 = DIRECTION ( 'NONE',  ( -0.000000000000000000, -1.000000000000000000, -0.000000000000000000 ) ) ;
#281 = EDGE_CURVE ( 'NONE', #3584, #2711, #382, .T. ) ;
#282 = VERTEX_POINT ( 'NONE', #3038 ) ;
#283 = EDGE_CURVE ( 'NONE', #743, #1429, #3003, .T. ) ;
#284 = LINE ( 'NONE', #2830, #407 ) ;
#285 = LINE ( 'NONE', #556, #1130 ) ;
#286 = CARTESIAN_POINT ( 'NONE',  ( 0.000000000000000000, 6.000000000000000000, 0.000000000000000000 ) ) ;
#287 = EDGE_LOOP ( 'NONE', ( #749, #3468, #2175, #731 ) ) ;
#288 = ORIENTED_EDGE ( 'NONE', *, *, #966, .T. ) ;
#289 = DIRECTION ( 'NONE',  ( 1.000000000000000000, -0.000000000000000000, -0.000000000000000000 ) ) ;
#290 = CARTESIAN_POINT ( 'NONE',  ( 43.00000000000000000, 6.000000000000000000, -65.00000000000000000 ) ) ;
#291 = EDGE_CURVE ( 'NONE', #1394, #29, #2472, .T. ) ;
#292 = DIRECTION ( 'NONE',  ( 0.000000000000000000, 1.000000000000000000, 0.000000000000000000 ) ) ;
#293 = ORIENTED_EDGE ( 'NONE', *, *, #476, .F. ) ;
#294 = DIRECTION ( 'NONE',  ( 0.000000000000000000, 0.000000000000000000, -1.000000000000000000 ) ) ;
#295 = EDGE_LOOP ( 'NONE', ( #143, #1200 ) ) ;
#296 = EDGE_CURVE ( 'NONE', #2881, #502, #1619, .T. ) ;
#297 = DIRECTION ( 'NONE',  ( -0.5000000000000036637, -0.8660254037844364872, 0.000000000000000000 ) ) ;
#298 = AXIS2_PLACEMENT_3D ( 'NONE', #750, #1842, #1515 ) ;
#299 = DIRECTION ( 'NONE',  ( 1.000000000000000000, -0.000000000000000000, -0.000000000000000000 ) ) ;
#300 = EDGE_LOOP ( 'NONE', ( #3260, #2297, #3311, #723 ) ) ;
#301 = DIRECTION ( 'NONE',  ( -0.000000000000000000, -0.000000000000000000, 1.000000000000000000 ) ) ;
#302 = AXIS2_PLACEMENT_3D ( 'NONE', #2108, #1283, #721 ) ;
#303 = CARTESIAN_POINT ( 'NONE',  ( 32.99999999999999289, 129.0000000000000284, 25.49999999999998224 ) ) ;
#304 = CARTESIAN_POINT ( 'NONE',  ( 23.12787643056334375, 34.05865704891008505, -3.469446951953614189E-15 ) ) ;
#305 = VERTEX_POINT ( 'NONE', #2179 ) ;
#306 = ORIENTED_EDGE ( 'NONE', *, *, #2554, .T. ) ;
#307 = VECTOR ( 'NONE', #1941, 1000.000000000000000 ) ;
#308 = APPLICATION_CONTEXT ( 'automotive_design' ) ;
#309 = CARTESIAN_POINT ( 'NONE',  ( 17.93172400785672238, 37.05865704891011347, -3.469446951953614189E-15 ) ) ;
#310 = DIRECTION ( 'NONE',  ( -0.5000000000000042188, -0.8660254037844361541, 0.000000000000000000 ) ) ;
#311 = CYLINDRICAL_SURFACE ( 'NONE', #717, 2.000000000000001776 ) ;
#312 = ORIENTED_EDGE ( 'NONE', *, *, #276, .F. ) ;
#313 = ORIENTED_EDGE ( 'NONE', *, *, #1344, .F. ) ;
#314 = DIRECTION ( 'NONE',  ( 1.000000000000000000, 0.000000000000000000, 0.000000000000000000 ) ) ;
#315 = DIRECTION ( 'NONE',  ( -0.000000000000000000, -1.000000000000000000, -0.000000000000000000 ) ) ;
#316 = PLANE ( 'NONE',  #3168 ) ;
#317 = ORIENTED_EDGE ( 'NONE', *, *, #3014, .F. ) ;
#318 = VECTOR ( 'NONE', #49, 1000.000000000000114 ) ;
#319 = DIRECTION ( 'NONE',  ( 1.000000000000000000, -0.000000000000000000, -0.000000000000000000 ) ) ;
#320 = EDGE_CURVE ( 'NONE', #2842, #1257, #1342, .T. ) ;
#321 = EDGE_CURVE ( 'NONE', #722, #3192, #1636, .T. ) ;
#322 = AXIS2_PLACEMENT_3D ( 'NONE', #1409, #3340, #3070 ) ;
#323 = CARTESIAN_POINT ( 'NONE',  ( 43.00000000000000000, 80.00000000000001421, -51.99999999999998579 ) ) ;
#324 = ORIENTED_EDGE ( 'NONE', *, *, #186, .F. ) ;
#325 = ADVANCED_FACE ( 'NONE', ( #1671 ), #3052, .T. ) ;
#326 = ORIENTED_EDGE ( 'NONE', *, *, #2574, .T. ) ;
#327 = VECTOR ( 'NONE', #741, 1000.000000000000000 ) ;
#328 = CIRCLE ( 'NONE', #3056, 1.750000000000015543 ) ;
#329 = CARTESIAN_POINT ( 'NONE',  ( 32.99999999999999289, 136.0000000000000000, 34.99999999999999289 ) ) ;
#330 = DIRECTION ( 'NONE',  ( 0.000000000000000000, 0.000000000000000000, 1.000000000000000000 ) ) ;
#331 = CARTESIAN_POINT ( 'NONE',  ( 20.99999999999999289, 6.000000000000000000, -65.00000000000000000 ) ) ;
#332 = ORIENTED_EDGE ( 'NONE', *, *, #1013, .F. ) ;
#333 = EDGE_CURVE ( 'NONE', #2535, #3247, #1361, .T. ) ;
#334 = ORIENTED_EDGE ( 'NONE', *, *, #3325, .T. ) ;
#335 = AXIS2_PLACEMENT_3D ( 'NONE', #2802, #314, #1152 ) ;
#336 = VERTEX_POINT ( 'NONE', #1105 ) ;
#337 = DIRECTION ( 'NONE',  ( 0.5000000000000041078, 0.8660254037844363761, -4.694093751100967643E-16 ) ) ;
#338 = CARTESIAN_POINT ( 'NONE',  ( 32.99999999999999289, 56.00000000000000711, -95.00000000000001421 ) ) ;
#339 = DIRECTION ( 'NONE',  ( 0.000000000000000000, 0.000000000000000000, -1.000000000000000000 ) ) ;
#340 = ORIENTED_EDGE ( 'NONE', *, *, #2368, .T. ) ;
#341 = CARTESIAN_POINT ( 'NONE',  ( 38.99999999999999289, 131.0000000000000000, -56.75000000000000000 ) ) ;
#342 = CARTESIAN_POINT ( 'NONE',  ( 4.271469970012319095, 33.39840301106579545, -9.999999999999966249 ) ) ;
#343 = ORIENTED_EDGE ( 'NONE', *, *, #1582, .T. ) ;
#344 = ORIENTED_EDGE ( 'NONE', *, *, #1098, .F. ) ;
#345 = VECTOR ( 'NONE', #3373, 1000.000000000000000 ) ;
#346 = CARTESIAN_POINT ( 'NONE',  ( 43.00000000000000000, 121.0000000000000142, 10.00000000000000000 ) ) ;
#347 = CARTESIAN_POINT ( 'NONE',  ( 39.99999999999999289, 6.000000000000000000, -65.00000000000000000 ) ) ;
#348 = DIRECTION ( 'NONE',  ( -1.000000000000000000, -0.000000000000000000, -0.000000000000000000 ) ) ;
#349 = EDGE_LOOP ( 'NONE', ( #3370, #3211, #1237, #890 ) ) ;
#350 = VECTOR ( 'NONE', #465, 1000.000000000000000 ) ;
#351 = EDGE_LOOP ( 'NONE', ( #3566, #2290, #1438, #1577 ) ) ;
#352 = EDGE_LOOP ( 'NONE', ( #66, #455, #3409, #343 ) ) ;
#353 = PLANE ( 'NONE',  #3065 ) ;
#354 = DIRECTION ( 'NONE',  ( -1.000000000000000000, 0.000000000000000000, 0.000000000000000000 ) ) ;
#355 = ADVANCED_FACE ( 'NONE', ( #2744 ), #795, .T. ) ;
#356 = FACE_OUTER_BOUND ( 'NONE', #3107, .T. ) ;
#357 = VERTEX_POINT ( 'NONE', #539 ) ;
#358 = CARTESIAN_POINT ( 'NONE',  ( 0.000000000000000000, 6.000000000000000000, -68.00000000000000000 ) ) ;
#359 = LINE ( 'NONE', #304, #3190 ) ;
#360 = VERTEX_POINT ( 'NONE', #1090 ) ;
#361 = ORIENTED_EDGE ( 'NONE', *, *, #3024, .F. ) ;
#362 = AXIS2_PLACEMENT_3D ( 'NONE', #2803, #372, #1189 ) ;
#363 = CARTESIAN_POINT ( 'NONE',  ( 43.00000000000000000, 121.0000000000000142, 34.99999999999999289 ) ) ;
#364 = LINE ( 'NONE', #635, #1777 ) ;
#365 = CARTESIAN_POINT ( 'NONE',  ( 28.12787643056333664, 42.71891108675436044, -70.00000000000000000 ) ) ;
#366 = VECTOR ( 'NONE', #2710, 1000.000000000000114 ) ;
#367 = EDGE_CURVE ( 'NONE', #632, #1476, #3295, .T. ) ;
#368 = VERTEX_POINT ( 'NONE', #759 ) ;
#369 = ORIENTED_EDGE ( 'NONE', *, *, #281, .F. ) ;
#370 = EDGE_CURVE ( 'NONE', #2550, #996, #1406, .T. ) ;
#371 = CARTESIAN_POINT ( 'NONE',  ( 39.99999999999999289, 6.000000000000000000, 8.000000000000000000 ) ) ;
#372 = DIRECTION ( 'NONE',  ( 0.000000000000000000, 1.000000000000000000, -0.000000000000000000 ) ) ;
#373 = PLANE ( 'NONE',  #2664 ) ;
#374 = ORIENTED_EDGE ( 'NONE', *, *, #3004, .T. ) ;
#375 = DIRECTION ( 'NONE',  ( 0.000000000000000000, 1.000000000000000000, 0.000000000000000000 ) ) ;
#376 = CARTESIAN_POINT ( 'NONE',  ( -2.137023679041679891, -9.701433589077820940, -9.470199780789744892 ) ) ;
#377 = EDGE_LOOP ( 'NONE', ( #92, #3039, #3504, #2199 ) ) ;
#378 = ORIENTED_EDGE ( 'NONE', *, *, #1079, .T. ) ;
#379 = LINE ( 'NONE', #1491, #1663 ) ;
#380 = AXIS2_PLACEMENT_3D ( 'NONE', #2948, #2129, #3240 ) ;
#381 = DIRECTION ( 'NONE',  ( 0.000000000000000000, 0.000000000000000000, 1.000000000000000000 ) ) ;
#382 = LINE ( 'NONE', #1764, #2227 ) ;
#383 = VECTOR ( 'NONE', #2621, 1000.000000000000000 ) ;
#384 = CIRCLE ( 'NONE', #2244, 3.000000000000002665 ) ;
#385 = AXIS2_PLACEMENT_3D ( 'NONE', #2311, #2275, #2528 ) ;
#386 = ORIENTED_EDGE ( 'NONE', *, *, #2709, .F. ) ;
#387 = ORIENTED_EDGE ( 'NONE', *, *, #1914, .T. ) ;
#388 = EDGE_CURVE ( 'NONE', #631, #3160, #3600, .T. ) ;
#389 = DIRECTION ( 'NONE',  ( 0.000000000000000000, 0.000000000000000000, -1.000000000000000000 ) ) ;
#390 = CARTESIAN_POINT ( 'NONE',  ( 2.598076211353289366, -1.500000000000001332, -70.00000000000000000 ) ) ;
#391 = AXIS2_PLACEMENT_3D ( 'NONE', #2767, #1349, #1658 ) ;
#392 = FACE_OUTER_BOUND ( 'NONE', #2872, .T. ) ;
#393 = ORIENTED_EDGE ( 'NONE', *, *, #1405, .T. ) ;
#394 = DIRECTION ( 'NONE',  ( 0.000000000000000000, 0.000000000000000000, 1.000000000000000000 ) ) ;
#395 = FACE_OUTER_BOUND ( 'NONE', #1071, .T. ) ;
#396 = VERTEX_POINT ( 'NONE', #2215 ) ;
#397 = EDGE_CURVE ( 'NONE', #682, #2715, #1906, .T. ) ;
#398 = VERTEX_POINT ( 'NONE', #1887 ) ;
#399 = EDGE_CURVE ( 'NONE', #976, #3160, #2401, .T. ) ;
#400 = DIRECTION ( 'NONE',  ( 1.000000000000000000, -0.000000000000000000, -0.000000000000000000 ) ) ;
#401 = CIRCLE ( 'NONE', #2723, 1.750000000000001554 ) ;
#402 = DIRECTION ( 'NONE',  ( 0.000000000000000000, 0.000000000000000000, -1.000000000000000000 ) ) ;
#403 = LINE ( 'NONE', #3452, #3557 ) ;
#404 = EDGE_CURVE ( 'NONE', #2137, #2279, #487, .T. ) ;
#405 = DIRECTION ( 'NONE',  ( 0.5000000000000042188, 0.8660254037844362651, 0.000000000000000000 ) ) ;
#406 = ORIENTED_EDGE ( 'NONE', *, *, #3408, .F. ) ;
#407 = VECTOR ( 'NONE', #3410, 1000.000000000000000 ) ;
#408 = CARTESIAN_POINT ( 'NONE',  ( 33.00000000000000000, 51.15767664977239804, 3.132069227516436974E-17 ) ) ;
#409 = DIRECTION ( 'NONE',  ( -0.000000000000000000, 1.000000000000000000, -0.000000000000000000 ) ) ;
#410 = LINE ( 'NONE', #975, #628 ) ;
#411 = ORIENTED_EDGE ( 'NONE', *, *, #855, .T. ) ;
#412 = CARTESIAN_POINT ( 'NONE',  ( 0.000000000000000000, 6.000000000000000000, 0.000000000000000000 ) ) ;
#413 = DIRECTION ( 'NONE',  ( 0.000000000000000000, 0.000000000000000000, -1.000000000000000000 ) ) ;
#414 = ORIENTED_EDGE ( 'NONE', *, *, #702, .T. ) ;
#415 = ORIENTED_EDGE ( 'NONE', *, *, #528, .F. ) ;
#416 = AXIS2_PLACEMENT_3D ( 'NONE', #203, #1317, #2428 ) ;
#417 = FACE_OUTER_BOUND ( 'NONE', #3271, .T. ) ;
#418 = DIRECTION ( 'NONE',  ( -0.000000000000000000, -1.000000000000000000, -0.000000000000000000 ) ) ;
#419 = AXIS2_PLACEMENT_3D ( 'NONE', #2826, #1443, #3422 ) ;
#420 = ORIENTED_EDGE ( 'NONE', *, *, #1201, .T. ) ;
#421 = CARTESIAN_POINT ( 'NONE',  ( 43.00000000000000000, 80.00000000000001421, -55.00000000000000000 ) ) ;
#422 = EDGE_CURVE ( 'NONE', #714, #1848, #401, .T. ) ;
#423 = ORIENTED_EDGE ( 'NONE', *, *, #3499, .T. ) ;
#424 = ORIENTED_EDGE ( 'NONE', *, *, #3015, .T. ) ;
#425 = DIRECTION ( 'NONE',  ( -0.000000000000000000, 1.000000000000000000, -0.000000000000000000 ) ) ;
#426 = DIRECTION ( 'NONE',  ( 1.000000000000000000, -0.000000000000000000, -6.938893903907227392E-16 ) ) ;
#427 = LINE ( 'NONE', #1553, #2180 ) ;
#428 = ORIENTED_EDGE ( 'NONE', *, *, #3095, .F. ) ;
#429 = CARTESIAN_POINT ( 'NONE',  ( 31.62787643056336861, 48.78108891324541929, -62.00000000000000000 ) ) ;
#430 = CARTESIAN_POINT ( 'NONE',  ( 39.99999999999999289, 0.000000000000000000, 5.000000000000000888 ) ) ;
#431 = VERTEX_POINT ( 'NONE', #3274 ) ;
#432 = VERTEX_POINT ( 'NONE', #218 ) ;
#433 = AXIS2_PLACEMENT_3D ( 'NONE', #2968, #1585, #2693 ) ;
#434 = FACE_OUTER_BOUND ( 'NONE', #266, .T. ) ;
#435 = EDGE_CURVE ( 'NONE', #1680, #2715, #1326, .T. ) ;
#436 = CARTESIAN_POINT ( 'NONE',  ( 33.12787643056336861, 51.37916512459871399, 8.326672684688719659E-17 ) ) ;
#437 = EDGE_CURVE ( 'NONE', #1281, #3270, #3537, .T. ) ;
#438 = ORIENTED_EDGE ( 'NONE', *, *, #3241, .T. ) ;
#439 = EDGE_CURVE ( 'NONE', #2075, #1456, #848, .T. ) ;
#440 = DIRECTION ( 'NONE',  ( 0.000000000000000000, 0.000000000000000000, 1.000000000000000000 ) ) ;
#441 = VECTOR ( 'NONE', #1088, 1000.000000000000000 ) ;
#442 = ORIENTED_EDGE ( 'NONE', *, *, #3556, .T. ) ;
#443 = ORIENTED_EDGE ( 'NONE', *, *, #3210, .F. ) ;
#444 = AXIS2_PLACEMENT_3D ( 'NONE', #1097, #1657, #2200 ) ;
#445 = CARTESIAN_POINT ( 'NONE',  ( 43.00000000000000000, 136.0000000000000000, -95.00000000000001421 ) ) ;
#446 = DIRECTION ( 'NONE',  ( -1.000000000000000000, 0.000000000000000000, 0.000000000000000000 ) ) ;
#447 = ORIENTED_EDGE ( 'NONE', *, *, #764, .F. ) ;
#448 = DIRECTION ( 'NONE',  ( -0.000000000000000000, 1.000000000000000000, -0.000000000000000000 ) ) ;
#449 = FACE_OUTER_BOUND ( 'NONE', #3369, .T. ) ;
#450 = EDGE_LOOP ( 'NONE', ( #443, #2125 ) ) ;
#451 = CIRCLE ( 'NONE', #2541, 3.000000000000016431 ) ;
#452 = ORIENTED_EDGE ( 'NONE', *, *, #388, .T. ) ;
#453 = DIRECTION ( 'NONE',  ( 0.000000000000000000, -1.000000000000000000, 0.000000000000000000 ) ) ;
#454 = LINE ( 'NONE', #1527, #2760 ) ;
#455 = ORIENTED_EDGE ( 'NONE', *, *, #2107, .F. ) ;
#456 = EDGE_CURVE ( 'NONE', #282, #1672, #1970, .T. ) ;
#457 = FACE_BOUND ( 'NONE', #2597, .T. ) ;
#458 = AXIS2_PLACEMENT_3D ( 'NONE', #3558, #769, #1590 ) ;
#459 = ORIENTED_EDGE ( 'NONE', *, *, #3549, .T. ) ;
#460 = ORIENTED_EDGE ( 'NONE', *, *, #1616, .T. ) ;
#461 = EDGE_CURVE ( 'NONE', #2070, #1701, #864, .T. ) ;
#462 = CARTESIAN_POINT ( 'NONE',  ( 43.00000000000000000, 126.0000000000000000, -49.99999999999999289 ) ) ;
#463 = LINE ( 'NONE', #205, #1849 ) ;
#464 = VERTEX_POINT ( 'NONE', #3395 ) ;
#465 = DIRECTION ( 'NONE',  ( -0.000000000000000000, -1.000000000000000000, -0.000000000000000000 ) ) ;
#466 = CARTESIAN_POINT ( 'NONE',  ( 32.99999999999999289, 63.00000000000002842, -87.50000000000002842 ) ) ;
#467 = EDGE_LOOP ( 'NONE', ( #2687, #1302 ) ) ;
#468 = ORIENTED_EDGE ( 'NONE', *, *, #1911, .T. ) ;
#469 = LINE ( 'NONE', #1617, #1604 ) ;
#470 = CARTESIAN_POINT ( 'NONE',  ( 43.00000000000000000, 80.00000000000001421, -5.000000000000005329 ) ) ;
#471 = ORIENTED_EDGE ( 'NONE', *, *, #3062, .T. ) ;
#472 = CARTESIAN_POINT ( 'NONE',  ( 43.00000000000000000, 131.0000000000000000, -8.000000000000003553 ) ) ;
#473 = ORIENTED_EDGE ( 'NONE', *, *, #1188, .F. ) ;
#474 = VERTEX_POINT ( 'NONE', #3377 ) ;
#475 = AXIS2_PLACEMENT_3D ( 'NONE', #2599, #1505, #111 ) ;
#476 = EDGE_CURVE ( 'NONE', #2611, #3467, #1997, .T. ) ;
#477 = DIRECTION ( 'NONE',  ( -0.000000000000000000, -1.000000000000000000, -0.000000000000000000 ) ) ;
#478 = PLANE ( 'NONE',  #914 ) ;
#479 = EDGE_CURVE ( 'NONE', #3204, #1987, #3411, .T. ) ;
#480 = AXIS2_PLACEMENT_3D ( 'NONE', #829, #1070, #777 ) ;
#481 = CARTESIAN_POINT ( 'NONE',  ( 43.00000000000000000, 6.000000000000000000, 0.000000000000000000 ) ) ;
#482 = DIRECTION ( 'NONE',  ( 0.000000000000000000, 1.000000000000000000, -0.000000000000000000 ) ) ;
#483 = ORIENTED_EDGE ( 'NONE', *, *, #1049, .T. ) ;
#484 = ORIENTED_EDGE ( 'NONE', *, *, #2222, .T. ) ;
#485 = CYLINDRICAL_SURFACE ( 'NONE', #962, 1.750000000000015543 ) ;
#486 = CARTESIAN_POINT ( 'NONE',  ( 39.99999999999999289, 6.000000000000000000, 8.000000000000000000 ) ) ;
#487 = LINE ( 'NONE', #1392, #2898 ) ;
#488 = EDGE_LOOP ( 'NONE', ( #2058, #1393, #2589, #593 ) ) ;
#489 = FACE_BOUND ( 'NONE', #2046, .T. ) ;
#490 = DIRECTION ( 'NONE',  ( 1.000000000000000000, -0.000000000000000000, -0.000000000000000000 ) ) ;
#491 = CARTESIAN_POINT ( 'NONE',  ( 0.000000000000000000, 0.000000000000000000, 0.000000000000000000 ) ) ;
#492 = VECTOR ( 'NONE', #681, 1000.000000000000114 ) ;
#493 = CARTESIAN_POINT ( 'NONE',  ( 0.000000000000000000, 6.000000000000000000, -49.99999999999999289 ) ) ;
#494 = VECTOR ( 'NONE', #522, 1000.000000000000000 ) ;
#495 = DIRECTION ( 'NONE',  ( 1.000000000000000000, -0.000000000000000000, -0.000000000000000000 ) ) ;
#496 = ADVANCED_FACE ( 'NONE', ( #91 ), #3126, .T. ) ;
#497 = EDGE_CURVE ( 'NONE', #202, #55, #1121, .T. ) ;
#498 = AXIS2_PLACEMENT_3D ( 'NONE', #1508, #998, #3239 ) ;
#499 = VECTOR ( 'NONE', #2476, 1000.000000000000000 ) ;
#500 = PLANE ( 'NONE',  #2731 ) ;
#501 = DIRECTION ( 'NONE',  ( 1.000000000000000000, -0.000000000000000000, -0.000000000000000000 ) ) ;
#502 = VERTEX_POINT ( 'NONE', #574 ) ;
#503 = EDGE_LOOP ( 'NONE', ( #3081, #598, #2089, #1942 ) ) ;
#504 = LINE ( 'NONE', #2177, #1021 ) ;
#505 = LINE ( 'NONE', #2727, #3230 ) ;
#506 = EDGE_CURVE ( 'NONE', #3489, #1818, #3342, .T. ) ;
#507 = AXIS2_PLACEMENT_3D ( 'NONE', #3138, #2332, #2577 ) ;
#508 = DIRECTION ( 'NONE',  ( 1.000000000000000000, -0.000000000000000000, -0.000000000000000000 ) ) ;
#509 = ORIENTED_EDGE ( 'NONE', *, *, #779, .T. ) ;
#510 = CARTESIAN_POINT ( 'NONE',  ( 25.43172400785673304, 50.04903810567655853, -62.00000000000000000 ) ) ;
#511 = CARTESIAN_POINT ( 'NONE',  ( 32.99999999999999289, 63.00000000000002842, 27.49999999999998934 ) ) ;
#512 = DIRECTION ( 'NONE',  ( 0.000000000000000000, -1.000000000000000000, 0.000000000000000000 ) ) ;
#513 = EDGE_CURVE ( 'NONE', #1018, #133, #689, .T. ) ;
#514 = DIRECTION ( 'NONE',  ( 1.000000000000000000, 0.000000000000000000, -0.000000000000000000 ) ) ;
#515 = AXIS2_PLACEMENT_3D ( 'NONE', #2162, #508, #2793 ) ;
#516 = CYLINDRICAL_SURFACE ( 'NONE', #612, 3.000000000000016431 ) ;
#517 = DIRECTION ( 'NONE',  ( -0.000000000000000000, -0.000000000000000000, -1.000000000000000000 ) ) ;
#518 = CARTESIAN_POINT ( 'NONE',  ( 33.00000000000000000, 39.15767664977232698, -60.00000000000000000 ) ) ;
#519 = ORIENTED_EDGE ( 'NONE', *, *, #2805, .F. ) ;
#520 = CIRCLE ( 'NONE', #1046, 2.000000000000015543 ) ;
#521 = CARTESIAN_POINT ( 'NONE',  ( 43.00000000000000000, 71.00000000000001421, 34.99999999999999289 ) ) ;
#522 = DIRECTION ( 'NONE',  ( -1.000000000000000000, -0.000000000000000000, -0.000000000000000000 ) ) ;
#523 = DIRECTION ( 'NONE',  ( -0.8660254037844363761, 0.5000000000000043299, -0.000000000000000000 ) ) ;
#524 = VERTEX_POINT ( 'NONE', #2236 ) ;
#525 = LINE ( 'NONE', #1908, #1776 ) ;
#526 = PLANE ( 'NONE',  #1605 ) ;
#527 =( LENGTH_UNIT ( ) NAMED_UNIT ( * ) SI_UNIT ( .MILLI., .METRE. ) );
#528 = EDGE_CURVE ( 'NONE', #2670, #988, #359, .T. ) ;
#529 = AXIS2_PLACEMENT_3D ( 'NONE', #2770, #566, #1679 ) ;
#530 = LINE ( 'NONE', #2718, #3266 ) ;
#531 = VECTOR ( 'NONE', #315, 1000.000000000000000 ) ;
#532 = DIRECTION ( 'NONE',  ( 0.000000000000000000, -1.000000000000000000, 0.000000000000000000 ) ) ;
#533 = FACE_BOUND ( 'NONE', #815, .T. ) ;
#534 = LINE ( 'NONE', #2756, #56 ) ;
#535 = ORIENTED_EDGE ( 'NONE', *, *, #2171, .F. ) ;
#536 = DIRECTION ( 'NONE',  ( -1.000000000000000000, -0.000000000000000000, -0.000000000000000000 ) ) ;
#537 = ADVANCED_FACE ( 'NONE', ( #590, #2583 ), #1197, .T. ) ;
#538 = FACE_OUTER_BOUND ( 'NONE', #1538, .T. ) ;
#539 = CARTESIAN_POINT ( 'NONE',  ( 43.00000000000000000, 6.000000000000000000, -10.00000000000000000 ) ) ;
#540 = ORIENTED_EDGE ( 'NONE', *, *, #3470, .T. ) ;
#541 = DIRECTION ( 'NONE',  ( -0.000000000000000000, 1.000000000000000000, -0.000000000000000000 ) ) ;
#542 = EDGE_CURVE ( 'NONE', #1995, #755, #916, .T. ) ;
#543 = LINE ( 'NONE', #2460, #1428 ) ;
#544 = DIRECTION ( 'NONE',  ( -1.000000000000000000, -0.000000000000000000, -0.000000000000000000 ) ) ;
#545 = DIRECTION ( 'NONE',  ( -0.000000000000000000, -1.000000000000000000, -0.000000000000000000 ) ) ;
#546 = ADVANCED_FACE ( 'NONE', ( #1431 ), #2031, .F. ) ;
#547 = ADVANCED_FACE ( 'NONE', ( #1758, #881 ), #2505, .F. ) ;
#548 = CIRCLE ( 'NONE', #2702, 2.000000000000001776 ) ;
#549 = DIRECTION ( 'NONE',  ( 0.8660254037844361541, -0.5000000000000043299, 0.000000000000000000 ) ) ;
#550 = CARTESIAN_POINT ( 'NONE',  ( 43.00000000000000000, 131.0000000000000000, -55.00000000000000000 ) ) ;
#551 = AXIS2_PLACEMENT_3D ( 'NONE', #2160, #1068, #3563 ) ;
#552 = VECTOR ( 'NONE', #3314, 1000.000000000000000 ) ;
#553 = ORIENTED_EDGE ( 'NONE', *, *, #1846, .T. ) ;
#554 = EDGE_CURVE ( 'NONE', #259, #2347, #3105, .T. ) ;
#555 = CARTESIAN_POINT ( 'NONE',  ( 32.99999999999999289, 121.0000000000000142, -69.99999999999998579 ) ) ;
#556 = CARTESIAN_POINT ( 'NONE',  ( 43.00000000000000000, 6.000000000000000000, 0.000000000000000000 ) ) ;
#557 = DIRECTION ( 'NONE',  ( 1.000000000000000000, 0.000000000000000000, -0.000000000000000000 ) ) ;
#558 = ORIENTED_EDGE ( 'NONE', *, *, #435, .F. ) ;
#559 = ORIENTED_EDGE ( 'NONE', *, *, #583, .F. ) ;
#560 = CARTESIAN_POINT ( 'NONE',  ( 43.00000000000000000, 111.0000000000000142, 0.000000000000000000 ) ) ;
#561 = AXIS2_PLACEMENT_3D ( 'NONE', #200, #2026, #104 ) ;
#562 = CARTESIAN_POINT ( 'NONE',  ( 9.271469970012359951, 42.05865704891015611, -9.999999999999966249 ) ) ;
#563 = DIRECTION ( 'NONE',  ( -0.8660254037844362651, 0.5000000000000041078, 0.000000000000000000 ) ) ;
#564 = EDGE_CURVE ( 'NONE', #1655, #928, #1723, .T. ) ;
#565 = ORIENTED_EDGE ( 'NONE', *, *, #2697, .F. ) ;
#566 = DIRECTION ( 'NONE',  ( 0.3535533905932786158, 0.6123724356957960246, -0.7071067811865439090 ) ) ;
#567 = ORIENTED_EDGE ( 'NONE', *, *, #1787, .T. ) ;
#568 = EDGE_CURVE ( 'NONE', #2790, #2355, #15, .T. ) ;
#569 = DIRECTION ( 'NONE',  ( 0.000000000000000000, 0.000000000000000000, 1.000000000000000000 ) ) ;
#570 = DIRECTION ( 'NONE',  ( 1.000000000000000000, 0.000000000000000000, -0.000000000000000000 ) ) ;
#571 = ORIENTED_EDGE ( 'NONE', *, *, #2563, .T. ) ;
#572 = DIRECTION ( 'NONE',  ( 0.000000000000000000, 0.000000000000000000, 1.000000000000000000 ) ) ;
#573 = LINE ( 'NONE', #1687, #2819 ) ;
#574 = CARTESIAN_POINT ( 'NONE',  ( 17.99999999999999645, 0.000000000000000000, -65.00000000000000000 ) ) ;
#575 = ORIENTED_EDGE ( 'NONE', *, *, #1683, .T. ) ;
#576 = ORIENTED_EDGE ( 'NONE', *, *, #2668, .F. ) ;
#577 = CARTESIAN_POINT ( 'NONE',  ( 14.99999999999999645, 0.000000000000000000, -63.00000000000000000 ) ) ;
#578 = CARTESIAN_POINT ( 'NONE',  ( 27.93172400785675435, 54.37916512459873530, 8.326672684688719659E-17 ) ) ;
#579 = CARTESIAN_POINT ( 'NONE',  ( -2.598076211353330223, 1.500000000000025091, -49.99999999999999289 ) ) ;
#580 = EDGE_LOOP ( 'NONE', ( #845, #3180, #2850, #849 ) ) ;
#581 = ORIENTED_EDGE ( 'NONE', *, *, #945, .T. ) ;
#582 = EDGE_CURVE ( 'NONE', #1469, #1495, #2653, .T. ) ;
#583 = EDGE_CURVE ( 'NONE', #2070, #2217, #995, .T. ) ;
#584 = FACE_BOUND ( 'NONE', #2701, .T. ) ;
#585 = CARTESIAN_POINT ( 'NONE',  ( 43.00000000000000000, 111.0000000000000142, -69.99999999999998579 ) ) ;
#586 = VECTOR ( 'NONE', #1770, 1000.000000000000000 ) ;
#587 = CARTESIAN_POINT ( 'NONE',  ( 12.93172400785668152, 28.39840301106575282, -9.999999999999966249 ) ) ;
#588 = ORIENTED_EDGE ( 'NONE', *, *, #241, .F. ) ;
#589 = DIRECTION ( 'NONE',  ( 0.000000000000000000, -1.000000000000000000, -0.000000000000000000 ) ) ;
#590 = FACE_BOUND ( 'NONE', #873, .T. ) ;
#591 = ORIENTED_EDGE ( 'NONE', *, *, #828, .F. ) ;
#592 = ADVANCED_FACE ( 'NONE', ( #3218 ), #665, .T. ) ;
#593 = ORIENTED_EDGE ( 'NONE', *, *, #2786, .T. ) ;
#594 = DIRECTION ( 'NONE',  ( 0.000000000000000000, 1.000000000000000000, -0.000000000000000000 ) ) ;
#595 = DIRECTION ( 'NONE',  ( -0.000000000000000000, -0.000000000000000000, 1.000000000000000000 ) ) ;
#596 = DIRECTION ( 'NONE',  ( -0.000000000000000000, -1.000000000000000000, -0.000000000000000000 ) ) ;
#597 = ORIENTED_EDGE ( 'NONE', *, *, #2554, .F. ) ;
#598 = ORIENTED_EDGE ( 'NONE', *, *, #3574, .F. ) ;
#599 = VERTEX_POINT ( 'NONE', #2944 ) ;
#600 = CIRCLE ( 'NONE', #2003, 1.750000000000015543 ) ;
#601 = LINE ( 'NONE', #822, #1260 ) ;
#602 = DIRECTION ( 'NONE',  ( 1.000000000000000000, -0.000000000000000000, -0.000000000000000000 ) ) ;
#603 = CARTESIAN_POINT ( 'NONE',  ( 43.00000000000000000, 6.000000000000000000, 0.000000000000000000 ) ) ;
#604 = ORIENTED_EDGE ( 'NONE', *, *, #687, .T. ) ;
#605 = AXIS2_PLACEMENT_3D ( 'NONE', #2827, #2268, #3102 ) ;
#606 = FACE_OUTER_BOUND ( 'NONE', #2119, .T. ) ;
#607 = VECTOR ( 'NONE', #3166, 1000.000000000000114 ) ;
#608 = DIRECTION ( 'NONE',  ( -0.3535533905932746190, -0.6123724356957890302, 0.7071067811865519026 ) ) ;
#609 = ORIENTED_EDGE ( 'NONE', *, *, #1946, .T. ) ;
#610 = ORIENTED_EDGE ( 'NONE', *, *, #940, .F. ) ;
#611 = VECTOR ( 'NONE', #1781, 1000.000000000000000 ) ;
#612 = AXIS2_PLACEMENT_3D ( 'NONE', #3573, #245, #1080 ) ;
#613 = ADVANCED_FACE ( 'NONE', ( #3483 ), #2960, .F. ) ;
#614 = DIRECTION ( 'NONE',  ( -0.000000000000000000, 1.000000000000000000, -0.000000000000000000 ) ) ;
#615 = DIRECTION ( 'NONE',  ( -0.3535533905932750076, -0.6123724356957895854, -0.7071067811865511255 ) ) ;
#616 = LINE ( 'NONE', #2571, #190 ) ;
#617 = ORIENTED_EDGE ( 'NONE', *, *, #1481, .F. ) ;
#618 = ADVANCED_FACE ( 'NONE', ( #449 ), #3183, .T. ) ;
#619 = UNCERTAINTY_MEASURE_WITH_UNIT (LENGTH_MEASURE( 1.000000000000000082E-05 ), #2553, 'distance_accuracy_value', 'NONE');
#620 = ORIENTED_EDGE ( 'NONE', *, *, #1258, .T. ) ;
#621 = CIRCLE ( 'NONE', #2659, 1.750000000000015543 ) ;
#622 = ORIENTED_EDGE ( 'NONE', *, *, #3014, .T. ) ;
#623 = ADVANCED_FACE ( 'NONE', ( #2048 ), #1488, .F. ) ;
#624 = FACE_OUTER_BOUND ( 'NONE', #3333, .T. ) ;
#625 = CARTESIAN_POINT ( 'NONE',  ( 14.99999999999999645, 6.000000000000000000, -63.00000000000000000 ) ) ;
#626 = CARTESIAN_POINT ( 'NONE',  ( 25.43172400785673304, 50.04903810567655853, -62.00000000000000000 ) ) ;
#627 = VERTEX_POINT ( 'NONE', #3466 ) ;
#628 = VECTOR ( 'NONE', #3197, 1000.000000000000000 ) ;
#629 = CARTESIAN_POINT ( 'NONE',  ( 43.00000000000000000, 6.000000000000000000, -60.00000000000000000 ) ) ;
#630 = DIRECTION ( 'NONE',  ( 1.000000000000000000, -0.000000000000000000, -0.000000000000000000 ) ) ;
#631 = VERTEX_POINT ( 'NONE', #2909 ) ;
#632 = VERTEX_POINT ( 'NONE', #3444 ) ;
#633 = EDGE_CURVE ( 'NONE', #1178, #1459, #125, .T. ) ;
#634 = FACE_OUTER_BOUND ( 'NONE', #1938, .T. ) ;
#635 = CARTESIAN_POINT ( 'NONE',  ( 43.00000000000000000, 131.0000000000000000, -1.999999999999997335 ) ) ;
#636 = DIRECTION ( 'NONE',  ( -1.000000000000000000, -0.000000000000000000, -0.000000000000000000 ) ) ;
#637 = AXIS2_PLACEMENT_3D ( 'NONE', #3012, #1845, #1573 ) ;
#638 = SHAPE_DEFINITION_REPRESENTATION ( #2508, #906 ) ;
#639 = ORIENTED_EDGE ( 'NONE', *, *, #2905, .T. ) ;
#640 = ORIENTED_EDGE ( 'NONE', *, *, #1883, .F. ) ;
#641 = DIRECTION ( 'NONE',  ( -0.8660254037844362651, 0.5000000000000041078, 0.000000000000000000 ) ) ;
#642 = DIRECTION ( 'NONE',  ( 0.8660254037844362651, -0.5000000000000041078, -0.000000000000000000 ) ) ;
#643 = DIRECTION ( 'NONE',  ( -1.000000000000000000, 0.000000000000000000, 0.000000000000000000 ) ) ;
#644 = ORIENTED_EDGE ( 'NONE', *, *, #2487, .T. ) ;
#645 = VECTOR ( 'NONE', #1295, 1000.000000000000000 ) ;
#646 = CARTESIAN_POINT ( 'NONE',  ( 23.99999999999999289, 6.000000000000000000, -64.00000000000000000 ) ) ;
#647 = DIRECTION ( 'NONE',  ( 0.000000000000000000, 0.000000000000000000, -1.000000000000000000 ) ) ;
#648 = ORIENTED_EDGE ( 'NONE', *, *, #1999, .F. ) ;
#649 = ORIENTED_EDGE ( 'NONE', *, *, #3281, .F. ) ;
#650 = AXIS2_PLACEMENT_3D ( 'NONE', #176, #3501, #3236 ) ;
#651 = CARTESIAN_POINT ( 'NONE',  ( 33.00000000000000000, 39.15767664977232698, -49.99999999999996447 ) ) ;
#652 = CARTESIAN_POINT ( 'NONE',  ( 7.666823898251806213, 19.27932852445524858, -20.52980021920987852 ) ) ;
#653 = CYLINDRICAL_SURFACE ( 'NONE', #1760, 1.750000000000008438 ) ;
#654 = ADVANCED_FACE ( 'NONE', ( #1523 ), #1556, .F. ) ;
#655 = VECTOR ( 'NONE', #3565, 1000.000000000000000 ) ;
#656 = EDGE_LOOP ( 'NONE', ( #3142, #927, #862, #2330, #1107, #2575, #1362, #3279, #1902, #3064, #3363, #2662, #3225, #2379, #3437 ) ) ;
#657 = VERTEX_POINT ( 'NONE', #1265 ) ;
#658 = EDGE_CURVE ( 'NONE', #1140, #2319, #705, .T. ) ;
#659 = DIRECTION ( 'NONE',  ( -0.8660254037844361541, 0.5000000000000042188, -0.000000000000000000 ) ) ;
#660 = CARTESIAN_POINT ( 'NONE',  ( 43.00000000000000000, 131.0000000000000000, -3.249999999999998668 ) ) ;
#661 = EDGE_CURVE ( 'NONE', #707, #3171, #1755, .T. ) ;
#662 = DIRECTION ( 'NONE',  ( 1.000000000000000000, -0.000000000000000000, -0.000000000000000000 ) ) ;
#663 = ORIENTED_EDGE ( 'NONE', *, *, #554, .T. ) ;
#664 = DIRECTION ( 'NONE',  ( -1.000000000000000000, -0.000000000000000000, -0.000000000000000000 ) ) ;
#665 = PLANE ( 'NONE',  #3435 ) ;
#666 = ORIENTED_EDGE ( 'NONE', *, *, #3042, .T. ) ;
#667 = ORIENTED_EDGE ( 'NONE', *, *, #1787, .F. ) ;
#668 = EDGE_CURVE ( 'NONE', #1672, #282, #2045, .T. ) ;
#669 = DIRECTION ( 'NONE',  ( 0.7071067811865512365, -0.7071067811865439090, 0.000000000000000000 ) ) ;
#670 = VECTOR ( 'NONE', #330, 1000.000000000000000 ) ;
#671 = CARTESIAN_POINT ( 'NONE',  ( 14.99999999999999645, 6.000000000000000000, 3.000000000000000000 ) ) ;
#672 = VECTOR ( 'NONE', #1903, 1000.000000000000114 ) ;
#673 = CIRCLE ( 'NONE', #2821, 3.000000000000015543 ) ;
#674 = VECTOR ( 'NONE', #1144, 1000.000000000000000 ) ;
#675 = DIRECTION ( 'NONE',  ( 0.000000000000000000, 0.000000000000000000, 1.000000000000000000 ) ) ;
#676 = ORIENTED_EDGE ( 'NONE', *, *, #1190, .T. ) ;
#677 = VERTEX_POINT ( 'NONE', #1228 ) ;
#678 = CARTESIAN_POINT ( 'NONE',  ( 43.00000000000000000, 63.00000000000002842, 27.49999999999998934 ) ) ;
#679 = DIRECTION ( 'NONE',  ( 0.000000000000000000, 0.000000000000000000, -1.000000000000000000 ) ) ;
#680 = CIRCLE ( 'NONE', #160, 1.750000000000011990 ) ;
#681 = DIRECTION ( 'NONE',  ( -0.8660254037844362651, 0.5000000000000042188, -0.000000000000000000 ) ) ;
#682 = VERTEX_POINT ( 'NONE', #2669 ) ;
#683 = DIRECTION ( 'NONE',  ( 0.000000000000000000, 0.000000000000000000, 1.000000000000000000 ) ) ;
#684 = DIRECTION ( 'NONE',  ( -1.000000000000000000, 0.000000000000000000, -0.000000000000000000 ) ) ;
#685 = ORIENTED_EDGE ( 'NONE', *, *, #2207, .T. ) ;
#686 = EDGE_LOOP ( 'NONE', ( #667, #1739, #756, #783 ) ) ;
#687 = EDGE_CURVE ( 'NONE', #3027, #1554, #2223, .T. ) ;
#688 = CARTESIAN_POINT ( 'NONE',  ( 32.99999999999999289, 129.0000000000000284, 29.49999999999998579 ) ) ;
#689 = CIRCLE ( 'NONE', #1151, 1.750000000000015543 ) ;
#690 = FACE_OUTER_BOUND ( 'NONE', #2109, .T. ) ;
#691 = EDGE_LOOP ( 'NONE', ( #113, #1373 ) ) ;
#692 = DIRECTION ( 'NONE',  ( -1.000000000000000000, -0.000000000000000000, -0.000000000000000000 ) ) ;
#693 = ORIENTED_EDGE ( 'NONE', *, *, #2604, .F. ) ;
#694 = ORIENTED_EDGE ( 'NONE', *, *, #977, .T. ) ;
#695 = VECTOR ( 'NONE', #517, 1000.000000000000000 ) ;
#696 = DIRECTION ( 'NONE',  ( -0.5000000000000036637, -0.8660254037844364872, 0.000000000000000000 ) ) ;
#697 = CYLINDRICAL_SURFACE ( 'NONE', #1348, 2.000000000000001776 ) ;
#698 = FACE_OUTER_BOUND ( 'NONE', #3228, .T. ) ;
#699 = ADVANCED_FACE ( 'NONE', ( #395 ), #738, .T. ) ;
#700 = EDGE_CURVE ( 'NONE', #1864, #1216, #3426, .T. ) ;
#701 = ORIENTED_EDGE ( 'NONE', *, *, #2594, .T. ) ;
#702 = EDGE_CURVE ( 'NONE', #883, #1307, #954, .T. ) ;
#703 = CARTESIAN_POINT ( 'NONE',  ( 37.00000000000000711, 43.15767664977237672, 34.99999999999999289 ) ) ;
#704 = EDGE_CURVE ( 'NONE', #3172, #198, #2994, .T. ) ;
#705 = LINE ( 'NONE', #1813, #2395 ) ;
#706 = ORIENTED_EDGE ( 'NONE', *, *, #1614, .T. ) ;
#707 = VERTEX_POINT ( 'NONE', #3522 ) ;
#708 = DIRECTION ( 'NONE',  ( -0.000000000000000000, 1.000000000000000000, -0.000000000000000000 ) ) ;
#709 = DIRECTION ( 'NONE',  ( -0.5000000000000041078, -0.8660254037844362651, 0.000000000000000000 ) ) ;
#710 = EDGE_CURVE ( 'NONE', #29, #2151, #939, .T. ) ;
#711 = CIRCLE ( 'NONE', #1640, 2.000000000000015543 ) ;
#712 = EDGE_LOOP ( 'NONE', ( #3473, #2315, #2458, #2096 ) ) ;
#713 = CARTESIAN_POINT ( 'NONE',  ( 32.99999999999999289, 129.0000000000000284, 25.49999999999998224 ) ) ;
#714 = VERTEX_POINT ( 'NONE', #193 ) ;
#715 = ORIENTED_EDGE ( 'NONE', *, *, #437, .T. ) ;
#716 = LINE ( 'NONE', #3536, #3380 ) ;
#717 = AXIS2_PLACEMENT_3D ( 'NONE', #81, #636, #59 ) ;
#718 = LINE ( 'NONE', #1824, #2314 ) ;
#719 = ORIENTED_EDGE ( 'NONE', *, *, #3194, .T. ) ;
#720 = CARTESIAN_POINT ( 'NONE',  ( 32.99999999999999289, 129.0000000000000284, -89.50000000000002842 ) ) ;
#721 = DIRECTION ( 'NONE',  ( 0.000000000000000000, 0.000000000000000000, 1.000000000000000000 ) ) ;
#722 = VERTEX_POINT ( 'NONE', #1300 ) ;
#723 = ORIENTED_EDGE ( 'NONE', *, *, #2904, .F. ) ;
#724 = DIRECTION ( 'NONE',  ( -0.000000000000000000, -1.000000000000000000, -0.000000000000000000 ) ) ;
#725 = CARTESIAN_POINT ( 'NONE',  ( -2.598076211353330223, 1.500000000000025091, 3.469446951953614189E-14 ) ) ;
#726 = VERTEX_POINT ( 'NONE', #2976 ) ;
#727 = AXIS2_PLACEMENT_3D ( 'NONE', #2743, #3258, #2143 ) ;
#728 = DIRECTION ( 'NONE',  ( 0.8660254037844362651, -0.5000000000000041078, -0.000000000000000000 ) ) ;
#729 = AXIS2_PLACEMENT_3D ( 'NONE', #846, #319, #11 ) ;
#730 = VECTOR ( 'NONE', #1509, 1000.000000000000000 ) ;
#731 = ORIENTED_EDGE ( 'NONE', *, *, #62, .T. ) ;
#732 = ORIENTED_EDGE ( 'NONE', *, *, #2294, .F. ) ;
#733 = ADVANCED_FACE ( 'NONE', ( #1337 ), #1611, .F. ) ;
#734 = CARTESIAN_POINT ( 'NONE',  ( 32.99999999999999289, 129.0000000000000284, -87.50000000000002842 ) ) ;
#735 = FACE_OUTER_BOUND ( 'NONE', #2678, .T. ) ;
#736 = EDGE_LOOP ( 'NONE', ( #3073, #1546, #2238, #1751 ) ) ;
#737 = DIRECTION ( 'NONE',  ( 0.000000000000000000, 0.000000000000000000, -1.000000000000000000 ) ) ;
#738 = PLANE ( 'NONE',  #475 ) ;
#739 = ORIENTED_EDGE ( 'NONE', *, *, #291, .F. ) ;
#740 = ORIENTED_EDGE ( 'NONE', *, *, #2241, .F. ) ;
#741 = DIRECTION ( 'NONE',  ( -0.000000000000000000, -1.000000000000000000, -0.000000000000000000 ) ) ;
#742 = LINE ( 'NONE', #436, #2414 ) ;
#743 = VERTEX_POINT ( 'NONE', #1321 ) ;
#744 = ADVANCED_FACE ( 'NONE', ( #2192 ), #2451, .F. ) ;
#745 = DIRECTION ( 'NONE',  ( 0.000000000000000000, 0.000000000000000000, 1.000000000000000000 ) ) ;
#746 = AXIS2_PLACEMENT_3D ( 'NONE', #1877, #1318, #3011 ) ;
#747 = EDGE_CURVE ( 'NONE', #1429, #3542, #227, .T. ) ;
#748 = DIRECTION ( 'NONE',  ( -0.000000000000000000, 1.000000000000000000, -0.000000000000000000 ) ) ;
#749 = ORIENTED_EDGE ( 'NONE', *, *, #765, .F. ) ;
#750 = CARTESIAN_POINT ( 'NONE',  ( 43.00000000000000000, 126.0000000000000000, -49.99999999999999289 ) ) ;
#751 = PLANE ( 'NONE',  #2067 ) ;
#752 = ORIENTED_EDGE ( 'NONE', *, *, #2824, .T. ) ;
#753 = FACE_BOUND ( 'NONE', #1620, .T. ) ;
#754 = DIRECTION ( 'NONE',  ( -0.000000000000000000, 1.000000000000000000, -0.000000000000000000 ) ) ;
#755 = VERTEX_POINT ( 'NONE', #2685 ) ;
#756 = ORIENTED_EDGE ( 'NONE', *, *, #1993, .T. ) ;
#757 = LINE ( 'NONE', #792, #672 ) ;
#758 = DIRECTION ( 'NONE',  ( 0.5000000000000036637, 0.8660254037844364872, 0.000000000000000000 ) ) ;
#759 = CARTESIAN_POINT ( 'NONE',  ( 32.99999999999999289, 80.00000000000001421, -6.750000000000014211 ) ) ;
#760 = ORIENTED_EDGE ( 'NONE', *, *, #437, .F. ) ;
#761 = LINE ( 'NONE', #780, #1486 ) ;
#762 = CIRCLE ( 'NONE', #416, 1.750000000000008438 ) ;
#763 = DIRECTION ( 'NONE',  ( 0.000000000000000000, 0.000000000000000000, -1.000000000000000000 ) ) ;
#764 = EDGE_CURVE ( 'NONE', #1307, #3098, #249, .T. ) ;
#765 = EDGE_CURVE ( 'NONE', #2355, #1986, #1937, .T. ) ;
#766 =( NAMED_UNIT ( * ) PLANE_ANGLE_UNIT ( ) SI_UNIT ( $, .RADIAN. ) );
#767 = ORIENTED_EDGE ( 'NONE', *, *, #2522, .T. ) ;
#768 = CARTESIAN_POINT ( 'NONE',  ( 32.99999999999999289, 126.0000000000000000, -60.00000000000000000 ) ) ;
#769 = DIRECTION ( 'NONE',  ( -0.000000000000000000, 1.000000000000000000, -0.000000000000000000 ) ) ;
#770 = EDGE_CURVE ( 'NONE', #3216, #2519, #2174, .T. ) ;
#771 = CARTESIAN_POINT ( 'NONE',  ( 9.271469970012367057, 42.05865704891017032, -49.99999999999999289 ) ) ;
#772 = CYLINDRICAL_SURFACE ( 'NONE', #2725, 2.000000000000015543 ) ;
#773 = ORIENTED_EDGE ( 'NONE', *, *, #633, .F. ) ;
#774 = ORIENTED_EDGE ( 'NONE', *, *, #212, .T. ) ;
#775 = CARTESIAN_POINT ( 'NONE',  ( 9.271469970012367057, 42.05865704891017032, -60.00000000000000000 ) ) ;
#776 = CARTESIAN_POINT ( 'NONE',  ( 32.99999999999999289, 63.00000000000002842, 29.50000000000000711 ) ) ;
#777 = DIRECTION ( 'NONE',  ( -1.000000000000000000, 0.000000000000000000, 0.000000000000000000 ) ) ;
#778 = EDGE_LOOP ( 'NONE', ( #3446, #1273, #2513, #1571 ) ) ;
#779 = EDGE_CURVE ( 'NONE', #431, #93, #2261, .T. ) ;
#780 = CARTESIAN_POINT ( 'NONE',  ( 0.000000000000000000, 0.000000000000000000, -68.00000000000000000 ) ) ;
#781 = LINE ( 'NONE', #1909, #208 ) ;
#782 = CARTESIAN_POINT ( 'NONE',  ( 17.99999999999999645, 0.000000000000000000, 3.000000000000000000 ) ) ;
#783 = ORIENTED_EDGE ( 'NONE', *, *, #153, .T. ) ;
#784 = CIRCLE ( 'NONE', #1075, 2.000000000000014655 ) ;
#785 = DIRECTION ( 'NONE',  ( 0.000000000000000000, 0.000000000000000000, -1.000000000000000000 ) ) ;
#786 = CIRCLE ( 'NONE', #1423, 1.750000000000015543 ) ;
#787 = DIRECTION ( 'NONE',  ( 0.000000000000000000, -0.000000000000000000, 1.000000000000000000 ) ) ;
#788 = VECTOR ( 'NONE', #1057, 1000.000000000000114 ) ;
#789 = DIRECTION ( 'NONE',  ( 0.7071067811865512365, -0.7071067811865439090, 0.000000000000000000 ) ) ;
#790 = DIRECTION ( 'NONE',  ( 0.000000000000000000, 0.000000000000000000, 1.000000000000000000 ) ) ;
#791 = VERTEX_POINT ( 'NONE', #2484 ) ;
#792 = CARTESIAN_POINT ( 'NONE',  ( 2.598076211353283593, -1.499999999999998890, -9.999999999999966249 ) ) ;
#793 = DIRECTION ( 'NONE',  ( 0.000000000000000000, 1.000000000000000000, 0.000000000000000000 ) ) ;
#794 = CIRCLE ( 'NONE', #2482, 9.999999999999994671 ) ;
#795 = PLANE ( 'NONE',  #943 ) ;
#796 = ADVANCED_FACE ( 'NONE', ( #3269 ), #772, .F. ) ;
#797 = ORIENTED_EDGE ( 'NONE', *, *, #3414, .T. ) ;
#798 = CARTESIAN_POINT ( 'NONE',  ( 38.99999999999999289, 131.0000000000000000, -55.00000000000000000 ) ) ;
#799 = CARTESIAN_POINT ( 'NONE',  ( 17.99999999999999645, 6.000000000000000000, 0.000000000000000000 ) ) ;
#800 = CARTESIAN_POINT ( 'NONE',  ( 5.551115123125785660E-16, 0.000000000000000000, 8.000000000000003553 ) ) ;
#801 = EDGE_LOOP ( 'NONE', ( #1412, #3387, #3344, #1964 ) ) ;
#802 = VECTOR ( 'NONE', #2062, 1000.000000000000000 ) ;
#803 = CARTESIAN_POINT ( 'NONE',  ( 43.00000000000000000, 56.00000000000000711, -95.00000000000001421 ) ) ;
#804 = FACE_OUTER_BOUND ( 'NONE', #349, .T. ) ;
#805 = VECTOR ( 'NONE', #1372, 1000.000000000000000 ) ;
#806 = EDGE_CURVE ( 'NONE', #72, #3222, #1625, .T. ) ;
#807 = FACE_BOUND ( 'NONE', #1014, .T. ) ;
#808 = DIRECTION ( 'NONE',  ( 0.000000000000000000, 0.000000000000000000, 1.000000000000000000 ) ) ;
#809 = EDGE_CURVE ( 'NONE', #1185, #34, #3305, .T. ) ;
#810 = ORIENTED_EDGE ( 'NONE', *, *, #2824, .F. ) ;
#811 = CIRCLE ( 'NONE', #637, 1.750000000000001554 ) ;
#812 = DIRECTION ( 'NONE',  ( -1.000000000000000000, -0.000000000000000000, -0.000000000000000000 ) ) ;
#813 = LINE ( 'NONE', #2776, #441 ) ;
#814 = DIRECTION ( 'NONE',  ( 1.000000000000000000, -0.000000000000000000, -0.000000000000000000 ) ) ;
#815 = EDGE_LOOP ( 'NONE', ( #2225, #797, #610, #2969 ) ) ;
#816 = CARTESIAN_POINT ( 'NONE',  ( 38.99999999999999289, 131.0000000000000000, -55.00000000000000000 ) ) ;
#817 = DIRECTION ( 'NONE',  ( 1.000000000000000000, 0.000000000000000000, 0.000000000000000000 ) ) ;
#818 = FACE_OUTER_BOUND ( 'NONE', #2296, .T. ) ;
#819 = AXIS2_PLACEMENT_3D ( 'NONE', #1020, #3244, #745 ) ;
#820 = DIRECTION ( 'NONE',  ( 0.000000000000000000, 1.000000000000000000, -0.000000000000000000 ) ) ;
#821 = AXIS2_PLACEMENT_3D ( 'NONE', #229, #1050, #1357 ) ;
#822 = CARTESIAN_POINT ( 'NONE',  ( 37.00000000000000711, 6.000000000000000000, 0.000000000000000000 ) ) ;
#823 = DIRECTION ( 'NONE',  ( -1.734723475976821146E-16, -3.004629197474309188E-16, -1.000000000000000000 ) ) ;
#824 = VECTOR ( 'NONE', #2038, 1000.000000000000000 ) ;
#825 = ORIENTED_EDGE ( 'NONE', *, *, #2171, .T. ) ;
#826 = LINE ( 'NONE', #2979, #2066 ) ;
#827 = LINE ( 'NONE', #252, #32 ) ;
#828 = EDGE_CURVE ( 'NONE', #102, #3476, #985, .T. ) ;
#829 = CARTESIAN_POINT ( 'NONE',  ( 43.00000000000000000, 136.0000000000000000, -95.00000000000001421 ) ) ;
#830 = VERTEX_POINT ( 'NONE', #518 ) ;
#831 = VECTOR ( 'NONE', #2714, 1000.000000000000000 ) ;
#832 = EDGE_LOOP ( 'NONE', ( #2927, #1322 ) ) ;
#833 = CARTESIAN_POINT ( 'NONE',  ( 43.00000000000000000, 121.0000000000000142, 34.99999999999999289 ) ) ;
#834 = PLANE ( 'NONE',  #2894 ) ;
#835 = EDGE_CURVE ( 'NONE', #722, #2304, #1154, .T. ) ;
#836 = DIRECTION ( 'NONE',  ( 1.000000000000000000, -0.000000000000000000, -0.000000000000000000 ) ) ;
#837 = DIRECTION ( 'NONE',  ( 1.000000000000000000, -0.000000000000000000, -0.000000000000000000 ) ) ;
#838 = VERTEX_POINT ( 'NONE', #210 ) ;
#839 = CIRCLE ( 'NONE', #2183, 3.000000000000002665 ) ;
#840 = DIRECTION ( 'NONE',  ( 0.000000000000000000, 0.000000000000000000, 1.000000000000000000 ) ) ;
#841 = CARTESIAN_POINT ( 'NONE',  ( 0.000000000000000000, 6.000000000000000000, -68.00000000000000000 ) ) ;
#842 = AXIS2_PLACEMENT_3D ( 'NONE', #2912, #3505, #2895 ) ;
#843 = AXIS2_PLACEMENT_3D ( 'NONE', #1329, #289, #1602 ) ;
#844 = AXIS2_PLACEMENT_3D ( 'NONE', #3058, #853, #256 ) ;
#845 = ORIENTED_EDGE ( 'NONE', *, *, #2768, .T. ) ;
#846 = CARTESIAN_POINT ( 'NONE',  ( 43.00000000000000000, 131.0000000000000000, -55.00000000000000000 ) ) ;
#847 = LINE ( 'NONE', #944, #1250 ) ;
#848 = LINE ( 'NONE', #2015, #1328 ) ;
#849 = ORIENTED_EDGE ( 'NONE', *, *, #3495, .F. ) ;
#850 = ORIENTED_EDGE ( 'NONE', *, *, #2533, .T. ) ;
#851 = FACE_OUTER_BOUND ( 'NONE', #1276, .T. ) ;
#852 = VECTOR ( 'NONE', #948, 1000.000000000000000 ) ;
#853 = DIRECTION ( 'NONE',  ( -1.000000000000000000, -0.000000000000000000, -0.000000000000000000 ) ) ;
#854 = CARTESIAN_POINT ( 'NONE',  ( 43.00000000000000000, 71.00000000000001421, -95.00000000000001421 ) ) ;
#855 = EDGE_CURVE ( 'NONE', #1140, #3238, #534, .T. ) ;
#856 = ORIENTED_EDGE ( 'NONE', *, *, #2212, .T. ) ;
#857 = EDGE_CURVE ( 'NONE', #259, #3185, #263, .T. ) ;
#858 = ORIENTED_EDGE ( 'NONE', *, *, #320, .T. ) ;
#859 = VECTOR ( 'NONE', #1448, 1000.000000000000000 ) ;
#860 = FACE_BOUND ( 'NONE', #2415, .T. ) ;
#861 = DIRECTION ( 'NONE',  ( 1.000000000000000000, 0.000000000000000000, -0.000000000000000000 ) ) ;
#862 = ORIENTED_EDGE ( 'NONE', *, *, #3147, .T. ) ;
#863 = CARTESIAN_POINT ( 'NONE',  ( 25.43172400785673304, 50.04903810567655853, -62.00000000000000000 ) ) ;
#864 = LINE ( 'NONE', #2271, #225 ) ;
#865 = ORIENTED_EDGE ( 'NONE', *, *, #3358, .T. ) ;
#866 = ORIENTED_EDGE ( 'NONE', *, *, #1081, .T. ) ;
#867 = AXIS2_PLACEMENT_3D ( 'NONE', #2631, #375, #2047 ) ;
#868 = DIRECTION ( 'NONE',  ( -0.8660254037844362651, 0.5000000000000043299, 0.000000000000000000 ) ) ;
#869 = DIRECTION ( 'NONE',  ( 0.000000000000000000, 0.000000000000000000, -1.000000000000000000 ) ) ;
#870 = DIRECTION ( 'NONE',  ( 0.000000000000000000, 0.000000000000000000, 1.000000000000000000 ) ) ;
#871 = ORIENTED_EDGE ( 'NONE', *, *, #397, .T. ) ;
#872 = ADVANCED_FACE ( 'NONE', ( #894 ), #1667, .F. ) ;
#873 = EDGE_LOOP ( 'NONE', ( #2935, #1684 ) ) ;
#874 = EDGE_LOOP ( 'NONE', ( #2906, #540, #361, #685 ) ) ;
#875 = CARTESIAN_POINT ( 'NONE',  ( 9.271469970012359951, 42.05865704891015611, -3.469446951953614189E-15 ) ) ;
#876 = CARTESIAN_POINT ( 'NONE',  ( 14.99999999999999645, 0.000000000000000000, 0.000000000000000000 ) ) ;
#877 = FACE_OUTER_BOUND ( 'NONE', #801, .T. ) ;
#878 = ADVANCED_FACE ( 'NONE', ( #3337 ), #28, .F. ) ;
#879 = ORIENTED_EDGE ( 'NONE', *, *, #582, .F. ) ;
#880 = FACE_OUTER_BOUND ( 'NONE', #287, .T. ) ;
#881 = FACE_BOUND ( 'NONE', #42, .T. ) ;
#882 = ORIENTED_EDGE ( 'NONE', *, *, #1452, .F. ) ;
#883 = VERTEX_POINT ( 'NONE', #1957 ) ;
#884 = EDGE_CURVE ( 'NONE', #1680, #2833, #1388, .T. ) ;
#885 = DIRECTION ( 'NONE',  ( 0.000000000000000000, 0.000000000000000000, -1.000000000000000000 ) ) ;
#886 = DIRECTION ( 'NONE',  ( 1.000000000000000000, -0.000000000000000000, -0.000000000000000000 ) ) ;
#887 = ADVANCED_FACE ( 'NONE', ( #877 ), #1994, .T. ) ;
#888 = DIRECTION ( 'NONE',  ( 0.000000000000000000, 0.000000000000000000, 1.000000000000000000 ) ) ;
#889 = VERTEX_POINT ( 'NONE', #3067 ) ;
#890 = ORIENTED_EDGE ( 'NONE', *, *, #2938, .T. ) ;
#891 = ORIENTED_EDGE ( 'NONE', *, *, #582, .T. ) ;
#892 = FACE_BOUND ( 'NONE', #956, .T. ) ;
#893 = CARTESIAN_POINT ( 'NONE',  ( 32.99999999999999289, 126.0000000000000000, -60.00000000000000000 ) ) ;
#894 = FACE_OUTER_BOUND ( 'NONE', #2683, .T. ) ;
#895 = EDGE_CURVE ( 'NONE', #3343, #2309, #2993, .T. ) ;
#896 = ORIENTED_EDGE ( 'NONE', *, *, #710, .F. ) ;
#897 = DIRECTION ( 'NONE',  ( -1.000000000000000000, 0.000000000000000000, 0.000000000000000000 ) ) ;
#898 = VECTOR ( 'NONE', #2404, 1000.000000000000000 ) ;
#899 = DIRECTION ( 'NONE',  ( -1.000000000000000000, 0.000000000000000000, 0.000000000000000000 ) ) ;
#900 = EDGE_LOOP ( 'NONE', ( #242, #103, #1835, #3219 ) ) ;
#901 = ORIENTED_EDGE ( 'NONE', *, *, #1854, .T. ) ;
#902 = VECTOR ( 'NONE', #2797, 1000.000000000000000 ) ;
#903 = CYLINDRICAL_SURFACE ( 'NONE', #2418, 2.000000000000014655 ) ;
#904 = DIRECTION ( 'NONE',  ( 0.000000000000000000, 0.000000000000000000, -1.000000000000000000 ) ) ;
#905 = DIRECTION ( 'NONE',  ( -0.000000000000000000, 1.000000000000000000, -0.000000000000000000 ) ) ;
#906 = ADVANCED_BREP_SHAPE_REPRESENTATION ( '\X2\57fa7ad9652f67b6\X0\', ( #70, #130 ), #2449 ) ;
#907 = ORIENTED_EDGE ( 'NONE', *, *, #2413, .T. ) ;
#908 = VECTOR ( 'NONE', #2424, 1000.000000000000114 ) ;
#909 = ORIENTED_EDGE ( 'NONE', *, *, #658, .T. ) ;
#910 = DIRECTION ( 'NONE',  ( -0.7071067811865439090, -0.7071067811865512365, 4.906538933386771604E-16 ) ) ;
#911 = CARTESIAN_POINT ( 'NONE',  ( 38.99999999999999289, 80.00000000000001421, -58.00000000000001421 ) ) ;
#912 = DIRECTION ( 'NONE',  ( 0.000000000000000000, 0.000000000000000000, -1.000000000000000000 ) ) ;
#913 = ORIENTED_EDGE ( 'NONE', *, *, #747, .F. ) ;
#914 = AXIS2_PLACEMENT_3D ( 'NONE', #1297, #1354, #2429 ) ;
#915 = DIRECTION ( 'NONE',  ( -1.000000000000000000, -0.000000000000000000, -0.000000000000000000 ) ) ;
#916 = LINE ( 'NONE', #2288, #52 ) ;
#917 = ORIENTED_EDGE ( 'NONE', *, *, #1574, .T. ) ;
#918 = EDGE_CURVE ( 'NONE', #3098, #195, #2789, .T. ) ;
#919 = VERTEX_POINT ( 'NONE', #2011 ) ;
#920 = EDGE_CURVE ( 'NONE', #2917, #1600, #1700, .T. ) ;
#921 = CARTESIAN_POINT ( 'NONE',  ( 4.271469970012319095, 33.39840301106579545, 1.224646799147353651E-15 ) ) ;
#922 = DIRECTION ( 'NONE',  ( 0.8660254037844362651, -0.5000000000000041078, -0.000000000000000000 ) ) ;
#923 = CARTESIAN_POINT ( 'NONE',  ( 43.00000000000000000, 126.0000000000000000, -60.00000000000000000 ) ) ;
#924 = EDGE_CURVE ( 'NONE', #2347, #2833, #71, .T. ) ;
#925 = AXIS2_PLACEMENT_3D ( 'NONE', #90, #1194, #572 ) ;
#926 = EDGE_CURVE ( 'NONE', #3016, #3242, #2351, .T. ) ;
#927 = ORIENTED_EDGE ( 'NONE', *, *, #1722, .T. ) ;
#928 = VERTEX_POINT ( 'NONE', #587 ) ;
#929 = CARTESIAN_POINT ( 'NONE',  ( 39.00000000000000000, 6.000000000000000000, -18.75000000000001776 ) ) ;
#930 = CARTESIAN_POINT ( 'NONE',  ( 32.99999999999999289, 51.15767664977237672, -49.99999999999998579 ) ) ;
#931 = EDGE_CURVE ( 'NONE', #1056, #2140, #2647, .T. ) ;
#932 = CARTESIAN_POINT ( 'NONE',  ( 26.43172400785674370, 51.78108891324544771, 2.000000000000019540 ) ) ;
#933 = ORIENTED_EDGE ( 'NONE', *, *, #1905, .F. ) ;
#934 = CARTESIAN_POINT ( 'NONE',  ( 32.99999999999999289, 129.0000000000000284, -87.50000000000002842 ) ) ;
#935 = DIRECTION ( 'NONE',  ( 1.000000000000000000, 0.000000000000000000, 0.000000000000000000 ) ) ;
#936 = ORIENTED_EDGE ( 'NONE', *, *, #3203, .T. ) ;
#937 = EDGE_LOOP ( 'NONE', ( #2600, #386, #588, #2785 ) ) ;
#938 = STYLED_ITEM ( 'NONE', ( #1314 ), #70 ) ;
#939 = CIRCLE ( 'NONE', #821, 3.000000000000000000 ) ;
#940 = EDGE_CURVE ( 'NONE', #357, #305, #2500, .T. ) ;
#941 = CYLINDRICAL_SURFACE ( 'NONE', #498, 3.000000000000003553 ) ;
#942 = CARTESIAN_POINT ( 'NONE',  ( 33.00000000000000000, 39.15767664977232698, 34.99999999999999289 ) ) ;
#943 = AXIS2_PLACEMENT_3D ( 'NONE', #3529, #3583, #557 ) ;
#944 = CARTESIAN_POINT ( 'NONE',  ( 23.99999999999999289, 6.000000000000000000, -65.75000000000001421 ) ) ;
#945 = EDGE_CURVE ( 'NONE', #1389, #755, #1426, .T. ) ;
#946 = EDGE_LOOP ( 'NONE', ( #378, #2828, #231, #1421, #324, #306, #3074 ) ) ;
#947 = ORIENTED_EDGE ( 'NONE', *, *, #1592, .T. ) ;
#948 = DIRECTION ( 'NONE',  ( 1.000000000000000000, -0.000000000000000000, -0.000000000000000000 ) ) ;
#949 = CARTESIAN_POINT ( 'NONE',  ( 23.99999999999999289, 0.000000000000000000, 5.750000000000013323 ) ) ;
#950 = DIRECTION ( 'NONE',  ( 0.000000000000000000, 0.000000000000000000, -1.000000000000000000 ) ) ;
#951 = VECTOR ( 'NONE', #1041, 1000.000000000000000 ) ;
#952 = ORIENTED_EDGE ( 'NONE', *, *, #2241, .T. ) ;
#953 = CARTESIAN_POINT ( 'NONE',  ( 23.99999999999999289, 6.000000000000000000, 5.750000000000013323 ) ) ;
#954 = LINE ( 'NONE', #2468, #2336 ) ;
#955 = VERTEX_POINT ( 'NONE', #2804 ) ;
#956 = EDGE_LOOP ( 'NONE', ( #288, #1315 ) ) ;
#957 = AXIS2_PLACEMENT_3D ( 'NONE', #550, #299, #1445 ) ;
#958 = CARTESIAN_POINT ( 'NONE',  ( 14.99999999999999645, 0.000000000000000000, -60.00000000000000000 ) ) ;
#959 = AXIS2_PLACEMENT_3D ( 'NONE', #1886, #1904, #1054 ) ;
#960 = LINE ( 'NONE', #2400, #204 ) ;
#961 = ORIENTED_EDGE ( 'NONE', *, *, #967, .F. ) ;
#962 = AXIS2_PLACEMENT_3D ( 'NONE', #1579, #1596, #3272 ) ;
#963 = CIRCLE ( 'NONE', #3115, 3.000000000000002665 ) ;
#964 = CIRCLE ( 'NONE', #2534, 1.750000000000001554 ) ;
#965 = LINE ( 'NONE', #2692, #1928 ) ;
#966 = EDGE_CURVE ( 'NONE', #368, #237, #30, .T. ) ;
#967 = EDGE_CURVE ( 'NONE', #3436, #1459, #784, .T. ) ;
#968 = CARTESIAN_POINT ( 'NONE',  ( 0.000000000000000000, 0.000000000000000000, -60.00000000000000000 ) ) ;
#969 = ADVANCED_FACE ( 'NONE', ( #356 ), #316, .F. ) ;
#970 = ORIENTED_EDGE ( 'NONE', *, *, #1184, .F. ) ;
#971 = ADVANCED_FACE ( 'NONE', ( #1682 ), #1191, .F. ) ;
#972 = DIRECTION ( 'NONE',  ( 0.000000000000000000, 0.000000000000000000, 1.000000000000000000 ) ) ;
#973 = LINE ( 'NONE', #3178, #1638 ) ;
#974 = AXIS2_PLACEMENT_3D ( 'NONE', #1442, #27, #1170 ) ;
#975 = CARTESIAN_POINT ( 'NONE',  ( 12.93172400785668152, 28.39840301106575282, 1.224646799147353651E-15 ) ) ;
#976 = VERTEX_POINT ( 'NONE', #932 ) ;
#977 = EDGE_CURVE ( 'NONE', #2398, #976, #106, .T. ) ;
#978 = CARTESIAN_POINT ( 'NONE',  ( 43.00000000000000000, 129.0000000000000284, -87.50000000000002842 ) ) ;
#979 = CARTESIAN_POINT ( 'NONE',  ( 0.000000000000000000, 6.000000000000000000, -60.00000000000000000 ) ) ;
#980 = VERTEX_POINT ( 'NONE', #1771 ) ;
#981 = ORIENTED_EDGE ( 'NONE', *, *, #1458, .F. ) ;
#982 = CARTESIAN_POINT ( 'NONE',  ( 37.00000000000000711, 51.15767664977237672, 34.99999999999999289 ) ) ;
#983 = AXIS2_PLACEMENT_3D ( 'NONE', #75, #647, #899 ) ;
#984 = CYLINDRICAL_SURFACE ( 'NONE', #2940, 3.000000000000015543 ) ;
#985 = CIRCLE ( 'NONE', #2552, 3.000000000000003553 ) ;
#986 = ORIENTED_EDGE ( 'NONE', *, *, #1475, .T. ) ;
#987 = DIRECTION ( 'NONE',  ( 0.000000000000000000, 0.000000000000000000, 1.000000000000000000 ) ) ;
#988 = VERTEX_POINT ( 'NONE', #1280 ) ;
#989 = ORIENTED_EDGE ( 'NONE', *, *, #1993, .F. ) ;
#990 = AXIS2_PLACEMENT_3D ( 'NONE', #1539, #156, #1812 ) ;
#991 = CARTESIAN_POINT ( 'NONE',  ( 33.00000000000000000, 51.15767664977237672, -60.00000000000000000 ) ) ;
#992 = DIRECTION ( 'NONE',  ( -0.5000000000000041078, -0.8660254037844362651, 0.000000000000000000 ) ) ;
#993 = ORIENTED_EDGE ( 'NONE', *, *, #1522, .T. ) ;
#994 = CARTESIAN_POINT ( 'NONE',  ( 43.00000000000000000, 63.00000000000002842, -85.50000000000000000 ) ) ;
#995 = LINE ( 'NONE', #1011, #1290 ) ;
#996 = VERTEX_POINT ( 'NONE', #1210 ) ;
#997 = AXIS2_PLACEMENT_3D ( 'NONE', #3044, #837, #294 ) ;
#998 = DIRECTION ( 'NONE',  ( 1.000000000000000000, -0.000000000000000000, -0.000000000000000000 ) ) ;
#999 = DIRECTION ( 'NONE',  ( 1.000000000000000000, -0.000000000000000000, -0.000000000000000000 ) ) ;
#1000 = AXIS2_PLACEMENT_3D ( 'NONE', #421, #2641, #1530 ) ;
#1001 = EDGE_LOOP ( 'NONE', ( #1198, #2340, #163, #1441, #2899, #1811, #879, #1724, #581, #2602, #2344, #2892, #1595, #1243, #369, #901, #2369, #2440, #1773, #312, #43, #1998, #3385, #158 ) ) ;
#1002 = EDGE_CURVE ( 'NONE', #3547, #2070, #2887, .T. ) ;
#1003 = DIRECTION ( 'NONE',  ( -0.000000000000000000, 1.000000000000000000, -0.000000000000000000 ) ) ;
#1004 = CARTESIAN_POINT ( 'NONE',  ( 23.99999999999999289, 6.000000000000000000, -64.00000000000000000 ) ) ;
#1005 = ORIENTED_EDGE ( 'NONE', *, *, #3194, .F. ) ;
#1006 = CARTESIAN_POINT ( 'NONE',  ( 23.99999999999999289, 6.000000000000000000, 4.000000000000000888 ) ) ;
#1007 = AXIS2_PLACEMENT_3D ( 'NONE', #3332, #563, #1676 ) ;
#1008 = CARTESIAN_POINT ( 'NONE',  ( 33.00000000000000000, 51.15767664977237672, 34.99999999999999289 ) ) ;
#1009 = EDGE_LOOP ( 'NONE', ( #2141, #591, #2049, #2861 ) ) ;
#1010 = DIRECTION ( 'NONE',  ( 0.000000000000000000, 0.000000000000000000, -1.000000000000000000 ) ) ;
#1011 = CARTESIAN_POINT ( 'NONE',  ( 9.271469970012367057, 42.05865704891017032, -49.99999999999999289 ) ) ;
#1012 = ORIENTED_EDGE ( 'NONE', *, *, #3208, .T. ) ;
#1013 = EDGE_CURVE ( 'NONE', #3424, #1146, #1713, .T. ) ;
#1014 = EDGE_LOOP ( 'NONE', ( #2531, #2911 ) ) ;
#1015 = EDGE_CURVE ( 'NONE', #368, #3270, #427, .T. ) ;
#1016 = CARTESIAN_POINT ( 'NONE',  ( 43.00000000000000000, 126.0000000000000000, 0.000000000000000000 ) ) ;
#1017 = DIRECTION ( 'NONE',  ( 0.000000000000000000, 0.000000000000000000, 1.000000000000000000 ) ) ;
#1018 = VERTEX_POINT ( 'NONE', #3159 ) ;
#1019 = CIRCLE ( 'NONE', #1601, 3.000000000000000000 ) ;
#1020 = CARTESIAN_POINT ( 'NONE',  ( 0.000000000000000000, 0.000000000000000000, 0.000000000000000000 ) ) ;
#1021 = VECTOR ( 'NONE', #3308, 1000.000000000000000 ) ;
#1022 = AXIS2_PLACEMENT_3D ( 'NONE', #3551, #1059, #1203 ) ;
#1023 = LINE ( 'NONE', #2549, #3156 ) ;
#1024 = ORIENTED_EDGE ( 'NONE', *, *, #124, .F. ) ;
#1025 = FACE_OUTER_BOUND ( 'NONE', #3296, .T. ) ;
#1026 = FACE_BOUND ( 'NONE', #2253, .T. ) ;
#1027 = ORIENTED_EDGE ( 'NONE', *, *, #2857, .T. ) ;
#1028 = DIRECTION ( 'NONE',  ( 0.000000000000000000, 0.000000000000000000, 1.000000000000000000 ) ) ;
#1029 = DIRECTION ( 'NONE',  ( 2.403703357979447683E-17, -1.387778780781457077E-17, 1.000000000000000000 ) ) ;
#1030 = ORIENTED_EDGE ( 'NONE', *, *, #439, .T. ) ;
#1031 = EDGE_LOOP ( 'NONE', ( #565, #649, #896, #739 ) ) ;
#1032 = EDGE_CURVE ( 'NONE', #1389, #61, #154, .T. ) ;
#1033 = ADVANCED_FACE ( 'NONE', ( #392, #2614 ), #1810, .F. ) ;
#1034 = DIRECTION ( 'NONE',  ( 0.000000000000000000, 0.000000000000000000, 1.000000000000000000 ) ) ;
#1035 = CARTESIAN_POINT ( 'NONE',  ( 33.12787643056337572, 51.37916512459872820, -60.00000000000000000 ) ) ;
#1036 = DIRECTION ( 'NONE',  ( -1.000000000000000000, 0.000000000000000000, 0.000000000000000000 ) ) ;
#1037 = ORIENTED_EDGE ( 'NONE', *, *, #1846, .F. ) ;
#1038 = VECTOR ( 'NONE', #608, 1000.000000000000000 ) ;
#1039 = CARTESIAN_POINT ( 'NONE',  ( 38.99999999999999289, 6.000000000000000000, -44.75000000000002132 ) ) ;
#1040 = CARTESIAN_POINT ( 'NONE',  ( 43.00000000000000000, 80.00000000000001421, -55.00000000000000000 ) ) ;
#1041 = DIRECTION ( 'NONE',  ( 0.000000000000000000, 0.000000000000000000, 1.000000000000000000 ) ) ;
#1042 = EDGE_CURVE ( 'NONE', #474, #3511, #2390, .T. ) ;
#1043 = ORIENTED_EDGE ( 'NONE', *, *, #1042, .T. ) ;
#1044 = EDGE_CURVE ( 'NONE', #2341, #3379, #2956, .T. ) ;
#1045 = CARTESIAN_POINT ( 'NONE',  ( 32.99999999999999289, 56.00000000000000711, -95.00000000000001421 ) ) ;
#1046 = AXIS2_PLACEMENT_3D ( 'NONE', #2520, #31, #1137 ) ;
#1047 = LINE ( 'NONE', #2719, #3581 ) ;
#1048 = CARTESIAN_POINT ( 'NONE',  ( 32.99999999999999289, 126.0000000000000000, -9.999999999999998224 ) ) ;
#1049 = EDGE_CURVE ( 'NONE', #3103, #34, #1558, .T. ) ;
#1050 = DIRECTION ( 'NONE',  ( -0.000000000000000000, -1.000000000000000000, 0.000000000000000000 ) ) ;
#1051 = ORIENTED_EDGE ( 'NONE', *, *, #2503, .F. ) ;
#1052 = ORIENTED_EDGE ( 'NONE', *, *, #3548, .T. ) ;
#1053 = DIRECTION ( 'NONE',  ( 1.000000000000000000, 0.000000000000000000, 0.000000000000000000 ) ) ;
#1054 = DIRECTION ( 'NONE',  ( -0.5000000000000052180, -0.8660254037844357100, 0.000000000000000000 ) ) ;
#1055 = DIRECTION ( 'NONE',  ( -1.000000000000000000, 0.000000000000000000, 0.000000000000000000 ) ) ;
#1056 = VERTEX_POINT ( 'NONE', #2353 ) ;
#1057 = DIRECTION ( 'NONE',  ( 0.5000000000000042188, 0.8660254037844362651, 0.000000000000000000 ) ) ;
#1058 = VECTOR ( 'NONE', #2955, 1000.000000000000000 ) ;
#1059 = DIRECTION ( 'NONE',  ( -0.000000000000000000, -1.000000000000000000, 0.000000000000000000 ) ) ;
#1060 = ORIENTED_EDGE ( 'NONE', *, *, #9, .F. ) ;
#1061 = FACE_OUTER_BOUND ( 'NONE', #2954, .T. ) ;
#1062 = CARTESIAN_POINT ( 'NONE',  ( 17.99999999999999645, 0.000000000000000000, 3.000000000000000000 ) ) ;
#1063 = FACE_BOUND ( 'NONE', #467, .T. ) ;
#1064 = ADVANCED_FACE ( 'NONE', ( #121 ), #2082, .T. ) ;
#1065 = DIRECTION ( 'NONE',  ( -0.000000000000000000, -0.000000000000000000, 1.000000000000000000 ) ) ;
#1066 = ORIENTED_EDGE ( 'NONE', *, *, #2022, .T. ) ;
#1067 = EDGE_LOOP ( 'NONE', ( #2083, #1829, #715, #2633 ) ) ;
#1068 = DIRECTION ( 'NONE',  ( 1.000000000000000000, -0.000000000000000000, -0.000000000000000000 ) ) ;
#1069 = CARTESIAN_POINT ( 'NONE',  ( 12.86297632095842403, 16.27932852445522371, -20.52980021920987852 ) ) ;
#1070 = DIRECTION ( 'NONE',  ( -0.000000000000000000, 0.000000000000000000, -1.000000000000000000 ) ) ;
#1071 = EDGE_LOOP ( 'NONE', ( #2661, #1433, #473, #1086 ) ) ;
#1072 = CARTESIAN_POINT ( 'NONE',  ( 43.00000000000000000, 80.00000000000001421, -5.000000000000005329 ) ) ;
#1073 = DIRECTION ( 'NONE',  ( -0.7071067811865439090, -0.7071067811865512365, 0.000000000000000000 ) ) ;
#1074 = FILL_AREA_STYLE_COLOUR ( '', #12 ) ;
#1075 = AXIS2_PLACEMENT_3D ( 'NONE', #626, #1738, #2846 ) ;
#1076 = EDGE_CURVE ( 'NONE', #1633, #2013, #2596, .T. ) ;
#1077 = CARTESIAN_POINT ( 'NONE',  ( 43.00000000000000000, 80.00000000000001421, -56.75000000000000711 ) ) ;
#1078 = CIRCLE ( 'NONE', #959, 2.000000000000008438 ) ;
#1079 = EDGE_CURVE ( 'NONE', #3185, #791, #2373, .T. ) ;
#1080 = DIRECTION ( 'NONE',  ( 0.000000000000000000, 0.000000000000000000, -1.000000000000000000 ) ) ;
#1081 = EDGE_CURVE ( 'NONE', #3275, #3204, #3132, .T. ) ;
#1082 = CIRCLE ( 'NONE', #3000, 3.000000000000016431 ) ;
#1083 = FACE_OUTER_BOUND ( 'NONE', #352, .T. ) ;
#1084 = DIRECTION ( 'NONE',  ( 0.000000000000000000, 0.000000000000000000, 1.000000000000000000 ) ) ;
#1085 = EDGE_CURVE ( 'NONE', #142, #357, #2648, .T. ) ;
#1086 = ORIENTED_EDGE ( 'NONE', *, *, #2857, .F. ) ;
#1087 = DIRECTION ( 'NONE',  ( 0.000000000000000000, 0.000000000000000000, -1.000000000000000000 ) ) ;
#1088 = DIRECTION ( 'NONE',  ( -0.000000000000000000, -0.000000000000000000, -1.000000000000000000 ) ) ;
#1089 = CIRCLE ( 'NONE', #3124, 2.000000000000014655 ) ;
#1090 = CARTESIAN_POINT ( 'NONE',  ( 17.93172400785672593, 37.05865704891010637, -9.999999999999966249 ) ) ;
#1091 = ORIENTED_EDGE ( 'NONE', *, *, #700, .F. ) ;
#1092 = CARTESIAN_POINT ( 'NONE',  ( 33.12787643056336861, 51.37916512459871399, 9.999999999999998224 ) ) ;
#1093 = CARTESIAN_POINT ( 'NONE',  ( 43.00000000000000000, 80.00000000000001421, -58.00000000000001421 ) ) ;
#1094 = FACE_OUTER_BOUND ( 'NONE', #377, .T. ) ;
#1095 = CIRCLE ( 'NONE', #458, 1.750000000000015543 ) ;
#1096 = DIRECTION ( 'NONE',  ( 0.000000000000000000, 0.000000000000000000, -1.000000000000000000 ) ) ;
#1097 = CARTESIAN_POINT ( 'NONE',  ( 0.000000000000000000, 111.0000000000000142, 10.00000000000000000 ) ) ;
#1098 = EDGE_CURVE ( 'NONE', #928, #1460, #410, .T. ) ;
#1099 = LINE ( 'NONE', #3100, #2190 ) ;
#1100 = DIRECTION ( 'NONE',  ( -1.000000000000000000, -0.000000000000000000, -0.000000000000000000 ) ) ;
#1101 = ORIENTED_EDGE ( 'NONE', *, *, #1306, .T. ) ;
#1102 = FACE_OUTER_BOUND ( 'NONE', #900, .T. ) ;
#1103 = ADVANCED_FACE ( 'NONE', ( #698 ), #373, .F. ) ;
#1104 = CARTESIAN_POINT ( 'NONE',  ( 0.000000000000000000, 6.000000000000000000, 0.000000000000000000 ) ) ;
#1105 = CARTESIAN_POINT ( 'NONE',  ( 32.99999999999999289, 71.00000000000001421, 10.00000000000000178 ) ) ;
#1106 = EDGE_LOOP ( 'NONE', ( #1822, #2634, #2412, #1660 ) ) ;
#1107 = ORIENTED_EDGE ( 'NONE', *, *, #1765, .T. ) ;
#1108 = CARTESIAN_POINT ( 'NONE',  ( 43.00000000000000000, 56.00000000000000711, 34.99999999999999289 ) ) ;
#1109 = LINE ( 'NONE', #1093, #2707 ) ;
#1110 = FACE_OUTER_BOUND ( 'NONE', #946, .T. ) ;
#1111 = PRODUCT_DEFINITION_FORMATION_WITH_SPECIFIED_SOURCE ( 'ä»', '', #3092, .NOT_KNOWN. ) ;
#1112 = DIRECTION ( 'NONE',  ( 1.000000000000000000, -0.000000000000000000, -0.000000000000000000 ) ) ;
#1113 = VECTOR ( 'NONE', #3201, 1000.000000000000000 ) ;
#1114 = CARTESIAN_POINT ( 'NONE',  ( 30.62787643056335440, 47.04903810567653011, -62.00000000000000000 ) ) ;
#1115 = CARTESIAN_POINT ( 'NONE',  ( 6.928203230275526536, 6.000000000000000000, -49.99999999999999289 ) ) ;
#1116 = APPLICATION_CONTEXT ( 'automotive_design' ) ;
#1117 = EDGE_LOOP ( 'NONE', ( #1024, #326, #719, #2545 ) ) ;
#1118 = CARTESIAN_POINT ( 'NONE',  ( 43.00000000000000000, 136.0000000000000000, 34.99999999999999289 ) ) ;
#1119 = DIRECTION ( 'NONE',  ( -0.000000000000000000, -0.000000000000000000, -1.000000000000000000 ) ) ;
#1120 = EDGE_CURVE ( 'NONE', #1704, #3578, #718, .T. ) ;
#1121 = LINE ( 'NONE', #1703, #2433 ) ;
#1122 = ORIENTED_EDGE ( 'NONE', *, *, #3495, .T. ) ;
#1123 = ORIENTED_EDGE ( 'NONE', *, *, #806, .F. ) ;
#1124 = EDGE_CURVE ( 'NONE', #996, #2550, #1095, .T. ) ;
#1125 = DIRECTION ( 'NONE',  ( 0.000000000000000000, 0.000000000000000000, -1.000000000000000000 ) ) ;
#1126 = DIRECTION ( 'NONE',  ( 0.000000000000000000, 0.000000000000000000, -1.000000000000000000 ) ) ;
#1127 = CARTESIAN_POINT ( 'NONE',  ( 32.99999999999999289, 126.0000000000000000, -9.999999999999998224 ) ) ;
#1128 = VERTEX_POINT ( 'NONE', #226 ) ;
#1129 = AXIS2_PLACEMENT_3D ( 'NONE', #3084, #2247, #339 ) ;
#1130 = VECTOR ( 'NONE', #1391, 1000.000000000000000 ) ;
#1131 = LINE ( 'NONE', #875, #217 ) ;
#1132 = DIRECTION ( 'NONE',  ( 0.000000000000000000, 0.000000000000000000, 1.000000000000000000 ) ) ;
#1133 = AXIS2_PLACEMENT_3D ( 'NONE', #144, #400, #3487 ) ;
#1134 = VECTOR ( 'NONE', #3108, 1000.000000000000000 ) ;
#1135 = VECTOR ( 'NONE', #3025, 1000.000000000000000 ) ;
#1136 = ORIENTED_EDGE ( 'NONE', *, *, #3147, .F. ) ;
#1137 = DIRECTION ( 'NONE',  ( 0.000000000000000000, 0.000000000000000000, 1.000000000000000000 ) ) ;
#1138 = CARTESIAN_POINT ( 'NONE',  ( 38.99999999999999289, 131.0000000000000000, -5.000000000000000000 ) ) ;
#1139 = VERTEX_POINT ( 'NONE', #2153 ) ;
#1140 = VERTEX_POINT ( 'NONE', #3267 ) ;
#1141 = ADVANCED_FACE ( 'NONE', ( #804 ), #478, .F. ) ;
#1142 = LINE ( 'NONE', #1706, #902 ) ;
#1143 = AXIS2_PLACEMENT_3D ( 'NONE', #1497, #1789, #3421 ) ;
#1144 = DIRECTION ( 'NONE',  ( -0.000000000000000000, -0.000000000000000000, -1.000000000000000000 ) ) ;
#1145 = DIRECTION ( 'NONE',  ( 0.000000000000000000, 0.000000000000000000, 1.000000000000000000 ) ) ;
#1146 = VERTEX_POINT ( 'NONE', #3231 ) ;
#1147 = DIRECTION ( 'NONE',  ( 1.000000000000000000, 0.000000000000000000, 0.000000000000000000 ) ) ;
#1148 = EDGE_CURVE ( 'NONE', #3192, #1830, #2836, .T. ) ;
#1149 = ORIENTED_EDGE ( 'NONE', *, *, #1905, .T. ) ;
#1150 = ORIENTED_EDGE ( 'NONE', *, *, #2167, .T. ) ;
#1151 = AXIS2_PLACEMENT_3D ( 'NONE', #53, #1741, #2849 ) ;
#1152 = DIRECTION ( 'NONE',  ( 0.000000000000000000, 0.000000000000000000, -1.000000000000000000 ) ) ;
#1153 = FACE_OUTER_BOUND ( 'NONE', #2000, .T. ) ;
#1154 = CIRCLE ( 'NONE', #3193, 1.750000000000008438 ) ;
#1155 = CARTESIAN_POINT ( 'NONE',  ( 14.99999999999999645, 6.000000000000000000, 3.000000000000000000 ) ) ;
#1156 = ORIENTED_EDGE ( 'NONE', *, *, #2697, .T. ) ;
#1157 = EDGE_CURVE ( 'NONE', #883, #2374, #1860, .T. ) ;
#1158 = FACE_OUTER_BOUND ( 'NONE', #1221, .T. ) ;
#1159 = DIRECTION ( 'NONE',  ( 1.000000000000000000, -0.000000000000000000, -0.000000000000000000 ) ) ;
#1160 = EDGE_LOOP ( 'NONE', ( #2763, #1587, #3328, #993, #2434, #3378, #3420, #3562, #1814, #3290 ) ) ;
#1161 = EDGE_LOOP ( 'NONE', ( #3054, #1607, #1206, #54 ) ) ;
#1162 = AXIS2_PLACEMENT_3D ( 'NONE', #1299, #3285, #1918 ) ;
#1163 = DIRECTION ( 'NONE',  ( -0.000000000000000000, -0.000000000000000000, -1.000000000000000000 ) ) ;
#1164 = DIRECTION ( 'NONE',  ( -2.403703357979447683E-17, 1.387778780781457077E-17, -1.000000000000000000 ) ) ;
#1165 = PLANE ( 'NONE',  #2403 ) ;
#1166 = ORIENTED_EDGE ( 'NONE', *, *, #2639, .F. ) ;
#1167 = PRODUCT_DEFINITION_CONTEXT ( 'detailed design', #308, 'design' ) ;
#1168 = ORIENTED_EDGE ( 'NONE', *, *, #3280, .T. ) ;
#1169 = VERTEX_POINT ( 'NONE', #1898 ) ;
#1170 = DIRECTION ( 'NONE',  ( 0.000000000000000000, 0.000000000000000000, 1.000000000000000000 ) ) ;
#1171 = DIRECTION ( 'NONE',  ( 0.000000000000000000, 0.000000000000000000, 1.000000000000000000 ) ) ;
#1172 = AXIS2_PLACEMENT_3D ( 'NONE', #48, #2010, #2301 ) ;
#1173 = DIRECTION ( 'NONE',  ( 0.000000000000000000, 0.000000000000000000, -1.000000000000000000 ) ) ;
#1174 = VERTEX_POINT ( 'NONE', #2737 ) ;
#1175 = EDGE_CURVE ( 'NONE', #1476, #830, #463, .T. ) ;
#1176 = CARTESIAN_POINT ( 'NONE',  ( 0.000000000000000000, 0.000000000000000000, 0.000000000000000000 ) ) ;
#1177 = DIRECTION ( 'NONE',  ( -0.000000000000000000, -0.000000000000000000, -1.000000000000000000 ) ) ;
#1178 = VERTEX_POINT ( 'NONE', #261 ) ;
#1179 = ORIENTED_EDGE ( 'NONE', *, *, #1452, .T. ) ;
#1180 = CARTESIAN_POINT ( 'NONE',  ( 23.99999999999999289, 0.000000000000000000, 4.000000000000000888 ) ) ;
#1181 = FACE_OUTER_BOUND ( 'NONE', #3455, .T. ) ;
#1182 = VECTOR ( 'NONE', #240, 1000.000000000000000 ) ;
#1183 = CARTESIAN_POINT ( 'NONE',  ( 32.99999999999999289, 80.00000000000001421, -3.249999999999996891 ) ) ;
#1184 = EDGE_CURVE ( 'NONE', #2262, #3172, #279, .T. ) ;
#1185 = VERTEX_POINT ( 'NONE', #2991 ) ;
#1186 = ORIENTED_EDGE ( 'NONE', *, *, #2742, .F. ) ;
#1187 = CARTESIAN_POINT ( 'NONE',  ( 9.271469970012359951, 42.05865704891015611, -3.469446951953614189E-15 ) ) ;
#1188 = EDGE_CURVE ( 'NONE', #464, #336, #1630, .T. ) ;
#1189 = DIRECTION ( 'NONE',  ( 0.000000000000000000, 0.000000000000000000, 1.000000000000000000 ) ) ;
#1190 = EDGE_CURVE ( 'NONE', #2309, #169, #1047, .T. ) ;
#1191 = CYLINDRICAL_SURFACE ( 'NONE', #1248, 9.999999999999994671 ) ;
#1192 = AXIS2_PLACEMENT_3D ( 'NONE', #3294, #2161, #758 ) ;
#1193 = EDGE_LOOP ( 'NONE', ( #644, #25 ) ) ;
#1194 = DIRECTION ( 'NONE',  ( -1.000000000000000000, 0.000000000000000000, 0.000000000000000000 ) ) ;
#1195 = VECTOR ( 'NONE', #3471, 1000.000000000000000 ) ;
#1196 = CIRCLE ( 'NONE', #3233, 3.000000000000003553 ) ;
#1197 = PLANE ( 'NONE',  #1621 ) ;
#1198 = ORIENTED_EDGE ( 'NONE', *, *, #1552, .F. ) ;
#1199 = ADVANCED_FACE ( 'NONE', ( #1843 ), #751, .F. ) ;
#1200 = ORIENTED_EDGE ( 'NONE', *, *, #2480, .T. ) ;
#1201 = EDGE_CURVE ( 'NONE', #2309, #72, #2464, .T. ) ;
#1202 = CARTESIAN_POINT ( 'NONE',  ( 24.43172400785671883, 48.31698729810767645, -62.00000000000000000 ) ) ;
#1203 = DIRECTION ( 'NONE',  ( 0.000000000000000000, 0.000000000000000000, 1.000000000000000000 ) ) ;
#1204 = LINE ( 'NONE', #23, #2928 ) ;
#1205 = EDGE_CURVE ( 'NONE', #3204, #3275, #1082, .T. ) ;
#1206 = ORIENTED_EDGE ( 'NONE', *, *, #2608, .F. ) ;
#1207 = VERTEX_POINT ( 'NONE', #188 ) ;
#1208 = DIRECTION ( 'NONE',  ( 0.5000000000000041078, 0.8660254037844362651, 0.000000000000000000 ) ) ;
#1209 = DIRECTION ( 'NONE',  ( -1.000000000000000000, -0.000000000000000000, -0.000000000000000000 ) ) ;
#1210 = CARTESIAN_POINT ( 'NONE',  ( 23.99999999999999289, 0.000000000000000000, -65.75000000000001421 ) ) ;
#1211 = ADVANCED_FACE ( 'NONE', ( #2957 ), #516, .F. ) ;
#1212 = ORIENTED_EDGE ( 'NONE', *, *, #2284, .T. ) ;
#1213 = LINE ( 'NONE', #1648, #695 ) ;
#1214 = CARTESIAN_POINT ( 'NONE',  ( 43.00000000000000000, 121.0000000000000142, 1.836970198721029589E-15 ) ) ;
#1215 = EDGE_LOOP ( 'NONE', ( #1550, #760 ) ) ;
#1216 = VERTEX_POINT ( 'NONE', #2189 ) ;
#1217 = ADVANCED_FACE ( 'NONE', ( #3302 ), #1917, .F. ) ;
#1218 = DIRECTION ( 'NONE',  ( 0.7071067811865439090, 0.7071067811865512365, 0.000000000000000000 ) ) ;
#1219 = DIRECTION ( 'NONE',  ( 0.000000000000000000, 0.000000000000000000, 1.000000000000000000 ) ) ;
#1220 = CARTESIAN_POINT ( 'NONE',  ( 43.00000000000000000, 80.00000000000001421, -58.00000000000001421 ) ) ;
#1221 = EDGE_LOOP ( 'NONE', ( #2391, #2580, #2871, #773 ) ) ;
#1222 = CARTESIAN_POINT ( 'NONE',  ( 43.00000000000000000, 131.0000000000000000, -56.75000000000000000 ) ) ;
#1223 = CARTESIAN_POINT ( 'NONE',  ( 32.99999999999999289, 63.00000000000002842, 27.49999999999998934 ) ) ;
#1224 = CARTESIAN_POINT ( 'NONE',  ( 43.00000000000000000, 80.00000000000001421, -5.000000000000005329 ) ) ;
#1225 = EDGE_LOOP ( 'NONE', ( #2945, #3374, #452, #2778 ) ) ;
#1226 = VECTOR ( 'NONE', #1644, 1000.000000000000000 ) ;
#1227 = CARTESIAN_POINT ( 'NONE',  ( 43.00000000000000000, 126.0000000000000000, -49.99999999999999289 ) ) ;
#1228 = CARTESIAN_POINT ( 'NONE',  ( 37.00000000000000711, 43.15767664977237672, -9.999999999999968026 ) ) ;
#1229 = VERTEX_POINT ( 'NONE', #2754 ) ;
#1230 = EDGE_LOOP ( 'NONE', ( #2122, #2473, #3464, #438 ) ) ;
#1231 = ADVANCED_FACE ( 'NONE', ( #2481, #2118, #1026, #2136, #735 ), #3250, .T. ) ;
#1232 = DIRECTION ( 'NONE',  ( 0.000000000000000000, 0.000000000000000000, -1.000000000000000000 ) ) ;
#1233 = ADVANCED_FACE ( 'NONE', ( #3318 ), #1934, .F. ) ;
#1234 = CARTESIAN_POINT ( 'NONE',  ( 43.00000000000000000, 131.0000000000000000, -55.00000000000000000 ) ) ;
#1235 = EDGE_CURVE ( 'NONE', #2977, #1469, #3057, .T. ) ;
#1236 = CARTESIAN_POINT ( 'NONE',  ( 39.99999999999999289, 0.000000000000000000, 8.000000000000000000 ) ) ;
#1237 = ORIENTED_EDGE ( 'NONE', *, *, #1708, .F. ) ;
#1238 = ADVANCED_FACE ( 'NONE', ( #2184, #489 ), #2766, .F. ) ;
#1239 = EDGE_LOOP ( 'NONE', ( #1449, #3480, #666, #1767 ) ) ;
#1240 = DIRECTION ( 'NONE',  ( 1.000000000000000000, -0.000000000000000000, -0.000000000000000000 ) ) ;
#1241 = DIRECTION ( 'NONE',  ( 0.000000000000000000, 0.000000000000000000, -1.000000000000000000 ) ) ;
#1242 = DIRECTION ( 'NONE',  ( 1.000000000000000000, -0.000000000000000000, -0.000000000000000000 ) ) ;
#1243 = ORIENTED_EDGE ( 'NONE', *, *, #1649, .T. ) ;
#1244 = LINE ( 'NONE', #3161, #3481 ) ;
#1245 = DIRECTION ( 'NONE',  ( -0.000000000000000000, -1.000000000000000000, -0.000000000000000000 ) ) ;
#1246 = ORIENTED_EDGE ( 'NONE', *, *, #456, .F. ) ;
#1247 = ORIENTED_EDGE ( 'NONE', *, *, #926, .F. ) ;
#1248 = AXIS2_PLACEMENT_3D ( 'NONE', #2302, #3407, #912 ) ;
#1249 = LINE ( 'NONE', #161, #611 ) ;
#1250 = VECTOR ( 'NONE', #1564, 1000.000000000000000 ) ;
#1251 = DIRECTION ( 'NONE',  ( 1.000000000000000000, -0.000000000000000000, -0.000000000000000000 ) ) ;
#1252 = EDGE_LOOP ( 'NONE', ( #3357, #2248, #3502, #2032 ) ) ;
#1253 = AXIS2_PLACEMENT_3D ( 'NONE', #1976, #589, #51 ) ;
#1254 = VECTOR ( 'NONE', #3330, 1000.000000000000000 ) ;
#1255 = LINE ( 'NONE', #2385, #244 ) ;
#1256 = DIRECTION ( 'NONE',  ( 1.000000000000000000, -0.000000000000000000, 0.000000000000000000 ) ) ;
#1257 = VERTEX_POINT ( 'NONE', #1927 ) ;
#1258 = EDGE_CURVE ( 'NONE', #1689, #2140, #3040, .T. ) ;
#1259 = CARTESIAN_POINT ( 'NONE',  ( 39.00000000000000000, 6.000000000000000000, -15.24999999999998579 ) ) ;
#1260 = VECTOR ( 'NONE', #2537, 1000.000000000000000 ) ;
#1261 = CARTESIAN_POINT ( 'NONE',  ( 43.00000000000000000, 126.0000000000000000, -10.00000000000000000 ) ) ;
#1262 = ORIENTED_EDGE ( 'NONE', *, *, #397, .F. ) ;
#1263 = CARTESIAN_POINT ( 'NONE',  ( 32.99999999999999289, 56.00000000000000711, 34.99999999999999289 ) ) ;
#1264 = EDGE_CURVE ( 'NONE', #1672, #919, #3297, .T. ) ;
#1265 = CARTESIAN_POINT ( 'NONE',  ( 9.271469970012359951, 42.05865704891015611, -9.999999999999966249 ) ) ;
#1266 = ORIENTED_EDGE ( 'NONE', *, *, #2608, .T. ) ;
#1267 = ORIENTED_EDGE ( 'NONE', *, *, #68, .T. ) ;
#1268 = VECTOR ( 'NONE', #1609, 1000.000000000000000 ) ;
#1269 = EDGE_CURVE ( 'NONE', #1925, #1689, #963, .T. ) ;
#1270 = CARTESIAN_POINT ( 'NONE',  ( 0.000000000000000000, 6.000000000000000000, 0.000000000000000000 ) ) ;
#1271 = CARTESIAN_POINT ( 'NONE',  ( 14.99999999999999645, 6.000000000000000000, 0.000000000000000000 ) ) ;
#1272 = VECTOR ( 'NONE', #2700, 1000.000000000000000 ) ;
#1273 = ORIENTED_EDGE ( 'NONE', *, *, #476, .T. ) ;
#1274 = CARTESIAN_POINT ( 'NONE',  ( 27.93172400785675435, 54.37916512459873530, 9.999999999999998224 ) ) ;
#1275 = CARTESIAN_POINT ( 'NONE',  ( -2.598076211353330223, 1.500000000000025091, -9.999999999999966249 ) ) ;
#1276 = EDGE_LOOP ( 'NONE', ( #1066, #2794, #2025, #2103 ) ) ;
#1277 = CIRCLE ( 'NONE', #2674, 1.750000000000008438 ) ;
#1278 = EDGE_CURVE ( 'NONE', #237, #368, #3518, .T. ) ;
#1279 = CARTESIAN_POINT ( 'NONE',  ( 23.99999999999999289, 6.000000000000000000, -62.24999999999998579 ) ) ;
#1280 = CARTESIAN_POINT ( 'NONE',  ( 17.93172400785672238, 37.05865704891011347, -3.469446951953614189E-15 ) ) ;
#1281 = VERTEX_POINT ( 'NONE', #3550 ) ;
#1282 = DIRECTION ( 'NONE',  ( 1.000000000000000000, -0.000000000000000000, -0.000000000000000000 ) ) ;
#1283 = DIRECTION ( 'NONE',  ( -0.000000000000000000, 1.000000000000000000, -0.000000000000000000 ) ) ;
#1284 = ORIENTED_EDGE ( 'NONE', *, *, #2637, .F. ) ;
#1285 = ORIENTED_EDGE ( 'NONE', *, *, #2436, .F. ) ;
#1286 = CARTESIAN_POINT ( 'NONE',  ( 38.99999999999999289, 80.00000000000001421, -8.000000000000021316 ) ) ;
#1287 = DIRECTION ( 'NONE',  ( 0.000000000000000000, 0.000000000000000000, -1.000000000000000000 ) ) ;
#1288 = VECTOR ( 'NONE', #728, 1000.000000000000114 ) ;
#1289 = ORIENTED_EDGE ( 'NONE', *, *, #233, .T. ) ;
#1290 = VECTOR ( 'NONE', #1847, 1000.000000000000114 ) ;
#1291 = PLANE ( 'NONE',  #819 ) ;
#1292 = ORIENTED_EDGE ( 'NONE', *, *, #1725, .F. ) ;
#1293 = VECTOR ( 'NONE', #236, 1000.000000000000000 ) ;
#1294 = ORIENTED_EDGE ( 'NONE', *, *, #2972, .F. ) ;
#1295 = DIRECTION ( 'NONE',  ( -0.000000000000000000, -0.000000000000000000, 1.000000000000000000 ) ) ;
#1296 = AXIS2_PLACEMENT_3D ( 'NONE', #331, #292, #1145 ) ;
#1297 = CARTESIAN_POINT ( 'NONE',  ( 4.271469970012325312, 33.39840301106580966, -60.00000000000000000 ) ) ;
#1298 = ORIENTED_EDGE ( 'NONE', *, *, #258, .F. ) ;
#1299 = CARTESIAN_POINT ( 'NONE',  ( -2.598076211353330223, 1.500000000000025091, -9.999999999999966249 ) ) ;
#1300 = CARTESIAN_POINT ( 'NONE',  ( 32.99999999999999289, 80.00000000000001421, -53.24999999999999289 ) ) ;
#1301 = ORIENTED_EDGE ( 'NONE', *, *, #26, .F. ) ;
#1302 = ORIENTED_EDGE ( 'NONE', *, *, #2717, .F. ) ;
#1303 = DIRECTION ( 'NONE',  ( -0.5000000000000043299, -0.8660254037844361541, 0.000000000000000000 ) ) ;
#1304 = LINE ( 'NONE', #1271, #730 ) ;
#1305 = ADVANCED_FACE ( 'NONE', ( #3567 ), #2147, .F. ) ;
#1306 = EDGE_CURVE ( 'NONE', #3367, #1174, #1870, .T. ) ;
#1307 = VERTEX_POINT ( 'NONE', #1092 ) ;
#1308 = VECTOR ( 'NONE', #418, 1000.000000000000000 ) ;
#1309 = CARTESIAN_POINT ( 'NONE',  ( 32.99999999999999289, 6.000000000000000000, -60.00000000000000000 ) ) ;
#1310 = FACE_OUTER_BOUND ( 'NONE', #1882, .T. ) ;
#1311 = AXIS2_PLACEMENT_3D ( 'NONE', #1324, #2213, #1359 ) ;
#1312 = VECTOR ( 'NONE', #220, 1000.000000000000000 ) ;
#1313 = CIRCLE ( 'NONE', #2420, 2.000000000000015543 ) ;
#1314 = PRESENTATION_STYLE_ASSIGNMENT (( #2224 ) ) ;
#1315 = ORIENTED_EDGE ( 'NONE', *, *, #1278, .T. ) ;
#1316 = EDGE_CURVE ( 'NONE', #631, #2398, #2477, .T. ) ;
#1317 = DIRECTION ( 'NONE',  ( 1.000000000000000000, 0.000000000000000000, 0.000000000000000000 ) ) ;
#1318 = DIRECTION ( 'NONE',  ( -1.000000000000000000, -0.000000000000000000, -0.000000000000000000 ) ) ;
#1319 = VECTOR ( 'NONE', #3298, 1000.000000000000000 ) ;
#1320 = FACE_BOUND ( 'NONE', #3570, .T. ) ;
#1321 = CARTESIAN_POINT ( 'NONE',  ( 17.99999999999999645, 0.000000000000000000, -63.00000000000000000 ) ) ;
#1322 = ORIENTED_EDGE ( 'NONE', *, *, #2328, .T. ) ;
#1323 = EDGE_LOOP ( 'NONE', ( #2023, #3053, #701, #2677 ) ) ;
#1324 = CARTESIAN_POINT ( 'NONE',  ( 43.00000000000000000, 126.0000000000000000, -10.00000000000000000 ) ) ;
#1325 = CARTESIAN_POINT ( 'NONE',  ( 32.99999999999999289, 6.000000000000000000, 0.000000000000000000 ) ) ;
#1326 = LINE ( 'NONE', #2439, #2551 ) ;
#1327 = EDGE_LOOP ( 'NONE', ( #2245, #2807 ) ) ;
#1328 = VECTOR ( 'NONE', #1963, 1000.000000000000000 ) ;
#1329 = CARTESIAN_POINT ( 'NONE',  ( 43.00000000000000000, 80.00000000000001421, -5.000000000000005329 ) ) ;
#1330 = DIRECTION ( 'NONE',  ( 1.000000000000000000, 0.000000000000000000, -6.938893903907227145E-17 ) ) ;
#1331 = CARTESIAN_POINT ( 'NONE',  ( 43.00000000000000000, 80.00000000000001421, -1.999999999999988676 ) ) ;
#1332 = ORIENTED_EDGE ( 'NONE', *, *, #1205, .T. ) ;
#1333 = PLANE ( 'NONE',  #1516 ) ;
#1334 = VECTOR ( 'NONE', #2356, 1000.000000000000000 ) ;
#1335 = DIRECTION ( 'NONE',  ( 0.000000000000000000, 0.000000000000000000, 1.000000000000000000 ) ) ;
#1336 = CARTESIAN_POINT ( 'NONE',  ( 43.00000000000000000, 136.0000000000000000, 34.99999999999999289 ) ) ;
#1337 = FACE_OUTER_BOUND ( 'NONE', #150, .T. ) ;
#1338 = ORIENTED_EDGE ( 'NONE', *, *, #1201, .F. ) ;
#1339 = ORIENTED_EDGE ( 'NONE', *, *, #2750, .F. ) ;
#1340 = CYLINDRICAL_SURFACE ( 'NONE', #551, 3.000000000000003553 ) ;
#1341 = DIRECTION ( 'NONE',  ( 1.000000000000000000, -0.000000000000000000, 0.000000000000000000 ) ) ;
#1342 = LINE ( 'NONE', #2982, #1293 ) ;
#1343 = VERTEX_POINT ( 'NONE', #2441 ) ;
#1344 = EDGE_CURVE ( 'NONE', #1018, #2341, #525, .T. ) ;
#1345 = EDGE_CURVE ( 'NONE', #955, #1229, #3276, .T. ) ;
#1346 = DIRECTION ( 'NONE',  ( 1.000000000000000000, 0.000000000000000000, 0.000000000000000000 ) ) ;
#1347 = EDGE_CURVE ( 'NONE', #1743, #1633, #761, .T. ) ;
#1348 = AXIS2_PLACEMENT_3D ( 'NONE', #734, #2921, #1551 ) ;
#1349 = DIRECTION ( 'NONE',  ( 0.000000000000000000, 1.000000000000000000, -0.000000000000000000 ) ) ;
#1350 = DIRECTION ( 'NONE',  ( -0.000000000000000000, -1.000000000000000000, -0.000000000000000000 ) ) ;
#1351 = ORIENTED_EDGE ( 'NONE', *, *, #2873, .F. ) ;
#1352 = PLANE ( 'NONE',  #2218 ) ;
#1353 = EDGE_CURVE ( 'NONE', #1459, #3436, #2012, .T. ) ;
#1354 = DIRECTION ( 'NONE',  ( 0.5000000000000041078, 0.8660254037844362651, -0.000000000000000000 ) ) ;
#1355 = VECTOR ( 'NONE', #596, 1000.000000000000000 ) ;
#1356 = DIRECTION ( 'NONE',  ( 0.000000000000000000, 0.000000000000000000, -1.000000000000000000 ) ) ;
#1357 = DIRECTION ( 'NONE',  ( 0.000000000000000000, 0.000000000000000000, 1.000000000000000000 ) ) ;
#1358 = EDGE_LOOP ( 'NONE', ( #1532, #46, #1779, #2650 ) ) ;
#1359 = DIRECTION ( 'NONE',  ( 1.000000000000000000, 0.000000000000000000, -1.734723475976806848E-16 ) ) ;
#1360 = DIRECTION ( 'NONE',  ( 0.000000000000000000, -1.000000000000000000, 0.000000000000000000 ) ) ;
#1361 = LINE ( 'NONE', #1377, #2515 ) ;
#1362 = ORIENTED_EDGE ( 'NONE', *, *, #9, .T. ) ;
#1363 = CARTESIAN_POINT ( 'NONE',  ( 43.00000000000000000, 136.0000000000000000, -60.00000000000000000 ) ) ;
#1364 = CARTESIAN_POINT ( 'NONE',  ( 32.99999999999999289, 63.00000000000002842, 25.49999999999997513 ) ) ;
#1365 = CYLINDRICAL_SURFACE ( 'NONE', #3571, 3.000000000000002665 ) ;
#1366 = VERTEX_POINT ( 'NONE', #238 ) ;
#1367 = PLANE ( 'NONE',  #1982 ) ;
#1368 = VECTOR ( 'NONE', #692, 1000.000000000000000 ) ;
#1369 = DIRECTION ( 'NONE',  ( 0.000000000000000000, 0.000000000000000000, 1.000000000000000000 ) ) ;
#1370 = VECTOR ( 'NONE', #2274, 1000.000000000000000 ) ;
#1371 = CARTESIAN_POINT ( 'NONE',  ( 43.00000000000000000, 131.0000000000000000, -5.000000000000000000 ) ) ;
#1372 = DIRECTION ( 'NONE',  ( -1.000000000000000000, -0.000000000000000000, -0.000000000000000000 ) ) ;
#1373 = ORIENTED_EDGE ( 'NONE', *, *, #19, .F. ) ;
#1374 = EDGE_CURVE ( 'NONE', #34, #3103, #673, .T. ) ;
#1375 = PLANE ( 'NONE',  #1311 ) ;
#1376 = LINE ( 'NONE', #3020, #3341 ) ;
#1377 = CARTESIAN_POINT ( 'NONE',  ( 43.00000000000000000, 51.15767664977237672, -10.00000000000000000 ) ) ;
#1378 = VERTEX_POINT ( 'NONE', #1108 ) ;
#1379 = ORIENTED_EDGE ( 'NONE', *, *, #2984, .F. ) ;
#1380 = DIRECTION ( 'NONE',  ( -0.8660254037844361541, 0.5000000000000043299, 0.000000000000000000 ) ) ;
#1381 = DIRECTION ( 'NONE',  ( 0.000000000000000000, 0.000000000000000000, -1.000000000000000000 ) ) ;
#1382 = CARTESIAN_POINT ( 'NONE',  ( 43.00000000000000000, 136.0000000000000000, -95.00000000000001421 ) ) ;
#1383 = AXIS2_PLACEMENT_3D ( 'NONE', #2682, #495, #1369 ) ;
#1384 = LINE ( 'NONE', #1077, #1226 ) ;
#1385 = EDGE_CURVE ( 'NONE', #2137, #3367, #2220, .T. ) ;
#1386 = DIRECTION ( 'NONE',  ( 0.000000000000000000, 0.000000000000000000, 1.000000000000000000 ) ) ;
#1387 = EDGE_CURVE ( 'NONE', #1495, #118, #2475, .T. ) ;
#1388 = LINE ( 'NONE', #1115, #345 ) ;
#1389 = VERTEX_POINT ( 'NONE', #560 ) ;
#1390 = CARTESIAN_POINT ( 'NONE',  ( 32.99999999999999289, 121.0000000000000142, -95.00000000000001421 ) ) ;
#1391 = DIRECTION ( 'NONE',  ( 0.000000000000000000, 0.000000000000000000, -1.000000000000000000 ) ) ;
#1392 = CARTESIAN_POINT ( 'NONE',  ( 43.00000000000000000, 136.0000000000000000, 34.99999999999999289 ) ) ;
#1393 = ORIENTED_EDGE ( 'NONE', *, *, #1081, .F. ) ;
#1394 = VERTEX_POINT ( 'NONE', #1674 ) ;
#1395 = LINE ( 'NONE', #1471, #151 ) ;
#1396 = CARTESIAN_POINT ( 'NONE',  ( 32.99999999999999289, 56.00000000000000711, -95.00000000000001421 ) ) ;
#1397 = DIRECTION ( 'NONE',  ( -0.5000000000000041078, -0.8660254037844362651, 0.000000000000000000 ) ) ;
#1398 = ORIENTED_EDGE ( 'NONE', *, *, #2594, .F. ) ;
#1399 = AXIS2_PLACEMENT_3D ( 'NONE', #1006, #409, #1823 ) ;
#1400 = CARTESIAN_POINT ( 'NONE',  ( 32.99999999999999289, 63.00000000000002842, -85.50000000000000000 ) ) ;
#1401 = VERTEX_POINT ( 'NONE', #2781 ) ;
#1402 = CARTESIAN_POINT ( 'NONE',  ( 0.000000000000000000, 6.000000000000000000, 0.000000000000000000 ) ) ;
#1403 = DIRECTION ( 'NONE',  ( 0.000000000000000000, 0.000000000000000000, -1.000000000000000000 ) ) ;
#1404 = EDGE_CURVE ( 'NONE', #3306, #2033, #3293, .T. ) ;
#1405 = EDGE_CURVE ( 'NONE', #2313, #889, #1395, .T. ) ;
#1406 = CIRCLE ( 'NONE', #3438, 1.750000000000015543 ) ;
#1407 = VERTEX_POINT ( 'NONE', #2310 ) ;
#1408 = DIRECTION ( 'NONE',  ( 1.000000000000000000, -0.000000000000000000, -1.224646799147352961E-16 ) ) ;
#1409 = CARTESIAN_POINT ( 'NONE',  ( 4.271469970012319095, 33.39840301106579545, 1.224646799147353651E-15 ) ) ;
#1410 = CARTESIAN_POINT ( 'NONE',  ( 32.99999999999999289, 126.0000000000000000, -60.00000000000000000 ) ) ;
#1411 = ORIENTED_EDGE ( 'NONE', *, *, #1015, .T. ) ;
#1412 = ORIENTED_EDGE ( 'NONE', *, *, #506, .T. ) ;
#1413 = EDGE_CURVE ( 'NONE', #1857, #1401, #1142, .T. ) ;
#1414 = CARTESIAN_POINT ( 'NONE',  ( 6.928203230275526536, 6.000000000000000000, -9.999999999999966249 ) ) ;
#1415 = CARTESIAN_POINT ( 'NONE',  ( 4.271469970012325312, 33.39840301106580966, -49.99999999999999289 ) ) ;
#1416 = CARTESIAN_POINT ( 'NONE',  ( 43.00000000000000000, 126.0000000000000000, -10.00000000000000178 ) ) ;
#1417 = ORIENTED_EDGE ( 'NONE', *, *, #2466, .F. ) ;
#1418 = CARTESIAN_POINT ( 'NONE',  ( 0.000000000000000000, 0.000000000000000000, 0.000000000000000000 ) ) ;
#1419 = ORIENTED_EDGE ( 'NONE', *, *, #1481, .T. ) ;
#1420 = VECTOR ( 'NONE', #280, 1000.000000000000000 ) ;
#1421 = ORIENTED_EDGE ( 'NONE', *, *, #164, .T. ) ;
#1422 = ADVANCED_FACE ( 'NONE', ( #851 ), #2547, .T. ) ;
#1423 = AXIS2_PLACEMENT_3D ( 'NONE', #2438, #3564, #3545 ) ;
#1424 = DIRECTION ( 'NONE',  ( 0.000000000000000000, 1.000000000000000000, -0.000000000000000000 ) ) ;
#1425 = PLANE ( 'NONE',  #2454 ) ;
#1426 = LINE ( 'NONE', #1717, #1420 ) ;
#1427 = AXIS2_PLACEMENT_3D ( 'NONE', #3029, #1645, #3516 ) ;
#1428 = VECTOR ( 'NONE', #1675, 1000.000000000000000 ) ;
#1429 = VERTEX_POINT ( 'NONE', #79 ) ;
#1430 = DIRECTION ( 'NONE',  ( -0.5000000000000036637, -0.8660254037844364872, 0.000000000000000000 ) ) ;
#1431 = FACE_OUTER_BOUND ( 'NONE', #1117, .T. ) ;
#1432 = EDGE_LOOP ( 'NONE', ( #553, #3048, #2432, #2308, #2590, #117, #909, #732, #559, #3164, #2130, #77, #558, #2722, #1122 ) ) ;
#1433 = ORIENTED_EDGE ( 'NONE', *, *, #3460, .T. ) ;
#1434 = LINE ( 'NONE', #921, #1775 ) ;
#1435 = CIRCLE ( 'NONE', #3300, 1.750000000000015543 ) ;
#1436 = CARTESIAN_POINT ( 'NONE',  ( 23.99999999999999289, 0.000000000000000000, -62.24999999999998579 ) ) ;
#1437 = CYLINDRICAL_SURFACE ( 'NONE', #1873, 2.000000000000001776 ) ;
#1438 = ORIENTED_EDGE ( 'NONE', *, *, #1148, .T. ) ;
#1439 = EDGE_LOOP ( 'NONE', ( #1712, #211, #1637, #84 ) ) ;
#1440 = EDGE_CURVE ( 'NONE', #3033, #2402, #2254, .T. ) ;
#1441 = ORIENTED_EDGE ( 'NONE', *, *, #107, .F. ) ;
#1442 = CARTESIAN_POINT ( 'NONE',  ( 39.99999999999999289, 0.000000000000000000, -65.00000000000000000 ) ) ;
#1443 = DIRECTION ( 'NONE',  ( -1.000000000000000000, 0.000000000000000000, 0.000000000000000000 ) ) ;
#1444 = AXIS2_PLACEMENT_3D ( 'NONE', #3540, #754, #808 ) ;
#1445 = DIRECTION ( 'NONE',  ( 0.000000000000000000, 0.000000000000000000, -1.000000000000000000 ) ) ;
#1446 = EDGE_LOOP ( 'NONE', ( #3154, #622, #3335, #2323 ) ) ;
#1447 = DIRECTION ( 'NONE',  ( 1.000000000000000000, -0.000000000000000000, -0.000000000000000000 ) ) ;
#1448 = DIRECTION ( 'NONE',  ( -0.000000000000000000, -0.000000000000000000, 1.000000000000000000 ) ) ;
#1449 = ORIENTED_EDGE ( 'NONE', *, *, #3208, .F. ) ;
#1450 = ORIENTED_EDGE ( 'NONE', *, *, #2435, .F. ) ;
#1451 = VECTOR ( 'NONE', #448, 1000.000000000000000 ) ;
#1452 = EDGE_CURVE ( 'NONE', #988, #360, #20, .T. ) ;
#1453 = PLANE ( 'NONE',  #2764 ) ;
#1454 = LINE ( 'NONE', #942, #674 ) ;
#1455 = DIRECTION ( 'NONE',  ( 0.000000000000000000, 1.000000000000000000, 0.000000000000000000 ) ) ;
#1456 = VERTEX_POINT ( 'NONE', #3093 ) ;
#1457 = EDGE_CURVE ( 'NONE', #3242, #3016, #1836, .T. ) ;
#1458 = EDGE_CURVE ( 'NONE', #1525, #743, #384, .T. ) ;
#1459 = VERTEX_POINT ( 'NONE', #1202 ) ;
#1460 = VERTEX_POINT ( 'NONE', #3148 ) ;
#1461 = VECTOR ( 'NONE', #477, 1000.000000000000000 ) ;
#1462 = CARTESIAN_POINT ( 'NONE',  ( 32.99999999999999289, 136.0000000000000000, 34.99999999999999289 ) ) ;
#1463 = CARTESIAN_POINT ( 'NONE',  ( 9.271469970012367057, 42.05865704891017032, -60.00000000000000000 ) ) ;
#1464 = CIRCLE ( 'NONE', #1172, 1.750000000000001554 ) ;
#1465 = CARTESIAN_POINT ( 'NONE',  ( 37.00000000000000711, 51.15767664977237672, 34.99999999999999289 ) ) ;
#1466 = ORIENTED_EDGE ( 'NONE', *, *, #857, .T. ) ;
#1467 = DIRECTION ( 'NONE',  ( -1.000000000000000000, 0.000000000000000000, 0.000000000000000000 ) ) ;
#1468 = DIRECTION ( 'NONE',  ( -0.8660254037844362651, 0.5000000000000041078, 0.000000000000000000 ) ) ;
#1469 = VERTEX_POINT ( 'NONE', #346 ) ;
#1470 = ORIENTED_EDGE ( 'NONE', *, *, #2873, .T. ) ;
#1471 = CARTESIAN_POINT ( 'NONE',  ( 37.00000000000000711, 51.15767664977237672, 34.99999999999999289 ) ) ;
#1472 = DIRECTION ( 'NONE',  ( 0.000000000000000000, 0.000000000000000000, 1.000000000000000000 ) ) ;
#1473 = CIRCLE ( 'NONE', #3503, 1.750000000000011990 ) ;
#1474 = LINE ( 'NONE', #923, #824 ) ;
#1475 = EDGE_CURVE ( 'NONE', #72, #2151, #1727, .T. ) ;
#1476 = VERTEX_POINT ( 'NONE', #2814 ) ;
#1477 = ORIENTED_EDGE ( 'NONE', *, *, #3280, .F. ) ;
#1478 = CARTESIAN_POINT ( 'NONE',  ( 25.43172400785672949, 50.04903810567655853, 2.000000000000019096 ) ) ;
#1479 = LINE ( 'NONE', #660, #3034 ) ;
#1480 = DIRECTION ( 'NONE',  ( 0.000000000000000000, 0.000000000000000000, 1.000000000000000000 ) ) ;
#1481 = EDGE_CURVE ( 'NONE', #3476, #102, #2419, .T. ) ;
#1482 = CIRCLE ( 'NONE', #2649, 3.000000000000016431 ) ;
#1483 = EDGE_LOOP ( 'NONE', ( #1785, #250, #3509, #146 ) ) ;
#1484 = FACE_OUTER_BOUND ( 'NONE', #134, .T. ) ;
#1485 = AXIS2_PLACEMENT_3D ( 'NONE', #2363, #669, #1218 ) ;
#1486 = VECTOR ( 'NONE', #3006, 1000.000000000000000 ) ;
#1487 = CIRCLE ( 'NONE', #385, 10.00000000000000000 ) ;
#1488 = CYLINDRICAL_SURFACE ( 'NONE', #3153, 1.750000000000001554 ) ;
#1489 = ORIENTED_EDGE ( 'NONE', *, *, #439, .F. ) ;
#1490 = ORIENTED_EDGE ( 'NONE', *, *, #2698, .F. ) ;
#1491 = CARTESIAN_POINT ( 'NONE',  ( 17.93172400785672949, 37.05865704891012058, -60.00000000000000000 ) ) ;
#1492 = CARTESIAN_POINT ( 'NONE',  ( 43.00000000000000000, 129.0000000000000284, 27.49999999999998224 ) ) ;
#1493 = DIRECTION ( 'NONE',  ( 0.000000000000000000, 0.000000000000000000, -1.000000000000000000 ) ) ;
#1494 = VECTOR ( 'NONE', #910, 1000.000000000000000 ) ;
#1495 = VERTEX_POINT ( 'NONE', #363 ) ;
#1496 = VERTEX_POINT ( 'NONE', #1414 ) ;
#1497 = CARTESIAN_POINT ( 'NONE',  ( 0.000000000000000000, 6.000000000000000000, 0.000000000000000000 ) ) ;
#1498 = CARTESIAN_POINT ( 'NONE',  ( 32.99999999999999289, 131.0000000000000000, -56.75000000000000000 ) ) ;
#1499 = CARTESIAN_POINT ( 'NONE',  ( 0.000000000000000000, 111.0000000000000142, 0.000000000000000000 ) ) ;
#1500 = ADVANCED_FACE ( 'NONE', ( #3349 ), #2527, .F. ) ;
#1501 = ORIENTED_EDGE ( 'NONE', *, *, #1347, .F. ) ;
#1502 = AXIS2_PLACEMENT_3D ( 'NONE', #3021, #523, #2761 ) ;
#1503 = DIRECTION ( 'NONE',  ( 0.000000000000000000, 0.000000000000000000, 1.000000000000000000 ) ) ;
#1504 = ADVANCED_FACE ( 'NONE', ( #3415 ), #903, .F. ) ;
#1505 = DIRECTION ( 'NONE',  ( 0.000000000000000000, 1.000000000000000000, 0.000000000000000000 ) ) ;
#1506 = ORIENTED_EDGE ( 'NONE', *, *, #1765, .F. ) ;
#1507 = ORIENTED_EDGE ( 'NONE', *, *, #281, .T. ) ;
#1508 = CARTESIAN_POINT ( 'NONE',  ( 43.00000000000000000, 131.0000000000000000, -5.000000000000000000 ) ) ;
#1509 = DIRECTION ( 'NONE',  ( -0.000000000000000000, 1.000000000000000000, -0.000000000000000000 ) ) ;
#1510 = VECTOR ( 'NONE', #1467, 1000.000000000000000 ) ;
#1511 = LINE ( 'NONE', #1309, #2105 ) ;
#1512 = ORIENTED_EDGE ( 'NONE', *, *, #2563, .F. ) ;
#1513 = ORIENTED_EDGE ( 'NONE', *, *, #2786, .F. ) ;
#1514 = LINE ( 'NONE', #2627, #1494 ) ;
#1515 = DIRECTION ( 'NONE',  ( -1.000000000000000000, 0.000000000000000000, 6.938893903907227392E-16 ) ) ;
#1516 = AXIS2_PLACEMENT_3D ( 'NONE', #3282, #785, #1897 ) ;
#1517 = DIRECTION ( 'NONE',  ( -1.000000000000000000, 0.000000000000000000, 0.000000000000000000 ) ) ;
#1518 = ORIENTED_EDGE ( 'NONE', *, *, #1563, .F. ) ;
#1519 = VECTOR ( 'NONE', #642, 1000.000000000000114 ) ;
#1520 = DIRECTION ( 'NONE',  ( -0.000000000000000000, 1.000000000000000000, -0.000000000000000000 ) ) ;
#1521 = EDGE_CURVE ( 'NONE', #118, #2279, #57, .T. ) ;
#1522 = EDGE_CURVE ( 'NONE', #2348, #1460, #1434, .T. ) ;
#1523 = FACE_OUTER_BOUND ( 'NONE', #17, .T. ) ;
#1524 = EDGE_LOOP ( 'NONE', ( #3449, #2620, #332, #2624 ) ) ;
#1525 = VERTEX_POINT ( 'NONE', #2834 ) ;
#1526 = CARTESIAN_POINT ( 'NONE',  ( 25.43172400785673304, 50.04903810567655853, -62.00000000000000000 ) ) ;
#1527 = CARTESIAN_POINT ( 'NONE',  ( 32.99999999999999289, 63.00000000000002842, -85.50000000000000000 ) ) ;
#1528 = ORIENTED_EDGE ( 'NONE', *, *, #3433, .T. ) ;
#1529 = ADVANCED_FACE ( 'NONE', ( #634 ), #1453, .F. ) ;
#1530 = DIRECTION ( 'NONE',  ( 0.000000000000000000, 0.000000000000000000, -1.000000000000000000 ) ) ;
#1531 = VERTEX_POINT ( 'NONE', #651 ) ;
#1532 = ORIENTED_EDGE ( 'NONE', *, *, #770, .F. ) ;
#1533 = EDGE_CURVE ( 'NONE', #2181, #2961, #1800, .T. ) ;
#1534 = CYLINDRICAL_SURFACE ( 'NONE', #507, 1.750000000000015543 ) ;
#1535 = FACE_OUTER_BOUND ( 'NONE', #173, .T. ) ;
#1536 = EDGE_CURVE ( 'NONE', #980, #474, #1249, .T. ) ;
#1537 = DIRECTION ( 'NONE',  ( -1.000000000000000000, 0.000000000000000000, -0.000000000000000000 ) ) ;
#1538 = EDGE_LOOP ( 'NONE', ( #406, #1965, #891, #65 ) ) ;
#1539 = CARTESIAN_POINT ( 'NONE',  ( 32.99999999999999289, 63.00000000000002842, -87.50000000000002842 ) ) ;
#1540 = DIRECTION ( 'NONE',  ( 0.000000000000000000, 0.000000000000000000, 1.000000000000000000 ) ) ;
#1541 = ORIENTED_EDGE ( 'NONE', *, *, #3037, .T. ) ;
#1542 = ORIENTED_EDGE ( 'NONE', *, *, #2480, .F. ) ;
#1543 = LINE ( 'NONE', #982, #3174 ) ;
#1544 = VECTOR ( 'NONE', #3209, 1000.000000000000114 ) ;
#1545 = CARTESIAN_POINT ( 'NONE',  ( 32.99999999999999289, 56.00000000000000711, -60.00000000000000000 ) ) ;
#1546 = ORIENTED_EDGE ( 'NONE', *, *, #1076, .T. ) ;
#1547 = AXIS2_PLACEMENT_3D ( 'NONE', #2985, #1346, #3586 ) ;
#1548 = CARTESIAN_POINT ( 'NONE',  ( 43.00000000000000000, 111.0000000000000142, -60.00000000000000000 ) ) ;
#1549 = DIRECTION ( 'NONE',  ( 0.000000000000000000, 0.000000000000000000, 1.000000000000000000 ) ) ;
#1550 = ORIENTED_EDGE ( 'NONE', *, *, #3556, .F. ) ;
#1551 = DIRECTION ( 'NONE',  ( 0.000000000000000000, 0.000000000000000000, 1.000000000000000000 ) ) ;
#1552 = EDGE_CURVE ( 'NONE', #3089, #2181, #3205, .T. ) ;
#1553 = CARTESIAN_POINT ( 'NONE',  ( 43.00000000000000000, 80.00000000000001421, -6.750000000000014211 ) ) ;
#1554 = VERTEX_POINT ( 'NONE', #688 ) ;
#1555 = FACE_OUTER_BOUND ( 'NONE', #2893, .T. ) ;
#1556 = CYLINDRICAL_SURFACE ( 'NONE', #13, 1.750000000000015543 ) ;
#1557 = ORIENTED_EDGE ( 'NONE', *, *, #3241, .F. ) ;
#1558 = CIRCLE ( 'NONE', #166, 3.000000000000015543 ) ;
#1559 = ORIENTED_EDGE ( 'NONE', *, *, #2229, .T. ) ;
#1560 = CARTESIAN_POINT ( 'NONE',  ( 38.99999999999999289, 6.000000000000000000, -41.24999999999998579 ) ) ;
#1561 = CARTESIAN_POINT ( 'NONE',  ( -2.598076211353330223, 1.500000000000025091, -9.999999999999966249 ) ) ;
#1562 = VERTEX_POINT ( 'NONE', #1270 ) ;
#1563 = EDGE_CURVE ( 'NONE', #3445, #889, #3165, .T. ) ;
#1564 = DIRECTION ( 'NONE',  ( -0.000000000000000000, 1.000000000000000000, -0.000000000000000000 ) ) ;
#1565 = EDGE_LOOP ( 'NONE', ( #3106, #1799, #1166, #184 ) ) ;
#1566 = EDGE_CURVE ( 'NONE', #755, #2555, #1893, .T. ) ;
#1567 = ORIENTED_EDGE ( 'NONE', *, *, #1157, .F. ) ;
#1568 = VECTOR ( 'NONE', #2890, 1000.000000000000000 ) ;
#1569 = CARTESIAN_POINT ( 'NONE',  ( 38.99999999999999289, 80.00000000000001421, -55.00000000000000000 ) ) ;
#1570 = CARTESIAN_POINT ( 'NONE',  ( 38.99999999999999289, 80.00000000000001421, -55.00000000000000000 ) ) ;
#1571 = ORIENTED_EDGE ( 'NONE', *, *, #246, .T. ) ;
#1572 = ADVANCED_FACE ( 'NONE', ( #417 ), #2091, .F. ) ;
#1573 = DIRECTION ( 'NONE',  ( 0.000000000000000000, 0.000000000000000000, -1.000000000000000000 ) ) ;
#1574 = EDGE_CURVE ( 'NONE', #2033, #3306, #2591, .T. ) ;
#1575 = DIRECTION ( 'NONE',  ( 0.000000000000000000, 0.000000000000000000, -1.000000000000000000 ) ) ;
#1576 = ORIENTED_EDGE ( 'NONE', *, *, #2198, .F. ) ;
#1577 = ORIENTED_EDGE ( 'NONE', *, *, #3548, .F. ) ;
#1578 = VECTOR ( 'NONE', #2902, 1000.000000000000000 ) ;
#1579 = CARTESIAN_POINT ( 'NONE',  ( 39.00000000000000000, 6.000000000000000000, -17.00000000000000000 ) ) ;
#1580 = CARTESIAN_POINT ( 'NONE',  ( 43.00000000000000000, 80.00000000000001421, -55.00000000000000000 ) ) ;
#1581 = ORIENTED_EDGE ( 'NONE', *, *, #1385, .T. ) ;
#1582 = EDGE_CURVE ( 'NONE', #55, #2822, #2705, .T. ) ;
#1583 = AXIS2_PLACEMENT_3D ( 'NONE', #430, #2925, #2378 ) ;
#1584 = CARTESIAN_POINT ( 'NONE',  ( 9.271469970012359951, 42.05865704891015611, -3.469446951953614189E-15 ) ) ;
#1585 = DIRECTION ( 'NONE',  ( -0.000000000000000000, 1.000000000000000000, -0.000000000000000000 ) ) ;
#1586 = VECTOR ( 'NONE', #41, 1000.000000000000114 ) ;
#1587 = ORIENTED_EDGE ( 'NONE', *, *, #3122, .F. ) ;
#1588 = ADVANCED_FACE ( 'NONE', ( #2947 ), #2636, .F. ) ;
#1589 = CARTESIAN_POINT ( 'NONE',  ( 27.93172400785675435, 54.37916512459873530, 8.326672684688719659E-17 ) ) ;
#1590 = DIRECTION ( 'NONE',  ( 0.000000000000000000, 0.000000000000000000, 1.000000000000000000 ) ) ;
#1591 = FACE_BOUND ( 'NONE', #1714, .T. ) ;
#1592 = EDGE_CURVE ( 'NONE', #282, #1139, #2126, .T. ) ;
#1593 = CARTESIAN_POINT ( 'NONE',  ( 43.00000000000000000, 80.00000000000001421, -1.999999999999988676 ) ) ;
#1594 = ORIENTED_EDGE ( 'NONE', *, *, #2284, .F. ) ;
#1595 = ORIENTED_EDGE ( 'NONE', *, *, #3390, .F. ) ;
#1596 = DIRECTION ( 'NONE',  ( -0.000000000000000000, 1.000000000000000000, -0.000000000000000000 ) ) ;
#1597 = PLANE ( 'NONE',  #1948 ) ;
#1598 = DIRECTION ( 'NONE',  ( 1.000000000000000000, -0.000000000000000000, -0.000000000000000000 ) ) ;
#1599 = VECTOR ( 'NONE', #643, 1000.000000000000000 ) ;
#1600 = VERTEX_POINT ( 'NONE', #2110 ) ;
#1601 = AXIS2_PLACEMENT_3D ( 'NONE', #1707, #2875, #381 ) ;
#1602 = DIRECTION ( 'NONE',  ( 0.000000000000000000, 0.000000000000000000, -1.000000000000000000 ) ) ;
#1603 = DIRECTION ( 'NONE',  ( -0.5000000000000042188, -0.8660254037844361541, 3.469446951953612710E-16 ) ) ;
#1604 = VECTOR ( 'NONE', #2688, 1000.000000000000000 ) ;
#1605 = AXIS2_PLACEMENT_3D ( 'NONE', #1641, #222, #1330 ) ;
#1606 = DIRECTION ( 'NONE',  ( 0.000000000000000000, 0.000000000000000000, 1.000000000000000000 ) ) ;
#1607 = ORIENTED_EDGE ( 'NONE', *, *, #542, .F. ) ;
#1608 = FACE_BOUND ( 'NONE', #3475, .T. ) ;
#1609 = DIRECTION ( 'NONE',  ( 0.000000000000000000, 0.000000000000000000, -1.000000000000000000 ) ) ;
#1610 = DIRECTION ( 'NONE',  ( -1.000000000000000000, 0.000000000000000000, -0.000000000000000000 ) ) ;
#1611 = CYLINDRICAL_SURFACE ( 'NONE', #1444, 1.750000000000015543 ) ;
#1612 = ORIENTED_EDGE ( 'NONE', *, *, #3062, .F. ) ;
#1613 = ADVANCED_FACE ( 'NONE', ( #434 ), #941, .F. ) ;
#1614 = EDGE_CURVE ( 'NONE', #3542, #1525, #3223, .T. ) ;
#1615 = ORIENTED_EDGE ( 'NONE', *, *, #399, .F. ) ;
#1616 = EDGE_CURVE ( 'NONE', #1407, #2535, #1543, .T. ) ;
#1617 = CARTESIAN_POINT ( 'NONE',  ( 81.42116167511379388, 87.57883832488658982, -10.00000000000000711 ) ) ;
#1618 = CARTESIAN_POINT ( 'NONE',  ( 43.00000000000000000, 121.0000000000000142, 1.836970198721029589E-15 ) ) ;
#1619 = LINE ( 'NONE', #2728, #2050 ) ;
#1620 = EDGE_LOOP ( 'NONE', ( #509, #270 ) ) ;
#1621 = AXIS2_PLACEMENT_3D ( 'NONE', #2810, #2870, #2307 ) ;
#1622 = DIRECTION ( 'NONE',  ( -0.8660254037844363761, 0.5000000000000043299, -0.000000000000000000 ) ) ;
#1623 = EDGE_CURVE ( 'NONE', #1562, #682, #1816, .T. ) ;
#1624 = CARTESIAN_POINT ( 'NONE',  ( 38.99999999999999289, 80.00000000000001421, -5.000000000000005329 ) ) ;
#1625 = CIRCLE ( 'NONE', #3477, 3.000000000000000000 ) ;
#1626 = DIRECTION ( 'NONE',  ( 1.000000000000000000, -0.000000000000000000, -0.000000000000000000 ) ) ;
#1627 = VERTEX_POINT ( 'NONE', #1286 ) ;
#1628 = CARTESIAN_POINT ( 'NONE',  ( 43.00000000000000000, 121.0000000000000142, -95.00000000000001421 ) ) ;
#1629 = AXIS2_PLACEMENT_3D ( 'NONE', #2942, #2651, #2376 ) ;
#1630 = LINE ( 'NONE', #3538, #1268 ) ;
#1631 = FACE_OUTER_BOUND ( 'NONE', #1850, .T. ) ;
#1632 = CARTESIAN_POINT ( 'NONE',  ( 32.99999999999999289, 80.00000000000001421, -55.00000000000000000 ) ) ;
#1633 = VERTEX_POINT ( 'NONE', #128 ) ;
#1634 = DIRECTION ( 'NONE',  ( 0.000000000000000000, -1.000000000000000000, 0.000000000000000000 ) ) ;
#1635 = DIRECTION ( 'NONE',  ( 0.000000000000000000, -0.000000000000000000, -1.000000000000000000 ) ) ;
#1636 = LINE ( 'NONE', #2457, #2690 ) ;
#1637 = ORIENTED_EDGE ( 'NONE', *, *, #1725, .T. ) ;
#1638 = VECTOR ( 'NONE', #2350, 1000.000000000000000 ) ;
#1639 = DIRECTION ( 'NONE',  ( -1.000000000000000000, 0.000000000000000000, 0.000000000000000000 ) ) ;
#1640 = AXIS2_PLACEMENT_3D ( 'NONE', #3372, #1209, #1171 ) ;
#1641 = CARTESIAN_POINT ( 'NONE',  ( 5.551115123125785660E-16, 6.000000000000000000, 8.000000000000003553 ) ) ;
#1642 = DIRECTION ( 'NONE',  ( 0.000000000000000000, 0.000000000000000000, -1.000000000000000000 ) ) ;
#1643 = ORIENTED_EDGE ( 'NONE', *, *, #2413, .F. ) ;
#1644 = DIRECTION ( 'NONE',  ( 1.000000000000000000, -0.000000000000000000, -0.000000000000000000 ) ) ;
#1645 = DIRECTION ( 'NONE',  ( 0.000000000000000000, 0.000000000000000000, -1.000000000000000000 ) ) ;
#1646 = EDGE_CURVE ( 'NONE', #2347, #791, #2342, .T. ) ;
#1647 = CIRCLE ( 'NONE', #2868, 3.000000000000002665 ) ;
#1648 = CARTESIAN_POINT ( 'NONE',  ( 33.00000000000000000, 39.15767664977232698, 34.99999999999999289 ) ) ;
#1649 = EDGE_CURVE ( 'NONE', #2790, #2711, #2399, .T. ) ;
#1650 = CARTESIAN_POINT ( 'NONE',  ( 14.99999999999999645, 0.000000000000000000, 3.000000000000000000 ) ) ;
#1651 = ORIENTED_EDGE ( 'NONE', *, *, #2435, .T. ) ;
#1652 = CARTESIAN_POINT ( 'NONE',  ( 0.000000000000000000, 51.15767664977237672, 0.000000000000000000 ) ) ;
#1653 = CARTESIAN_POINT ( 'NONE',  ( 32.99999999999999289, 63.00000000000002842, 29.50000000000000711 ) ) ;
#1654 = CARTESIAN_POINT ( 'NONE',  ( 24.43172400785671528, 48.31698729810767645, 2.000000000000019096 ) ) ;
#1655 = VERTEX_POINT ( 'NONE', #1851 ) ;
#1656 = ORIENTED_EDGE ( 'NONE', *, *, #2806, .F. ) ;
#1657 = DIRECTION ( 'NONE',  ( -1.000000000000000000, 0.000000000000000000, 0.000000000000000000 ) ) ;
#1658 = DIRECTION ( 'NONE',  ( 0.000000000000000000, 0.000000000000000000, 1.000000000000000000 ) ) ;
#1659 = EDGE_CURVE ( 'NONE', #2217, #791, #379, .T. ) ;
#1660 = ORIENTED_EDGE ( 'NONE', *, *, #2375, .F. ) ;
#1661 = AXIS2_PLACEMENT_3D ( 'NONE', #671, #2657, #1017 ) ;
#1662 = ADVANCED_FACE ( 'NONE', ( #2605 ), #196, .F. ) ;
#1663 = VECTOR ( 'NONE', #2325, 1000.000000000000000 ) ;
#1664 = CARTESIAN_POINT ( 'NONE',  ( 33.12787643056336861, 51.37916512459871399, -5.823351507781897844E-22 ) ) ;
#1665 = AXIS2_PLACEMENT_3D ( 'NONE', #2587, #80, #2854 ) ;
#1666 = FACE_OUTER_BOUND ( 'NONE', #1807, .T. ) ;
#1667 = CYLINDRICAL_SURFACE ( 'NONE', #2377, 2.000000000000001776 ) ;
#1668 = ORIENTED_EDGE ( 'NONE', *, *, #3203, .F. ) ;
#1669 = DIRECTION ( 'NONE',  ( 0.000000000000000000, 0.000000000000000000, -1.000000000000000000 ) ) ;
#1670 = CARTESIAN_POINT ( 'NONE',  ( 33.12787643056336861, 51.37916512459871399, -70.00000000000000000 ) ) ;
#1671 = FACE_OUTER_BOUND ( 'NONE', #1815, .T. ) ;
#1672 = VERTEX_POINT ( 'NONE', #3257 ) ;
#1673 = VERTEX_POINT ( 'NONE', #3580 ) ;
#1674 = CARTESIAN_POINT ( 'NONE',  ( 20.99999999999999289, 6.000000000000000000, 8.000000000000001776 ) ) ;
#1675 = DIRECTION ( 'NONE',  ( 0.000000000000000000, 0.000000000000000000, 1.000000000000000000 ) ) ;
#1676 = DIRECTION ( 'NONE',  ( -0.5000000000000041078, -0.8660254037844362651, 0.000000000000000000 ) ) ;
#1677 = VERTEX_POINT ( 'NONE', #521 ) ;
#1678 = EDGE_CURVE ( 'NONE', #889, #1476, #1885, .T. ) ;
#1679 = DIRECTION ( 'NONE',  ( 0.000000000000000000, 0.7559289460184520637, 0.6546536707079799733 ) ) ;
#1680 = VERTEX_POINT ( 'NONE', #3322 ) ;
#1681 = FACE_BOUND ( 'NONE', #1863, .T. ) ;
#1682 = FACE_OUTER_BOUND ( 'NONE', #3523, .T. ) ;
#1683 = EDGE_CURVE ( 'NONE', #3234, #1680, #251, .T. ) ;
#1684 = ORIENTED_EDGE ( 'NONE', *, *, #2167, .F. ) ;
#1685 = ADVANCED_FACE ( 'NONE', ( #2455 ), #2998, .F. ) ;
#1686 = LINE ( 'NONE', #2791, #3199 ) ;
#1687 = CARTESIAN_POINT ( 'NONE',  ( 43.00000000000000000, 126.0000000000000000, -60.00000000000000000 ) ) ;
#1688 = DIRECTION ( 'NONE',  ( 1.000000000000000000, -0.000000000000000000, -0.000000000000000000 ) ) ;
#1689 = VERTEX_POINT ( 'NONE', #2194 ) ;
#1690 = ORIENTED_EDGE ( 'NONE', *, *, #1991, .F. ) ;
#1691 = DIRECTION ( 'NONE',  ( 0.000000000000000000, 0.000000000000000000, 1.000000000000000000 ) ) ;
#1692 = LINE ( 'NONE', #2002, #3459 ) ;
#1693 = ADVANCED_FACE ( 'NONE', ( #3526 ), #1375, .F. ) ;
#1694 = CARTESIAN_POINT ( 'NONE',  ( -2.598076211353330223, 1.500000000000025091, -60.00000000000000000 ) ) ;
#1695 = ORIENTED_EDGE ( 'NONE', *, *, #3045, .F. ) ;
#1696 =( NAMED_UNIT ( * ) SI_UNIT ( $, .STERADIAN. ) SOLID_ANGLE_UNIT ( ) );
#1697 = ORIENTED_EDGE ( 'NONE', *, *, #3111, .T. ) ;
#1698 = PLANE ( 'NONE',  #335 ) ;
#1699 = FACE_BOUND ( 'NONE', #2228, .T. ) ;
#1700 = LINE ( 'NONE', #8, #3286 ) ;
#1701 = VERTEX_POINT ( 'NONE', #775 ) ;
#1702 = CYLINDRICAL_SURFACE ( 'NONE', #729, 1.750000000000001554 ) ;
#1703 = CARTESIAN_POINT ( 'NONE',  ( 43.00000000000000000, 131.0000000000000000, -6.750000000000001776 ) ) ;
#1704 = VERTEX_POINT ( 'NONE', #2726 ) ;
#1705 = ORIENTED_EDGE ( 'NONE', *, *, #3283, .F. ) ;
#1706 = CARTESIAN_POINT ( 'NONE',  ( 0.000000000000000000, 0.000000000000000000, 0.000000000000000000 ) ) ;
#1707 = CARTESIAN_POINT ( 'NONE',  ( 20.99999999999999289, 6.000000000000000000, 5.000000000000001776 ) ) ;
#1708 = EDGE_CURVE ( 'NONE', #2057, #3547, #504, .T. ) ;
#1709 = DIRECTION ( 'NONE',  ( 0.5000000000000042188, 0.8660254037844362651, 0.000000000000000000 ) ) ;
#1710 = ORIENTED_EDGE ( 'NONE', *, *, #367, .F. ) ;
#1711 = PRODUCT_CONTEXT ( 'NONE', #1116, 'mechanical' ) ;
#1712 = ORIENTED_EDGE ( 'NONE', *, *, #3079, .F. ) ;
#1713 = CIRCLE ( 'NONE', #148, 9.999999999999994671 ) ;
#1714 = EDGE_LOOP ( 'NONE', ( #3597, #1284 ) ) ;
#1715 = CARTESIAN_POINT ( 'NONE',  ( -11.25833024919769088, 6.500000000000065725, 0.000000000000000000 ) ) ;
#1716 = CARTESIAN_POINT ( 'NONE',  ( 38.99999999999999289, 80.00000000000001421, -6.750000000000014211 ) ) ;
#1717 = CARTESIAN_POINT ( 'NONE',  ( 43.00000000000000000, 126.0000000000000000, 0.000000000000000000 ) ) ;
#1718 = VECTOR ( 'NONE', #1232, 1000.000000000000000 ) ;
#1719 = AXIS2_PLACEMENT_3D ( 'NONE', #1180, #1762, #1691 ) ;
#1720 = ORIENTED_EDGE ( 'NONE', *, *, #2746, .T. ) ;
#1721 = LINE ( 'NONE', #555, #2559 ) ;
#1722 = EDGE_CURVE ( 'NONE', #1874, #677, #469, .T. ) ;
#1723 = LINE ( 'NONE', #342, #3071 ) ;
#1724 = ORIENTED_EDGE ( 'NONE', *, *, #3085, .T. ) ;
#1725 = EDGE_CURVE ( 'NONE', #431, #1554, #234, .T. ) ;
#1726 = ORIENTED_EDGE ( 'NONE', *, *, #564, .T. ) ;
#1727 = LINE ( 'NONE', #2874, #1134 ) ;
#1728 = CIRCLE ( 'NONE', #3009, 2.999999999999999112 ) ;
#1729 = CARTESIAN_POINT ( 'NONE',  ( 39.00000000000000000, 6.000000000000000000, -17.00000000000000000 ) ) ;
#1730 = FACE_OUTER_BOUND ( 'NONE', #1439, .T. ) ;
#1731 = ORIENTED_EDGE ( 'NONE', *, *, #3015, .F. ) ;
#1732 = EDGE_CURVE ( 'NONE', #1174, #1806, #1921, .T. ) ;
#1733 = ORIENTED_EDGE ( 'NONE', *, *, #2679, .F. ) ;
#1734 = VECTOR ( 'NONE', #1517, 1000.000000000000000 ) ;
#1735 = EDGE_LOOP ( 'NONE', ( #2386, #2409 ) ) ;
#1736 = CARTESIAN_POINT ( 'NONE',  ( 20.99999999999999289, 6.000000000000000000, 5.000000000000001776 ) ) ;
#1737 = CARTESIAN_POINT ( 'NONE',  ( 26.43172400785674725, 51.78108891324544771, -62.00000000000000000 ) ) ;
#1738 = DIRECTION ( 'NONE',  ( -0.8660254037844363761, 0.5000000000000043299, -0.000000000000000000 ) ) ;
#1739 = ORIENTED_EDGE ( 'NONE', *, *, #1404, .F. ) ;
#1740 = CARTESIAN_POINT ( 'NONE',  ( 33.00000000000000000, 39.15767664977232698, -9.999999999999980460 ) ) ;
#1741 = DIRECTION ( 'NONE',  ( -0.000000000000000000, 1.000000000000000000, -0.000000000000000000 ) ) ;
#1742 = ORIENTED_EDGE ( 'NONE', *, *, #3433, .F. ) ;
#1743 = VERTEX_POINT ( 'NONE', #267 ) ;
#1744 = VECTOR ( 'NONE', #2154, 1000.000000000000000 ) ;
#1745 = EDGE_CURVE ( 'NONE', #1456, #3589, #36, .T. ) ;
#1746 = DIRECTION ( 'NONE',  ( 1.000000000000000000, -0.000000000000000000, -0.000000000000000000 ) ) ;
#1747 = DIRECTION ( 'NONE',  ( 0.000000000000000000, 0.000000000000000000, 1.000000000000000000 ) ) ;
#1748 = CARTESIAN_POINT ( 'NONE',  ( 32.99999999999999289, 129.0000000000000284, -85.50000000000001421 ) ) ;
#1749 = ADVANCED_FACE ( 'NONE', ( #215 ), #1340, .F. ) ;
#1750 = VERTEX_POINT ( 'NONE', #2437 ) ;
#1751 = ORIENTED_EDGE ( 'NONE', *, *, #2936, .T. ) ;
#1752 = CARTESIAN_POINT ( 'NONE',  ( 39.00000000000000000, 0.000000000000000000, -17.00000000000000000 ) ) ;
#1753 = PLANE ( 'NONE',  #362 ) ;
#1754 = DIRECTION ( 'NONE',  ( -0.000000000000000000, 1.000000000000000000, -0.000000000000000000 ) ) ;
#1755 = CIRCLE ( 'NONE', #1583, 2.999999999999999112 ) ;
#1756 = ORIENTED_EDGE ( 'NONE', *, *, #1353, .T. ) ;
#1757 = CARTESIAN_POINT ( 'NONE',  ( 32.99999999999999289, 81.00000000000000000, 1.224646799147353256E-15 ) ) ;
#1758 = FACE_OUTER_BOUND ( 'NONE', #2941, .T. ) ;
#1759 = VERTEX_POINT ( 'NONE', #3544 ) ;
#1760 = AXIS2_PLACEMENT_3D ( 'NONE', #2607, #116, #2876 ) ;
#1761 = ORIENTED_EDGE ( 'NONE', *, *, #835, .T. ) ;
#1762 = DIRECTION ( 'NONE',  ( -0.000000000000000000, 1.000000000000000000, -0.000000000000000000 ) ) ;
#1763 = CARTESIAN_POINT ( 'NONE',  ( 4.271469970012319095, 33.39840301106579545, 1.224646799147353651E-15 ) ) ;
#1764 = CARTESIAN_POINT ( 'NONE',  ( 43.00000000000000000, 6.000000000000000000, 0.000000000000000000 ) ) ;
#1765 = EDGE_CURVE ( 'NONE', #3247, #1496, #757, .T. ) ;
#1766 = EDGE_LOOP ( 'NONE', ( #254, #740 ) ) ;
#1767 = ORIENTED_EDGE ( 'NONE', *, *, #1120, .T. ) ;
#1768 = EDGE_CURVE ( 'NONE', #2374, #1407, #2488, .T. ) ;
#1769 = CARTESIAN_POINT ( 'NONE',  ( 32.99999999999998579, 63.15767664977228435, -49.99999999999999289 ) ) ;
#1770 = DIRECTION ( 'NONE',  ( -0.000000000000000000, 1.000000000000000000, -0.000000000000000000 ) ) ;
#1771 = CARTESIAN_POINT ( 'NONE',  ( 43.00000000000000000, 71.00000000000001421, -95.00000000000001421 ) ) ;
#1772 = VECTOR ( 'NONE', #1866, 1000.000000000000114 ) ;
#1773 = ORIENTED_EDGE ( 'NONE', *, *, #2974, .F. ) ;
#1774 = DIRECTION ( 'NONE',  ( -0.5000000000000042188, -0.8660254037844362651, 0.000000000000000000 ) ) ;
#1775 = VECTOR ( 'NONE', #3130, 1000.000000000000114 ) ;
#1776 = VECTOR ( 'NONE', #3261, 1000.000000000000000 ) ;
#1777 = VECTOR ( 'NONE', #3399, 1000.000000000000000 ) ;
#1778 = DIRECTION ( 'NONE',  ( 0.000000000000000000, 0.000000000000000000, -1.000000000000000000 ) ) ;
#1779 = ORIENTED_EDGE ( 'NONE', *, *, #2904, .T. ) ;
#1780 = ORIENTED_EDGE ( 'NONE', *, *, #88, .F. ) ;
#1781 = DIRECTION ( 'NONE',  ( -0.000000000000000000, -1.000000000000000000, -0.000000000000000000 ) ) ;
#1782 = CYLINDRICAL_SURFACE ( 'NONE', #1661, 3.000000000000000000 ) ;
#1783 = AXIS2_PLACEMENT_3D ( 'NONE', #511, #1892, #21 ) ;
#1784 = CARTESIAN_POINT ( 'NONE',  ( 24.43172400785671528, 48.31698729810767645, 2.000000000000019096 ) ) ;
#1785 = ORIENTED_EDGE ( 'NONE', *, *, #945, .F. ) ;
#1786 = ORIENTED_EDGE ( 'NONE', *, *, #2679, .T. ) ;
#1787 = EDGE_CURVE ( 'NONE', #2033, #1169, #826, .T. ) ;
#1788 = ADVANCED_FACE ( 'NONE', ( #1102 ), #485, .F. ) ;
#1789 = DIRECTION ( 'NONE',  ( 0.000000000000000000, 0.000000000000000000, -1.000000000000000000 ) ) ;
#1790 = LINE ( 'NONE', #187, #1578 ) ;
#1791 = CARTESIAN_POINT ( 'NONE',  ( 43.00000000000000000, 56.00000000000000711, -95.00000000000001421 ) ) ;
#1792 = EDGE_LOOP ( 'NONE', ( #344, #1060, #2740, #1720 ) ) ;
#1793 = VECTOR ( 'NONE', #1688, 1000.000000000000000 ) ;
#1794 = DIRECTION ( 'NONE',  ( -1.000000000000000000, -0.000000000000000000, -0.000000000000000000 ) ) ;
#1795 = AXIS2_PLACEMENT_3D ( 'NONE', #1881, #2431, #2721 ) ;
#1796 = DIRECTION ( 'NONE',  ( -0.000000000000000000, 1.000000000000000000, -0.000000000000000000 ) ) ;
#1797 = ORIENTED_EDGE ( 'NONE', *, *, #633, .T. ) ;
#1798 = ADVANCED_FACE ( 'NONE', ( #3359 ), #2808, .F. ) ;
#1799 = ORIENTED_EDGE ( 'NONE', *, *, #1235, .F. ) ;
#1800 = LINE ( 'NONE', #3430, #99 ) ;
#1801 = CARTESIAN_POINT ( 'NONE',  ( 6.928203230275526536, 6.000000000000000000, -60.00000000000000000 ) ) ;
#1802 = AXIS2_PLACEMENT_3D ( 'NONE', #646, #1520, #683 ) ;
#1803 = ORIENTED_EDGE ( 'NONE', *, *, #1440, .F. ) ;
#1804 = CARTESIAN_POINT ( 'NONE',  ( 43.00000000000000000, 56.00000000000000711, -95.00000000000001421 ) ) ;
#1805 = ADVANCED_FACE ( 'NONE', ( #880 ), #1961, .T. ) ;
#1806 = VERTEX_POINT ( 'NONE', #1390 ) ;
#1807 = EDGE_LOOP ( 'NONE', ( #3525, #1294, #2910, #871, #2237, #2934 ) ) ;
#1808 = DIRECTION ( 'NONE',  ( 0.000000000000000000, 0.000000000000000000, 1.000000000000000000 ) ) ;
#1809 = DIRECTION ( 'NONE',  ( -1.000000000000000000, 0.000000000000000000, 0.000000000000000000 ) ) ;
#1810 = PLANE ( 'NONE',  #2779 ) ;
#1811 = ORIENTED_EDGE ( 'NONE', *, *, #2478, .F. ) ;
#1812 = DIRECTION ( 'NONE',  ( 0.000000000000000000, 0.000000000000000000, 1.000000000000000000 ) ) ;
#1813 = CARTESIAN_POINT ( 'NONE',  ( 32.99999999999999289, 126.0000000000000000, -49.99999999999998579 ) ) ;
#1814 = ORIENTED_EDGE ( 'NONE', *, *, #2035, .F. ) ;
#1815 = EDGE_LOOP ( 'NONE', ( #3146, #3338, #2064, #3601 ) ) ;
#1816 = LINE ( 'NONE', #179, #1718 ) ;
#1817 = LINE ( 'NONE', #1545, #2765 ) ;
#1818 = VERTEX_POINT ( 'NONE', #2542 ) ;
#1819 = LINE ( 'NONE', #713, #1368 ) ;
#1820 = ADVANCED_FACE ( 'NONE', ( #1996 ), #1702, .F. ) ;
#1821 = EDGE_LOOP ( 'NONE', ( #597, #2567, #2780, #3413 ) ) ;
#1822 = ORIENTED_EDGE ( 'NONE', *, *, #367, .T. ) ;
#1823 = DIRECTION ( 'NONE',  ( 0.000000000000000000, 0.000000000000000000, 1.000000000000000000 ) ) ;
#1824 = CARTESIAN_POINT ( 'NONE',  ( 43.00000000000000000, 56.00000000000000711, -60.00000000000000000 ) ) ;
#1825 = ORIENTED_EDGE ( 'NONE', *, *, #110, .T. ) ;
#1826 = CYLINDRICAL_SURFACE ( 'NONE', #990, 2.000000000000015543 ) ;
#1827 = ADVANCED_FACE ( 'NONE', ( #1158 ), #3049, .F. ) ;
#1828 = CARTESIAN_POINT ( 'NONE',  ( 43.00000000000000000, 111.0000000000000142, -69.99999999999998579 ) ) ;
#1829 = ORIENTED_EDGE ( 'NONE', *, *, #2321, .T. ) ;
#1830 = VERTEX_POINT ( 'NONE', #2270 ) ;
#1831 = DIRECTION ( 'NONE',  ( -0.8660254037844362651, 0.5000000000000041078, 0.000000000000000000 ) ) ;
#1832 = AXIS2_PLACEMENT_3D ( 'NONE', #3167, #1003, #675 ) ;
#1833 = LINE ( 'NONE', #2053, #1308 ) ;
#1834 = ADVANCED_FACE ( 'NONE', ( #2502 ), #3069, .T. ) ;
#1835 = ORIENTED_EDGE ( 'NONE', *, *, #1044, .T. ) ;
#1836 = CIRCLE ( 'NONE', #1950, 1.750000000000001554 ) ;
#1837 = CARTESIAN_POINT ( 'NONE',  ( 43.00000000000000000, 80.00000000000001421, -8.000000000000021316 ) ) ;
#1838 = EDGE_LOOP ( 'NONE', ( #2694, #1615 ) ) ;
#1839 = ADVANCED_FACE ( 'NONE', ( #606 ), #3394, .T. ) ;
#1840 = ORIENTED_EDGE ( 'NONE', *, *, #568, .T. ) ;
#1841 = EDGE_CURVE ( 'NONE', #1818, #3424, #1721, .T. ) ;
#1842 = DIRECTION ( 'NONE',  ( -6.938893903907227392E-16, 0.000000000000000000, -1.000000000000000000 ) ) ;
#1843 = FACE_OUTER_BOUND ( 'NONE', #580, .T. ) ;
#1844 = ORIENTED_EDGE ( 'NONE', *, *, #2984, .T. ) ;
#1845 = DIRECTION ( 'NONE',  ( 1.000000000000000000, 0.000000000000000000, 0.000000000000000000 ) ) ;
#1846 = EDGE_CURVE ( 'NONE', #2313, #632, #284, .T. ) ;
#1847 = DIRECTION ( 'NONE',  ( 0.8660254037844362651, -0.5000000000000041078, -0.000000000000000000 ) ) ;
#1848 = VERTEX_POINT ( 'NONE', #341 ) ;
#1849 = VECTOR ( 'NONE', #2408, 1000.000000000000000 ) ;
#1850 = EDGE_LOOP ( 'NONE', ( #882, #576, #2017, #1742, #2493, #1379, #1656 ) ) ;
#1851 = CARTESIAN_POINT ( 'NONE',  ( 4.271469970012319095, 33.39840301106579545, -9.999999999999966249 ) ) ;
#1852 = DIRECTION ( 'NONE',  ( 0.5000000000000042188, 0.8660254037844362651, 0.000000000000000000 ) ) ;
#1853 = ORIENTED_EDGE ( 'NONE', *, *, #926, .T. ) ;
#1854 = EDGE_CURVE ( 'NONE', #3584, #707, #2564, .T. ) ;
#1855 = DIRECTION ( 'NONE',  ( -0.000000000000000000, -0.000000000000000000, -1.000000000000000000 ) ) ;
#1856 = ORIENTED_EDGE ( 'NONE', *, *, #828, .T. ) ;
#1857 = VERTEX_POINT ( 'NONE', #1176 ) ;
#1858 = EDGE_CURVE ( 'NONE', #1806, #3424, #2014, .T. ) ;
#1859 = CARTESIAN_POINT ( 'NONE',  ( 26.43172400785674725, 51.78108891324544771, -62.00000000000000000 ) ) ;
#1860 = LINE ( 'NONE', #2971, #3417 ) ;
#1861 = CARTESIAN_POINT ( 'NONE',  ( 38.99999999999999289, 80.00000000000001421, -55.00000000000000000 ) ) ;
#1862 = CARTESIAN_POINT ( 'NONE',  ( 32.99999999999999289, 129.0000000000000284, -85.50000000000001421 ) ) ;
#1863 = EDGE_LOOP ( 'NONE', ( #2524, #1186 ) ) ;
#1864 = VERTEX_POINT ( 'NONE', #629 ) ;
#1865 = DIRECTION ( 'NONE',  ( 1.000000000000000000, -0.000000000000000000, 0.000000000000000000 ) ) ;
#1866 = DIRECTION ( 'NONE',  ( -0.8660254037844362651, 0.5000000000000041078, 0.000000000000000000 ) ) ;
#1867 = DIRECTION ( 'NONE',  ( 0.000000000000000000, 0.000000000000000000, 1.000000000000000000 ) ) ;
#1868 = ORIENTED_EDGE ( 'NONE', *, *, #1098, .T. ) ;
#1869 = VECTOR ( 'NONE', #1540, 1000.000000000000000 ) ;
#1870 = LINE ( 'NONE', #2423, #2652 ) ;
#1871 = FACE_OUTER_BOUND ( 'NONE', #351, .T. ) ;
#1872 = LINE ( 'NONE', #491, #831 ) ;
#1873 = AXIS2_PLACEMENT_3D ( 'NONE', #3133, #348, #3351 ) ;
#1874 = VERTEX_POINT ( 'NONE', #1740 ) ;
#1875 = EDGE_CURVE ( 'NONE', #1207, #2013, #2848, .T. ) ;
#1876 = LINE ( 'NONE', #2463, #2570 ) ;
#1877 = CARTESIAN_POINT ( 'NONE',  ( 43.00000000000000000, 129.0000000000000284, -87.50000000000002842 ) ) ;
#1878 = ADVANCED_FACE ( 'NONE', ( #2582 ), #3339, .F. ) ;
#1879 = PLANE ( 'NONE',  #1162 ) ;
#1880 = AXIS2_PLACEMENT_3D ( 'NONE', #3588, #544, #1606 ) ;
#1881 = CARTESIAN_POINT ( 'NONE',  ( 14.99999999999999645, 6.000000000000000000, -63.00000000000000000 ) ) ;
#1882 = EDGE_LOOP ( 'NONE', ( #313, #1594, #2079, #571 ) ) ;
#1883 = EDGE_CURVE ( 'NONE', #1257, #2711, #1686, .T. ) ;
#1884 = ORIENTED_EDGE ( 'NONE', *, *, #2478, .T. ) ;
#1885 = LINE ( 'NONE', #2963, #2357 ) ;
#1886 = CARTESIAN_POINT ( 'NONE',  ( 30.62787643056335085, 47.04903810567653011, 2.000000000000019096 ) ) ;
#1887 = CARTESIAN_POINT ( 'NONE',  ( 32.99999999999999289, 63.15767664977228435, -60.00000000000000000 ) ) ;
#1888 = AXIS2_PLACEMENT_3D ( 'NONE', #1155, #1974, #1132 ) ;
#1889 = ORIENTED_EDGE ( 'NONE', *, *, #2560, .T. ) ;
#1890 = VECTOR ( 'NONE', #1852, 1000.000000000000114 ) ;
#1891 = DIRECTION ( 'NONE',  ( 1.000000000000000000, -0.000000000000000000, -0.000000000000000000 ) ) ;
#1892 = DIRECTION ( 'NONE',  ( -1.000000000000000000, -0.000000000000000000, -0.000000000000000000 ) ) ;
#1893 = CIRCLE ( 'NONE', #842, 10.00000000000000178 ) ;
#1894 = AXIS2_PLACEMENT_3D ( 'NONE', #816, #2459, #2712 ) ;
#1895 = CIRCLE ( 'NONE', #2359, 3.000000000000015543 ) ;
#1896 = CARTESIAN_POINT ( 'NONE',  ( 38.99999999999999289, 131.0000000000000000, -6.750000000000001776 ) ) ;
#1897 = DIRECTION ( 'NONE',  ( -1.000000000000000000, 0.000000000000000000, -0.000000000000000000 ) ) ;
#1898 = CARTESIAN_POINT ( 'NONE',  ( 23.99999999999999289, 6.000000000000000000, 2.249999999999988898 ) ) ;
#1899 = AXIS2_PLACEMENT_3D ( 'NONE', #1715, #3319, #2557 ) ;
#1900 = DIRECTION ( 'NONE',  ( 0.7071067811865439090, 0.7071067811865512365, 0.000000000000000000 ) ) ;
#1901 = CARTESIAN_POINT ( 'NONE',  ( 33.12787643056336861, 51.37916512459871399, 9.999999999999998224 ) ) ;
#1902 = ORIENTED_EDGE ( 'NONE', *, *, #2394, .F. ) ;
#1903 = DIRECTION ( 'NONE',  ( -0.5000000000000043299, -0.8660254037844361541, -0.000000000000000000 ) ) ;
#1904 = DIRECTION ( 'NONE',  ( -0.8660254037844361541, 0.5000000000000043299, 0.000000000000000000 ) ) ;
#1905 = EDGE_CURVE ( 'NONE', #3589, #1456, #520, .T. ) ;
#1906 = LINE ( 'NONE', #286, #307 ) ;
#1907 = ORIENTED_EDGE ( 'NONE', *, *, #2327, .F. ) ;
#1908 = CARTESIAN_POINT ( 'NONE',  ( 39.00000000000000000, 6.000000000000000000, -18.75000000000001776 ) ) ;
#1909 = CARTESIAN_POINT ( 'NONE',  ( 43.00000000000000000, 131.0000000000000000, -53.25000000000000000 ) ) ;
#1910 = AXIS2_PLACEMENT_3D ( 'NONE', #841, #3392, #861 ) ;
#1911 = EDGE_CURVE ( 'NONE', #1986, #464, #2250, .T. ) ;
#1912 = LINE ( 'NONE', #257, #2581 ) ;
#1913 = ORIENTED_EDGE ( 'NONE', *, *, #2938, .F. ) ;
#1914 = EDGE_CURVE ( 'NONE', #2262, #396, #109, .T. ) ;
#1915 = DIRECTION ( 'NONE',  ( -0.8660254037844362651, 0.5000000000000041078, 0.000000000000000000 ) ) ;
#1916 = AXIS2_PLACEMENT_3D ( 'NONE', #2191, #2684, #737 ) ;
#1917 = PLANE ( 'NONE',  #1427 ) ;
#1918 = DIRECTION ( 'NONE',  ( 0.5000000000000041078, 0.8660254037844362651, 0.000000000000000000 ) ) ;
#1919 = DIRECTION ( 'NONE',  ( 0.000000000000000000, 1.000000000000000000, -3.004629197474309188E-16 ) ) ;
#1920 = ORIENTED_EDGE ( 'NONE', *, *, #1732, .T. ) ;
#1921 = LINE ( 'NONE', #3035, #1949 ) ;
#1922 = DIRECTION ( 'NONE',  ( -0.000000000000000000, -1.000000000000000000, -0.000000000000000000 ) ) ;
#1923 = ADVANCED_FACE ( 'NONE', ( #3465 ), #2320, .T. ) ;
#1924 = DIRECTION ( 'NONE',  ( -0.000000000000000000, -0.000000000000000000, -1.000000000000000000 ) ) ;
#1925 = VERTEX_POINT ( 'NONE', #3425 ) ;
#1926 = VECTOR ( 'NONE', #2169, 1000.000000000000000 ) ;
#1927 = CARTESIAN_POINT ( 'NONE',  ( 32.99999999999999289, 6.000000000000000000, 1.224646799147352862E-15 ) ) ;
#1928 = VECTOR ( 'NONE', #1855, 1000.000000000000000 ) ;
#1929 = LINE ( 'NONE', #2221, #499 ) ;
#1930 = LINE ( 'NONE', #800, #1182 ) ;
#1931 = ORIENTED_EDGE ( 'NONE', *, *, #1175, .F. ) ;
#1932 = DIRECTION ( 'NONE',  ( -0.8660254037844362651, 0.5000000000000041078, 0.000000000000000000 ) ) ;
#1933 = VECTOR ( 'NONE', #3326, 1000.000000000000000 ) ;
#1934 = CYLINDRICAL_SURFACE ( 'NONE', #444, 10.00000000000000000 ) ;
#1935 = VECTOR ( 'NONE', #1709, 1000.000000000000114 ) ;
#1936 = DIRECTION ( 'NONE',  ( 0.000000000000000000, 0.000000000000000000, 1.000000000000000000 ) ) ;
#1937 = LINE ( 'NONE', #2411, #3017 ) ;
#1938 = EDGE_LOOP ( 'NONE', ( #2507, #1668, #2232, #2654 ) ) ;
#1939 = CARTESIAN_POINT ( 'NONE',  ( 43.00000000000000000, 80.00000000000001421, -5.000000000000005329 ) ) ;
#1940 = FACE_OUTER_BOUND ( 'NONE', #1792, .T. ) ;
#1941 = DIRECTION ( 'NONE',  ( 0.000000000000000000, 0.000000000000000000, -1.000000000000000000 ) ) ;
#1942 = ORIENTED_EDGE ( 'NONE', *, *, #764, .T. ) ;
#1943 = ORIENTED_EDGE ( 'NONE', *, *, #513, .T. ) ;
#1944 = DIRECTION ( 'NONE',  ( -1.000000000000000000, 0.000000000000000000, 0.000000000000000000 ) ) ;
#1945 = DIRECTION ( 'NONE',  ( -1.000000000000000000, -0.000000000000000000, -0.000000000000000000 ) ) ;
#1946 = EDGE_CURVE ( 'NONE', #524, #677, #2030, .T. ) ;
#1947 = SURFACE_SIDE_STYLE ('',( #3026 ) ) ;
#1948 = AXIS2_PLACEMENT_3D ( 'NONE', #1618, #2489, #1635 ) ;
#1949 = VECTOR ( 'NONE', #3019, 1000.000000000000000 ) ;
#1950 = AXIS2_PLACEMENT_3D ( 'NONE', #2586, #3075, #885 ) ;
#1951 = LINE ( 'NONE', #2990, #73 ) ;
#1952 = VECTOR ( 'NONE', #1164, 1000.000000000000000 ) ;
#1953 = ADVANCED_FACE ( 'NONE', ( #1484 ), #1826, .F. ) ;
#1954 = ORIENTED_EDGE ( 'NONE', *, *, #283, .T. ) ;
#1955 = EDGE_CURVE ( 'NONE', #2051, #2075, #3543, .T. ) ;
#1956 = DIRECTION ( 'NONE',  ( 0.000000000000000000, 0.000000000000000000, 1.000000000000000000 ) ) ;
#1957 = CARTESIAN_POINT ( 'NONE',  ( 33.12787643056336861, 51.37916512459871399, -5.823351507781897844E-22 ) ) ;
#1958 = VERTEX_POINT ( 'NONE', #1227 ) ;
#1959 = AXIS2_PLACEMENT_3D ( 'NONE', #1736, #3119, #840 ) ;
#1960 = ADVANCED_FACE ( 'NONE', ( #2924 ), #2065, .F. ) ;
#1961 = PLANE ( 'NONE',  #1253 ) ;
#1962 = PLANE ( 'NONE',  #322 ) ;
#1963 = DIRECTION ( 'NONE',  ( -1.000000000000000000, -0.000000000000000000, -0.000000000000000000 ) ) ;
#1964 = ORIENTED_EDGE ( 'NONE', *, *, #2352, .F. ) ;
#1965 = ORIENTED_EDGE ( 'NONE', *, *, #1235, .T. ) ;
#1966 = DIRECTION ( 'NONE',  ( 0.000000000000000000, 0.000000000000000000, -1.000000000000000000 ) ) ;
#1967 = LINE ( 'NONE', #562, #1319 ) ;
#1968 = CARTESIAN_POINT ( 'NONE',  ( 32.99999999999999289, 131.0000000000000000, -6.750000000000001776 ) ) ;
#1969 = ORIENTED_EDGE ( 'NONE', *, *, #2635, .F. ) ;
#1970 = CIRCLE ( 'NONE', #3360, 1.750000000000015543 ) ;
#1971 = ORIENTED_EDGE ( 'NONE', *, *, #1457, .T. ) ;
#1972 = FACE_BOUND ( 'NONE', #2774, .T. ) ;
#1973 = AXIS2_PLACEMENT_3D ( 'NONE', #2305, #2233, #2287 ) ;
#1974 = DIRECTION ( 'NONE',  ( -0.000000000000000000, -1.000000000000000000, 0.000000000000000000 ) ) ;
#1975 = ORIENTED_EDGE ( 'NONE', *, *, #2635, .T. ) ;
#1976 = CARTESIAN_POINT ( 'NONE',  ( 43.00000000000000000, 56.00000000000000711, 34.99999999999999289 ) ) ;
#1977 = CARTESIAN_POINT ( 'NONE',  ( 38.99999999999999289, 0.000000000000000000, -43.00000000000000000 ) ) ;
#1978 = EDGE_LOOP ( 'NONE', ( #3352, #917 ) ) ;
#1979 = EDGE_LOOP ( 'NONE', ( #986, #2851, #3237, #420 ) ) ;
#1980 = CARTESIAN_POINT ( 'NONE',  ( 0.000000000000000000, 126.0000000000000000, 0.000000000000000000 ) ) ;
#1981 = CARTESIAN_POINT ( 'NONE',  ( 23.12787643056334375, 34.05865704891008505, -3.469446951953614189E-15 ) ) ;
#1982 = AXIS2_PLACEMENT_3D ( 'NONE', #3028, #514, #2753 ) ;
#1983 = CYLINDRICAL_SURFACE ( 'NONE', #3329, 2.999999999999999112 ) ;
#1984 = ORIENTED_EDGE ( 'NONE', *, *, #2841, .F. ) ;
#1985 = AXIS2_PLACEMENT_3D ( 'NONE', #585, #354, #3101 ) ;
#1986 = VERTEX_POINT ( 'NONE', #2338 ) ;
#1987 = VERTEX_POINT ( 'NONE', #3217 ) ;
#1988 = EDGE_CURVE ( 'NONE', #198, #396, #2383, .T. ) ;
#1989 = ADVANCED_FACE ( 'NONE', ( #2869 ), #2617, .F. ) ;
#1990 = PLANE ( 'NONE',  #3590 ) ;
#1991 = EDGE_CURVE ( 'NONE', #3172, #2262, #232, .T. ) ;
#1992 = CARTESIAN_POINT ( 'NONE',  ( 32.99999999999999289, 126.0000000000000000, -9.999999999999998224 ) ) ;
#1993 = EDGE_CURVE ( 'NONE', #3306, #838, #3443, .T. ) ;
#1994 = PLANE ( 'NONE',  #605 ) ;
#1995 = VERTEX_POINT ( 'NONE', #1757 ) ;
#1996 = FACE_OUTER_BOUND ( 'NONE', #1230, .T. ) ;
#1997 = LINE ( 'NONE', #3072, #2260 ) ;
#1998 = ORIENTED_EDGE ( 'NONE', *, *, #1536, .F. ) ;
#1999 = EDGE_CURVE ( 'NONE', #1496, #682, #3182, .T. ) ;
#2000 = EDGE_LOOP ( 'NONE', ( #913, #2384, #981, #3412 ) ) ;
#2001 = DIRECTION ( 'NONE',  ( 0.000000000000000000, 0.000000000000000000, 1.000000000000000000 ) ) ;
#2002 = CARTESIAN_POINT ( 'NONE',  ( -2.598076211353328446, 1.500000000000023981, -70.00000000000000000 ) ) ;
#2003 = AXIS2_PLACEMENT_3D ( 'NONE', #1004, #748, #1549 ) ;
#2004 = CARTESIAN_POINT ( 'NONE',  ( 32.99999999999998579, 63.15767664977228435, -49.99999999999999289 ) ) ;
#2005 = EDGE_LOOP ( 'NONE', ( #1298, #3137, #2157, #2116 ) ) ;
#2006 = EDGE_LOOP ( 'NONE', ( #1212, #1943 ) ) ;
#2007 = ORIENTED_EDGE ( 'NONE', *, *, #2862, .T. ) ;
#2008 = VECTOR ( 'NONE', #793, 1000.000000000000000 ) ;
#2009 = DIRECTION ( 'NONE',  ( 0.000000000000000000, 0.000000000000000000, -1.000000000000000000 ) ) ;
#2010 = DIRECTION ( 'NONE',  ( 1.000000000000000000, -0.000000000000000000, -0.000000000000000000 ) ) ;
#2011 = CARTESIAN_POINT ( 'NONE',  ( 38.99999999999999289, 6.000000000000000000, -44.75000000000002132 ) ) ;
#2012 = CIRCLE ( 'NONE', #2706, 2.000000000000014655 ) ;
#2013 = VERTEX_POINT ( 'NONE', #2106 ) ;
#2014 = LINE ( 'NONE', #3125, #2845 ) ;
#2015 = CARTESIAN_POINT ( 'NONE',  ( 32.99999999999999289, 63.00000000000002842, -89.50000000000004263 ) ) ;
#2016 = VERTEX_POINT ( 'NONE', #429 ) ;
#2017 = ORIENTED_EDGE ( 'NONE', *, *, #918, .F. ) ;
#2018 = DIRECTION ( 'NONE',  ( -0.8660254037844361541, 0.5000000000000042188, -0.000000000000000000 ) ) ;
#2019 = AXIS2_PLACEMENT_3D ( 'NONE', #1478, #659, #696 ) ;
#2020 = CARTESIAN_POINT ( 'NONE',  ( 38.99999999999999289, 80.00000000000001421, -5.000000000000005329 ) ) ;
#2021 = CARTESIAN_POINT ( 'NONE',  ( 17.99999999999999645, 6.000000000000000000, 5.000000000000001776 ) ) ;
#2022 = EDGE_CURVE ( 'NONE', #1701, #2057, #1244, .T. ) ;
#2023 = ORIENTED_EDGE ( 'NONE', *, *, #2328, .F. ) ;
#2024 = VECTOR ( 'NONE', #3441, 1000.000000000000000 ) ;
#2025 = ORIENTED_EDGE ( 'NONE', *, *, #1002, .T. ) ;
#2026 = DIRECTION ( 'NONE',  ( 1.000000000000000000, 0.000000000000000000, 0.000000000000000000 ) ) ;
#2027 = LINE ( 'NONE', #390, #2392 ) ;
#2028 = DIRECTION ( 'NONE',  ( 0.000000000000000000, 0.000000000000000000, 1.000000000000000000 ) ) ;
#2029 = ORIENTED_EDGE ( 'NONE', *, *, #45, .F. ) ;
#2030 = LINE ( 'NONE', #703, #1568 ) ;
#2031 = PLANE ( 'NONE',  #2609 ) ;
#2032 = ORIENTED_EDGE ( 'NONE', *, *, #1592, .F. ) ;
#2033 = VERTEX_POINT ( 'NONE', #2908 ) ;
#2034 = VECTOR ( 'NONE', #140, 1000.000000000000000 ) ;
#2035 = EDGE_CURVE ( 'NONE', #2832, #3343, #3482, .T. ) ;
#2036 = DIRECTION ( 'NONE',  ( 0.8660254037844362651, -0.5000000000000041078, 0.000000000000000000 ) ) ;
#2037 = CARTESIAN_POINT ( 'NONE',  ( 43.00000000000000000, 71.00000000000001421, 10.00000000000000178 ) ) ;
#2038 = DIRECTION ( 'NONE',  ( -0.000000000000000000, -1.000000000000000000, -0.000000000000000000 ) ) ;
#2039 = ORIENTED_EDGE ( 'NONE', *, *, #422, .T. ) ;
#2040 = ORIENTED_EDGE ( 'NONE', *, *, #1745, .F. ) ;
#2041 = VECTOR ( 'NONE', #545, 1000.000000000000000 ) ;
#2042 = LINE ( 'NONE', #1222, #852 ) ;
#2043 = FACE_OUTER_BOUND ( 'NONE', #300, .T. ) ;
#2044 = CARTESIAN_POINT ( 'NONE',  ( 38.99999999999999289, 80.00000000000001421, -5.000000000000005329 ) ) ;
#2045 = CIRCLE ( 'NONE', #302, 1.750000000000015543 ) ;
#2046 = EDGE_LOOP ( 'NONE', ( #1557, #2285 ) ) ;
#2047 = DIRECTION ( 'NONE',  ( 0.000000000000000000, -0.000000000000000000, 1.000000000000000000 ) ) ;
#2048 = FACE_OUTER_BOUND ( 'NONE', #1323, .T. ) ;
#2049 = ORIENTED_EDGE ( 'NONE', *, *, #3095, .T. ) ;
#2050 = VECTOR ( 'NONE', #253, 1000.000000000000000 ) ;
#2051 = VERTEX_POINT ( 'NONE', #994 ) ;
#2052 = CARTESIAN_POINT ( 'NONE',  ( 33.00000000000000000, 51.15767664977237672, -60.00000000000000000 ) ) ;
#2053 = CARTESIAN_POINT ( 'NONE',  ( 32.99999999999999289, 126.0000000000000000, 1.224646799147353256E-15 ) ) ;
#2054 = ADVANCED_FACE ( 'NONE', ( #1555 ), #2667, .F. ) ;
#2055 = EDGE_CURVE ( 'NONE', #2842, #1874, #1213, .T. ) ;
#2056 = LINE ( 'NONE', #1804, #3288 ) ;
#2057 = VERTEX_POINT ( 'NONE', #2120 ) ;
#2058 = ORIENTED_EDGE ( 'NONE', *, *, #479, .F. ) ;
#2059 = ADVANCED_FACE ( 'NONE', ( #3268 ), #3235, .F. ) ;
#2060 = LINE ( 'NONE', #1187, #2366 ) ;
#2061 = LINE ( 'NONE', #1589, #2331 ) ;
#2062 = DIRECTION ( 'NONE',  ( -0.3535533905932746190, -0.6123724356957890302, 0.7071067811865519026 ) ) ;
#2063 = VECTOR ( 'NONE', #3050, 1000.000000000000114 ) ;
#2064 = ORIENTED_EDGE ( 'NONE', *, *, #107, .T. ) ;
#2065 = PLANE ( 'NONE',  #1629 ) ;
#2066 = VECTOR ( 'NONE', #2758, 1000.000000000000000 ) ;
#2067 = AXIS2_PLACEMENT_3D ( 'NONE', #1008, #2447, #787 ) ;
#2068 = VECTOR ( 'NONE', #922, 1000.000000000000114 ) ;
#2069 = CARTESIAN_POINT ( 'NONE',  ( 43.00000000000000000, 131.0000000000000000, -5.000000000000000000 ) ) ;
#2070 = VERTEX_POINT ( 'NONE', #771 ) ;
#2071 = ORIENTED_EDGE ( 'NONE', *, *, #276, .T. ) ;
#2072 = ADVANCED_FACE ( 'NONE', ( #3521, #1631 ), #1879, .F. ) ;
#2073 = DIRECTION ( 'NONE',  ( -1.000000000000000000, 0.000000000000000000, 0.000000000000000000 ) ) ;
#2074 = CARTESIAN_POINT ( 'NONE',  ( 38.99999999999999289, 131.0000000000000000, -3.249999999999998668 ) ) ;
#2075 = VERTEX_POINT ( 'NONE', #3575 ) ;
#2076 = CIRCLE ( 'NONE', #2829, 2.000000000000014655 ) ;
#2077 = FACE_OUTER_BOUND ( 'NONE', #3155, .T. ) ;
#2078 = VERTEX_POINT ( 'NONE', #2430 ) ;
#2079 = ORIENTED_EDGE ( 'NONE', *, *, #3375, .T. ) ;
#2080 = FACE_OUTER_BOUND ( 'NONE', #2762, .T. ) ;
#2081 = LINE ( 'NONE', #3462, #3554 ) ;
#2082 = PLANE ( 'NONE',  #2492 ) ;
#2083 = ORIENTED_EDGE ( 'NONE', *, *, #1278, .F. ) ;
#2084 = AXIS2_PLACEMENT_3D ( 'NONE', #1138, #2251, #3361 ) ;
#2085 = DIRECTION ( 'NONE',  ( 1.000000000000000000, -0.000000000000000000, 0.000000000000000000 ) ) ;
#2086 = VECTOR ( 'NONE', #2518, 1000.000000000000114 ) ;
#2087 = CARTESIAN_POINT ( 'NONE',  ( 24.43172400785671883, 48.31698729810767645, -62.00000000000000000 ) ) ;
#2088 = ORIENTED_EDGE ( 'NONE', *, *, #1521, .F. ) ;
#2089 = ORIENTED_EDGE ( 'NONE', *, *, #2522, .F. ) ;
#2090 = ADVANCED_FACE ( 'NONE', ( #2992 ), #500, .T. ) ;
#2091 = CYLINDRICAL_SURFACE ( 'NONE', #264, 2.000000000000014655 ) ;
#2092 = CARTESIAN_POINT ( 'NONE',  ( 6.928203230275526536, 6.000000000000000000, 3.469446951953614189E-14 ) ) ;
#2093 = AXIS2_PLACEMENT_3D ( 'NONE', #1118, #3087, #3376 ) ;
#2094 = ORIENTED_EDGE ( 'NONE', *, *, #809, .T. ) ;
#2095 = LINE ( 'NONE', #3226, #898 ) ;
#2096 = ORIENTED_EDGE ( 'NONE', *, *, #3080, .T. ) ;
#2097 = EDGE_LOOP ( 'NONE', ( #1868, #3520, #1733, #1726 ) ) ;
#2098 = EDGE_CURVE ( 'NONE', #2289, #1394, #2465, .T. ) ;
#2099 = CARTESIAN_POINT ( 'NONE',  ( 43.00000000000000000, 131.0000000000000000, -55.00000000000000000 ) ) ;
#2100 = VECTOR ( 'NONE', #1932, 1000.000000000000114 ) ;
#2101 = DIRECTION ( 'NONE',  ( 0.8660254037844362651, -0.5000000000000041078, 0.000000000000000000 ) ) ;
#2102 = EDGE_CURVE ( 'NONE', #1689, #1925, #174, .T. ) ;
#2103 = ORIENTED_EDGE ( 'NONE', *, *, #461, .T. ) ;
#2104 = EDGE_CURVE ( 'NONE', #1874, #3255, #2738, .T. ) ;
#2105 = VECTOR ( 'NONE', #3434, 1000.000000000000000 ) ;
#2106 = CARTESIAN_POINT ( 'NONE',  ( 20.99999999999999289, 6.000000000000000000, -68.00000000000000000 ) ) ;
#2107 = EDGE_CURVE ( 'NONE', #202, #599, #811, .T. ) ;
#2108 = CARTESIAN_POINT ( 'NONE',  ( 38.99999999999999289, 0.000000000000000000, -43.00000000000000000 ) ) ;
#2109 = EDGE_LOOP ( 'NONE', ( #1969, #2094, #189, #2953 ) ) ;
#2110 = CARTESIAN_POINT ( 'NONE',  ( 27.93172400785675435, 54.37916512459873530, -70.00000000000000000 ) ) ;
#2111 = CARTESIAN_POINT ( 'NONE',  ( 33.00000000000000000, 39.15767664977232698, 1.387778780781445676E-14 ) ) ;
#2112 = ORIENTED_EDGE ( 'NONE', *, *, #2055, .F. ) ;
#2113 =( GEOMETRIC_REPRESENTATION_CONTEXT ( 3 ) GLOBAL_UNCERTAINTY_ASSIGNED_CONTEXT ( ( #2877 ) ) GLOBAL_UNIT_ASSIGNED_CONTEXT ( ( #527, #766, #2150 ) ) REPRESENTATION_CONTEXT ( 'NONE', 'WORKASPACE' ) );
#2114 = LINE ( 'NONE', #1584, #1288 ) ;
#2115 = ORIENTED_EDGE ( 'NONE', *, *, #435, .T. ) ;
#2116 = ORIENTED_EDGE ( 'NONE', *, *, #1768, .F. ) ;
#2117 = CARTESIAN_POINT ( 'NONE',  ( 43.00000000000000000, 56.00000000000000711, 34.99999999999999289 ) ) ;
#2118 = FACE_BOUND ( 'NONE', #3202, .T. ) ;
#2119 = EDGE_LOOP ( 'NONE', ( #2088, #16, #1884, #2757 ) ) ;
#2120 = CARTESIAN_POINT ( 'NONE',  ( 4.271469970012325312, 33.39840301106580966, -60.00000000000000000 ) ) ;
#2121 = CARTESIAN_POINT ( 'NONE',  ( 38.99999999999999289, 6.000000000000000000, -43.00000000000000000 ) ) ;
#2122 = ORIENTED_EDGE ( 'NONE', *, *, #2485, .F. ) ;
#2123 = ADVANCED_FACE ( 'NONE', ( #3500 ), #2720, .F. ) ;
#2124 = VECTOR ( 'NONE', #595, 1000.000000000000000 ) ;
#2125 = ORIENTED_EDGE ( 'NONE', *, *, #3060, .F. ) ;
#2126 = LINE ( 'NONE', #1560, #1195 ) ;
#2127 = AXIS2_PLACEMENT_3D ( 'NONE', #3598, #2470, #2741 ) ;
#2128 = AXIS2_PLACEMENT_3D ( 'NONE', #1624, #2732, #1126 ) ;
#2129 = DIRECTION ( 'NONE',  ( 1.000000000000000000, -0.000000000000000000, -0.000000000000000000 ) ) ;
#2130 = ORIENTED_EDGE ( 'NONE', *, *, #2601, .T. ) ;
#2131 = EDGE_CURVE ( 'NONE', #1830, #3192, #1277, .T. ) ;
#2132 = CARTESIAN_POINT ( 'NONE',  ( 43.00000000000000000, 111.0000000000000142, 10.00000000000000000 ) ) ;
#2133 = LINE ( 'NONE', #1275, #2521 ) ;
#2134 = ORIENTED_EDGE ( 'NONE', *, *, #1264, .F. ) ;
#2135 = CYLINDRICAL_SURFACE ( 'NONE', #1399, 1.750000000000011990 ) ;
#2136 = FACE_BOUND ( 'NONE', #1766, .T. ) ;
#2137 = VERTEX_POINT ( 'NONE', #1336 ) ;
#2138 = CARTESIAN_POINT ( 'NONE',  ( 5.551115123125785660E-16, 6.000000000000000000, 8.000000000000003553 ) ) ;
#2139 = DIRECTION ( 'NONE',  ( 1.000000000000000000, 0.000000000000000000, 0.000000000000000000 ) ) ;
#2140 = VERTEX_POINT ( 'NONE', #2448 ) ;
#2141 = ORIENTED_EDGE ( 'NONE', *, *, #2560, .F. ) ;
#2142 = CARTESIAN_POINT ( 'NONE',  ( 2.598076211353283593, -1.499999999999998890, -49.99999999999999289 ) ) ;
#2143 = DIRECTION ( 'NONE',  ( 0.5000000000000041078, 0.8660254037844362651, 0.000000000000000000 ) ) ;
#2144 = CARTESIAN_POINT ( 'NONE',  ( 38.99999999999999289, 131.0000000000000000, -55.00000000000000000 ) ) ;
#2145 = ORIENTED_EDGE ( 'NONE', *, *, #2742, .T. ) ;
#2146 = ADVANCED_FACE ( 'NONE', ( #1083 ), #2755, .F. ) ;
#2147 = CYLINDRICAL_SURFACE ( 'NONE', #843, 3.000000000000015543 ) ;
#2148 = VECTOR ( 'NONE', #2085, 1000.000000000000000 ) ;
#2149 = CARTESIAN_POINT ( 'NONE',  ( 43.00000000000000000, 121.0000000000000142, -95.00000000000001421 ) ) ;
#2150 =( NAMED_UNIT ( * ) SI_UNIT ( $, .STERADIAN. ) SOLID_ANGLE_UNIT ( ) );
#2151 = VERTEX_POINT ( 'NONE', #3303 ) ;
#2152 = FACE_OUTER_BOUND ( 'NONE', #10, .T. ) ;
#2153 = CARTESIAN_POINT ( 'NONE',  ( 38.99999999999999289, 6.000000000000000000, -41.24999999999998579 ) ) ;
#2154 = DIRECTION ( 'NONE',  ( -1.000000000000000000, 0.000000000000000000, 6.938893903907228378E-17 ) ) ;
#2155 = AXIS2_PLACEMENT_3D ( 'NONE', #2497, #1112, #2226 ) ;
#2156 = DIRECTION ( 'NONE',  ( 0.000000000000000000, 0.000000000000000000, 1.000000000000000000 ) ) ;
#2157 = ORIENTED_EDGE ( 'NONE', *, *, #1616, .F. ) ;
#2158 = ORIENTED_EDGE ( 'NONE', *, *, #1124, .T. ) ;
#2159 = CIRCLE ( 'NONE', #1985, 10.00000000000000178 ) ;
#2160 = CARTESIAN_POINT ( 'NONE',  ( 43.00000000000000000, 131.0000000000000000, -5.000000000000000000 ) ) ;
#2161 = DIRECTION ( 'NONE',  ( 0.8660254037844361541, -0.5000000000000043299, 0.000000000000000000 ) ) ;
#2162 = CARTESIAN_POINT ( 'NONE',  ( 38.99999999999999289, 80.00000000000001421, -5.000000000000005329 ) ) ;
#2163 = ORIENTED_EDGE ( 'NONE', *, *, #1988, .T. ) ;
#2164 = CARTESIAN_POINT ( 'NONE',  ( 43.00000000000000000, 121.0000000000000142, 10.00000000000000000 ) ) ;
#2165 = CARTESIAN_POINT ( 'NONE',  ( 43.00000000000000000, 63.00000000000002842, -87.50000000000002842 ) ) ;
#2166 = ADVANCED_FACE ( 'NONE', ( #807, #753, #3030, #209, #1591, #1320, #3559, #1063, #2172, #533 ), #262, .F. ) ;
#2167 = EDGE_CURVE ( 'NONE', #2016, #1178, #1089, .T. ) ;
#2168 = LINE ( 'NONE', #2496, #2346 ) ;
#2169 = DIRECTION ( 'NONE',  ( -0.000000000000000000, -1.000000000000000000, -0.000000000000000000 ) ) ;
#2170 = DIRECTION ( 'NONE',  ( 1.000000000000000000, -0.000000000000000000, -0.000000000000000000 ) ) ;
#2171 = EDGE_CURVE ( 'NONE', #2961, #2611, #794, .T. ) ;
#2172 = FACE_OUTER_BOUND ( 'NONE', #1001, .T. ) ;
#2173 = CLOSED_SHELL ( 'NONE', ( #1827, #2291, #221, #872, #3289, #1953, #1613, #2813, #3173, #2771, #623, #3450, #2370, #1798, #733, #2123, #1788, #3388, #2072, #2865, #168, #131, #1217, #2334, #1064, #2257, #1662, #2090, #1685, #1231, #2526, #2166, #878, #618, #592, #2210, #2416, #3128, #22, #2303, #654, #1989, #192, #2546, #248, #2235, #2735, #546, #3429, #1693, #1500, #1923, #277, #2054, #1820, #2146, #1238, #60, #3315, #1211, #1033, #1305, #547, #1749, #537, #3513, #887, #325, #1839, #2914, #3593, #3248, #3531, #355, #1805, #699, #796, #2388, #137, #3345, #1233, #1878, #971, #613, #3181, #1834, #496, #2258, #744, #3508, #2852, #1504, #1572, #1141, #1529, #1422, #1103, #3018, #2176, #1960, #3524, #969, #1199, #1588, #2059 ) ) ;
#2174 = LINE ( 'NONE', #3032, #805 ) ;
#2175 = ORIENTED_EDGE ( 'NONE', *, *, #3390, .T. ) ;
#2176 = ADVANCED_FACE ( 'NONE', ( #2772 ), #2230, .F. ) ;
#2177 = CARTESIAN_POINT ( 'NONE',  ( 4.271469970012325312, 33.39840301106580966, -60.00000000000000000 ) ) ;
#2178 = LINE ( 'NONE', #776, #494 ) ;
#2179 = CARTESIAN_POINT ( 'NONE',  ( 43.00000000000000000, 6.000000000000000000, -49.99999999999998579 ) ) ;
#2180 = VECTOR ( 'NONE', #3141, 1000.000000000000000 ) ;
#2181 = VERTEX_POINT ( 'NONE', #2483 ) ;
#2182 = EDGE_CURVE ( 'NONE', #3160, #976, #2076, .T. ) ;
#2183 = AXIS2_PLACEMENT_3D ( 'NONE', #1234, #1251, #1287 ) ;
#2184 = FACE_OUTER_BOUND ( 'NONE', #1327, .T. ) ;
#2185 = CARTESIAN_POINT ( 'NONE',  ( 43.00000000000000000, 6.000000000000000000, -49.99999999999999289 ) ) ;
#2186 = VECTOR ( 'NONE', #1865, 1000.000000000000000 ) ;
#2187 = VECTOR ( 'NONE', #532, 1000.000000000000000 ) ;
#2188 = LINE ( 'NONE', #768, #1926 ) ;
#2189 = CARTESIAN_POINT ( 'NONE',  ( 32.99999999999999289, 6.000000000000000000, -60.00000000000000000 ) ) ;
#2190 = VECTOR ( 'NONE', #3046, 1000.000000000000000 ) ;
#2191 = CARTESIAN_POINT ( 'NONE',  ( 38.99999999999999289, 131.0000000000000000, -55.00000000000000000 ) ) ;
#2192 = FACE_OUTER_BOUND ( 'NONE', #503, .T. ) ;
#2193 = ORIENTED_EDGE ( 'NONE', *, *, #1120, .F. ) ;
#2194 = CARTESIAN_POINT ( 'NONE',  ( 38.99999999999999289, 131.0000000000000000, -52.00000000000000000 ) ) ;
#2195 = LINE ( 'NONE', #1104, #2996 ) ;
#2196 = CARTESIAN_POINT ( 'NONE',  ( 37.00000000000000711, 43.15767664977237672, 34.99999999999999289 ) ) ;
#2197 = VECTOR ( 'NONE', #1754, 1000.000000000000000 ) ;
#2198 = EDGE_CURVE ( 'NONE', #1743, #3033, #2427, .T. ) ;
#2199 = ORIENTED_EDGE ( 'NONE', *, *, #931, .T. ) ;
#2200 = DIRECTION ( 'NONE',  ( 0.000000000000000000, 0.000000000000000000, 1.000000000000000000 ) ) ;
#2201 = FACE_OUTER_BOUND ( 'NONE', #1358, .T. ) ;
#2202 = CARTESIAN_POINT ( 'NONE',  ( 38.99999999999999289, 131.0000000000000000, -8.000000000000003553 ) ) ;
#2203 = VERTEX_POINT ( 'NONE', #2517 ) ;
#2204 = LINE ( 'NONE', #1664, #2100 ) ;
#2205 = AXIS2_PLACEMENT_3D ( 'NONE', #191, #2410, #1028 ) ;
#2206 = CARTESIAN_POINT ( 'NONE',  ( 0.000000000000000000, 6.000000000000000000, 0.000000000000000000 ) ) ;
#2207 = EDGE_CURVE ( 'NONE', #142, #3238, #1099, .T. ) ;
#2208 = DIRECTION ( 'NONE',  ( 1.000000000000000000, 0.000000000000000000, 0.000000000000000000 ) ) ;
#2209 = DIRECTION ( 'NONE',  ( -1.000000000000000000, -0.000000000000000000, -0.000000000000000000 ) ) ;
#2210 = ADVANCED_FACE ( 'NONE', ( #1666 ), #1990, .T. ) ;
#2211 = ORIENTED_EDGE ( 'NONE', *, *, #26, .T. ) ;
#2212 = EDGE_CURVE ( 'NONE', #1407, #524, #601, .T. ) ;
#2213 = DIRECTION ( 'NONE',  ( 1.734723475976806848E-16, -0.000000000000000000, 1.000000000000000000 ) ) ;
#2214 = CARTESIAN_POINT ( 'NONE',  ( 32.99999999999998579, 63.15767664977228435, -9.999999999999966249 ) ) ;
#2215 = CARTESIAN_POINT ( 'NONE',  ( 32.99999999999999289, 129.0000000000000284, -89.50000000000002842 ) ) ;
#2216 = ORIENTED_EDGE ( 'NONE', *, *, #2498, .T. ) ;
#2217 = VERTEX_POINT ( 'NONE', #2499 ) ;
#2218 = AXIS2_PLACEMENT_3D ( 'NONE', #3317, #2479, #3301 ) ;
#2219 = EDGE_CURVE ( 'NONE', #919, #1139, #1435, .T. ) ;
#2220 = LINE ( 'NONE', #1363, #1254 ) ;
#2221 = CARTESIAN_POINT ( 'NONE',  ( 43.00000000000000000, 6.000000000000000000, -10.00000000000000000 ) ) ;
#2222 = EDGE_CURVE ( 'NONE', #2348, #2525, #1131, .T. ) ;
#2223 = CIRCLE ( 'NONE', #650, 2.000000000000001776 ) ;
#2224 = SURFACE_STYLE_USAGE ( .BOTH. , #1947 ) ;
#2225 = ORIENTED_EDGE ( 'NONE', *, *, #3024, .T. ) ;
#2226 = DIRECTION ( 'NONE',  ( 0.000000000000000000, 0.000000000000000000, 1.000000000000000000 ) ) ;
#2227 = VECTOR ( 'NONE', #1493, 1000.000000000000000 ) ;
#2228 = EDGE_LOOP ( 'NONE', ( #3212, #3397 ) ) ;
#2229 = EDGE_CURVE ( 'NONE', #2289, #3584, #1728, .T. ) ;
#2230 = PLANE ( 'NONE',  #1899 ) ;
#2231 = DIRECTION ( 'NONE',  ( -1.000000000000000000, -0.000000000000000000, -0.000000000000000000 ) ) ;
#2232 = ORIENTED_EDGE ( 'NONE', *, *, #461, .F. ) ;
#2233 = DIRECTION ( 'NONE',  ( -0.3535533905932788934, -0.6123724356957965798, -0.7071067811865432429 ) ) ;
#2234 = FACE_OUTER_BOUND ( 'NONE', #2097, .T. ) ;
#2235 = ADVANCED_FACE ( 'NONE', ( #7 ), #2787, .T. ) ;
#2236 = CARTESIAN_POINT ( 'NONE',  ( 37.00000000000000711, 43.15767664977237672, 1.387778780781445676E-14 ) ) ;
#2237 = ORIENTED_EDGE ( 'NONE', *, *, #3486, .T. ) ;
#2238 = ORIENTED_EDGE ( 'NONE', *, *, #1875, .F. ) ;
#2239 = CARTESIAN_POINT ( 'NONE',  ( 38.99999999999999289, 131.0000000000000000, -5.000000000000000000 ) ) ;
#2240 = CARTESIAN_POINT ( 'NONE',  ( 31.62787643056336861, 48.78108891324541929, 2.000000000000019540 ) ) ;
#2241 = EDGE_CURVE ( 'NONE', #1169, #838, #680, .T. ) ;
#2242 = LINE ( 'NONE', #854, #18 ) ;
#2243 = CIRCLE ( 'NONE', #1192, 2.000000000000014655 ) ;
#2244 = AXIS2_PLACEMENT_3D ( 'NONE', #577, #594, #2001 ) ;
#2245 = ORIENTED_EDGE ( 'NONE', *, *, #1269, .T. ) ;
#2246 = DIRECTION ( 'NONE',  ( -0.000000000000000000, 1.000000000000000000, -0.000000000000000000 ) ) ;
#2247 = DIRECTION ( 'NONE',  ( 1.000000000000000000, 0.000000000000000000, 0.000000000000000000 ) ) ;
#2248 = ORIENTED_EDGE ( 'NONE', *, *, #1264, .T. ) ;
#2249 = CIRCLE ( 'NONE', #2716, 2.000000000000015543 ) ;
#2250 = LINE ( 'NONE', #1263, #1334 ) ;
#2251 = DIRECTION ( 'NONE',  ( -1.000000000000000000, 0.000000000000000000, 0.000000000000000000 ) ) ;
#2252 = ORIENTED_EDGE ( 'NONE', *, *, #296, .F. ) ;
#2253 = EDGE_LOOP ( 'NONE', ( #1512, #3485 ) ) ;
#2254 = LINE ( 'NONE', #95, #1370 ) ;
#2255 = LINE ( 'NONE', #1415, #2068 ) ;
#2256 = DIRECTION ( 'NONE',  ( 0.000000000000000000, 0.000000000000000000, -1.000000000000000000 ) ) ;
#2257 = ADVANCED_FACE ( 'NONE', ( #1681, #47, #3355, #3389, #860, #1972, #892, #624, #584 ), #1698, .F. ) ;
#2258 = ADVANCED_FACE ( 'NONE', ( #2264 ), #353, .T. ) ;
#2259 = ORIENTED_EDGE ( 'NONE', *, *, #2055, .T. ) ;
#2260 = VECTOR ( 'NONE', #3088, 1000.000000000000000 ) ;
#2261 = CIRCLE ( 'NONE', #2839, 2.000000000000001776 ) ;
#2262 = VERTEX_POINT ( 'NONE', #2863 ) ;
#2263 = ORIENTED_EDGE ( 'NONE', *, *, #388, .F. ) ;
#2264 = FACE_OUTER_BOUND ( 'NONE', #1821, .T. ) ;
#2265 = EDGE_CURVE ( 'NONE', #3242, #1848, #2042, .T. ) ;
#2266 = CARTESIAN_POINT ( 'NONE',  ( 33.00000000000000000, 51.15767664977237672, -9.999999999999953815 ) ) ;
#2267 = AXIS2_PLACEMENT_3D ( 'NONE', #978, #1794, #123 ) ;
#2268 = DIRECTION ( 'NONE',  ( 0.000000000000000000, -1.000000000000000000, -0.000000000000000000 ) ) ;
#2269 = ORIENTED_EDGE ( 'NONE', *, *, #1049, .F. ) ;
#2270 = CARTESIAN_POINT ( 'NONE',  ( 38.99999999999999289, 80.00000000000001421, -56.75000000000000711 ) ) ;
#2271 = CARTESIAN_POINT ( 'NONE',  ( 9.271469970012367057, 42.05865704891017032, -60.00000000000000000 ) ) ;
#2272 = ORIENTED_EDGE ( 'NONE', *, *, #479, .T. ) ;
#2273 = ORIENTED_EDGE ( 'NONE', *, *, #2862, .F. ) ;
#2274 = DIRECTION ( 'NONE',  ( -0.000000000000000000, 1.000000000000000000, -0.000000000000000000 ) ) ;
#2275 = DIRECTION ( 'NONE',  ( 1.000000000000000000, 0.000000000000000000, 0.000000000000000000 ) ) ;
#2276 = LINE ( 'NONE', #2295, #1586 ) ;
#2277 = ORIENTED_EDGE ( 'NONE', *, *, #2967, .F. ) ;
#2278 = AXIS2_PLACEMENT_3D ( 'NONE', #625, #2886, #105 ) ;
#2279 = VERTEX_POINT ( 'NONE', #1462 ) ;
#2280 = ORIENTED_EDGE ( 'NONE', *, *, #658, .F. ) ;
#2281 = CARTESIAN_POINT ( 'NONE',  ( 23.99999999999999289, 6.000000000000000000, 4.000000000000000888 ) ) ;
#2282 = CARTESIAN_POINT ( 'NONE',  ( 22.93172400785671883, 45.71891108675438176, -70.00000000000000000 ) ) ;
#2283 = CARTESIAN_POINT ( 'NONE',  ( 32.99999999999999289, 80.00000000000001421, -5.000000000000005329 ) ) ;
#2284 = EDGE_CURVE ( 'NONE', #133, #1018, #621, .T. ) ;
#2285 = ORIENTED_EDGE ( 'NONE', *, *, #422, .F. ) ;
#2286 = VECTOR ( 'NONE', #512, 1000.000000000000000 ) ;
#2287 = DIRECTION ( 'NONE',  ( 0.000000000000000000, 0.7559289460184513976, -0.6546536707079806394 ) ) ;
#2288 = CARTESIAN_POINT ( 'NONE',  ( 0.000000000000000000, 81.00000000000000000, 0.000000000000000000 ) ) ;
#2289 = VERTEX_POINT ( 'NONE', #371 ) ;
#2290 = ORIENTED_EDGE ( 'NONE', *, *, #321, .T. ) ;
#2291 = ADVANCED_FACE ( 'NONE', ( #2080 ), #2316, .F. ) ;
#2292 = DIRECTION ( 'NONE',  ( 0.000000000000000000, 1.000000000000000000, 0.000000000000000000 ) ) ;
#2293 = LINE ( 'NONE', #578, #1952 ) ;
#2294 = EDGE_CURVE ( 'NONE', #2217, #2319, #3461, .T. ) ;
#2295 = CARTESIAN_POINT ( 'NONE',  ( -2.598076211353330223, 1.500000000000025091, -60.00000000000000000 ) ) ;
#2296 = EDGE_LOOP ( 'NONE', ( #460, #1136, #1, #139 ) ) ;
#2297 = ORIENTED_EDGE ( 'NONE', *, *, #770, .T. ) ;
#2298 = VECTOR ( 'NONE', #453, 1000.000000000000000 ) ;
#2299 = CIRCLE ( 'NONE', #3454, 2.000000000000001776 ) ;
#2300 = CARTESIAN_POINT ( 'NONE',  ( 43.00000000000000000, 80.00000000000001421, -55.00000000000000000 ) ) ;
#2301 = DIRECTION ( 'NONE',  ( 0.000000000000000000, 0.000000000000000000, 1.000000000000000000 ) ) ;
#2302 = CARTESIAN_POINT ( 'NONE',  ( 0.000000000000000000, 81.00000000000000000, -69.99999999999998579 ) ) ;
#2303 = ADVANCED_FACE ( 'NONE', ( #1310 ), #1534, .F. ) ;
#2304 = VERTEX_POINT ( 'NONE', #3157 ) ;
#2305 = CARTESIAN_POINT ( 'NONE',  ( -2.137023679041679891, -9.701433589077820940, -9.470199780789744892 ) ) ;
#2306 = EDGE_CURVE ( 'NONE', #3216, #726, #2249, .T. ) ;
#2307 = DIRECTION ( 'NONE',  ( 0.5000000000000042188, 0.8660254037844361541, 0.000000000000000000 ) ) ;
#2308 = ORIENTED_EDGE ( 'NONE', *, *, #2503, .T. ) ;
#2309 = VERTEX_POINT ( 'NONE', #2645 ) ;
#2310 = CARTESIAN_POINT ( 'NONE',  ( 37.00000000000000711, 51.15767664977237672, 1.387778780781445676E-14 ) ) ;
#2311 = CARTESIAN_POINT ( 'NONE',  ( 32.99999999999999289, 81.00000000000000000, 10.00000000000000178 ) ) ;
#2312 = LINE ( 'NONE', #2004, #3221 ) ;
#2313 = VERTEX_POINT ( 'NONE', #2349 ) ;
#2314 = VECTOR ( 'NONE', #446, 1000.000000000000000 ) ;
#2315 = ORIENTED_EDGE ( 'NONE', *, *, #370, .F. ) ;
#2316 = CYLINDRICAL_SURFACE ( 'NONE', #2019, 2.000000000000014655 ) ;
#2317 = CARTESIAN_POINT ( 'NONE',  ( 17.99999999999999645, 6.000000000000000000, 5.000000000000001776 ) ) ;
#2318 = DIRECTION ( 'NONE',  ( 0.5000000000000042188, 0.8660254037844362651, -0.000000000000000000 ) ) ;
#2319 = VERTEX_POINT ( 'NONE', #1769 ) ;
#2320 = PLANE ( 'NONE',  #867 ) ;
#2321 = EDGE_CURVE ( 'NONE', #237, #1281, #2920, .T. ) ;
#2322 = DIRECTION ( 'NONE',  ( 0.000000000000000000, 0.000000000000000000, 1.000000000000000000 ) ) ;
#2323 = ORIENTED_EDGE ( 'NONE', *, *, #291, .T. ) ;
#2324 = ORIENTED_EDGE ( 'NONE', *, *, #1678, .F. ) ;
#2325 = DIRECTION ( 'NONE',  ( -0.000000000000000000, -0.000000000000000000, -1.000000000000000000 ) ) ;
#2326 = LINE ( 'NONE', #3431, #670 ) ;
#2327 = EDGE_CURVE ( 'NONE', #1987, #24, #451, .T. ) ;
#2328 = EDGE_CURVE ( 'NONE', #599, #202, #2951, .T. ) ;
#2329 = CYLINDRICAL_SURFACE ( 'NONE', #433, 1.750000000000011990 ) ;
#2330 = ORIENTED_EDGE ( 'NONE', *, *, #333, .T. ) ;
#2331 = VECTOR ( 'NONE', #3514, 1000.000000000000000 ) ;
#2332 = DIRECTION ( 'NONE',  ( -0.000000000000000000, 1.000000000000000000, -0.000000000000000000 ) ) ;
#2333 = DIRECTION ( 'NONE',  ( -1.000000000000000000, -0.000000000000000000, -0.000000000000000000 ) ) ;
#2334 = ADVANCED_FACE ( 'NONE', ( #3439 ), #119, .F. ) ;
#2335 = DIRECTION ( 'NONE',  ( 0.000000000000000000, 0.000000000000000000, -1.000000000000000000 ) ) ;
#2336 = VECTOR ( 'NONE', #1029, 1000.000000000000000 ) ;
#2337 = ORIENTED_EDGE ( 'NONE', *, *, #1458, .T. ) ;
#2338 = CARTESIAN_POINT ( 'NONE',  ( 32.99999999999999289, 56.00000000000000711, 34.99999999999999289 ) ) ;
#2339 = DIRECTION ( 'NONE',  ( -1.000000000000000000, 0.000000000000000000, 0.000000000000000000 ) ) ;
#2340 = ORIENTED_EDGE ( 'NONE', *, *, #3246, .T. ) ;
#2341 = VERTEX_POINT ( 'NONE', #929 ) ;
#2342 = LINE ( 'NONE', #2929, #2882 ) ;
#2343 = DIRECTION ( 'NONE',  ( -1.000000000000000000, -0.000000000000000000, -0.000000000000000000 ) ) ;
#2344 = ORIENTED_EDGE ( 'NONE', *, *, #2643, .F. ) ;
#2345 = CARTESIAN_POINT ( 'NONE',  ( 43.00000000000000000, 129.0000000000000284, -85.50000000000001421 ) ) ;
#2346 = VECTOR ( 'NONE', #836, 1000.000000000000000 ) ;
#2347 = VERTEX_POINT ( 'NONE', #85 ) ;
#2348 = VERTEX_POINT ( 'NONE', #135 ) ;
#2349 = CARTESIAN_POINT ( 'NONE',  ( 37.00000000000000711, 51.15767664977237672, -49.99999999999996447 ) ) ;
#2350 = DIRECTION ( 'NONE',  ( -1.000000000000000000, 0.000000000000000000, 0.000000000000000000 ) ) ;
#2351 = CIRCLE ( 'NONE', #1129, 1.750000000000001554 ) ;
#2352 = EDGE_CURVE ( 'NONE', #3489, #1806, #3533, .T. ) ;
#2353 = CARTESIAN_POINT ( 'NONE',  ( 43.00000000000000000, 131.0000000000000000, -58.00000000000000000 ) ) ;
#2354 = VECTOR ( 'NONE', #2708, 1000.000000000000000 ) ;
#2355 = VERTEX_POINT ( 'NONE', #2612 ) ;
#2356 = DIRECTION ( 'NONE',  ( 0.000000000000000000, 1.000000000000000000, 0.000000000000000000 ) ) ;
#2357 = VECTOR ( 'NONE', #1634, 1000.000000000000000 ) ;
#2358 = AXIS2_PLACEMENT_3D ( 'NONE', #272, #1380, #2494 ) ;
#2359 = AXIS2_PLACEMENT_3D ( 'NONE', #2020, #3365, #2835 ) ;
#2360 = CARTESIAN_POINT ( 'NONE',  ( 17.99999999999999645, 6.000000000000000000, 0.000000000000000000 ) ) ;
#2361 = ORIENTED_EDGE ( 'NONE', *, *, #1188, .T. ) ;
#2362 = ORIENTED_EDGE ( 'NONE', *, *, #702, .F. ) ;
#2363 = CARTESIAN_POINT ( 'NONE',  ( 33.00000000000000000, 39.15767664977232698, 34.99999999999999289 ) ) ;
#2364 = DIRECTION ( 'NONE',  ( -2.403703357979447683E-17, 1.387778780781457077E-17, -1.000000000000000000 ) ) ;
#2365 = ORIENTED_EDGE ( 'NONE', *, *, #1533, .F. ) ;
#2366 = VECTOR ( 'NONE', #763, 1000.000000000000000 ) ;
#2367 = LINE ( 'NONE', #2952, #1544 ) ;
#2368 = EDGE_CURVE ( 'NONE', #2525, #657, #2060, .T. ) ;
#2369 = ORIENTED_EDGE ( 'NONE', *, *, #2967, .T. ) ;
#2370 = ADVANCED_FACE ( 'NONE', ( #1871 ), #3177, .F. ) ;
#2371 = ORIENTED_EDGE ( 'NONE', *, *, #3549, .F. ) ;
#2372 = PLANE ( 'NONE',  #298 ) ;
#2373 = LINE ( 'NONE', #2903, #802 ) ;
#2374 = VERTEX_POINT ( 'NONE', #408 ) ;
#2375 = EDGE_CURVE ( 'NONE', #632, #1531, #1514, .T. ) ;
#2376 = DIRECTION ( 'NONE',  ( 0.000000000000000000, -0.000000000000000000, 1.000000000000000000 ) ) ;
#2377 = AXIS2_PLACEMENT_3D ( 'NONE', #3047, #2231, #2773 ) ;
#2378 = DIRECTION ( 'NONE',  ( 0.000000000000000000, 0.000000000000000000, 1.000000000000000000 ) ) ;
#2379 = ORIENTED_EDGE ( 'NONE', *, *, #1085, .T. ) ;
#2380 = EDGE_LOOP ( 'NONE', ( #3123, #3299, #3117, #1043 ) ) ;
#2381 = DIRECTION ( 'NONE',  ( -0.5000000000000036637, -0.8660254037844364872, 0.000000000000000000 ) ) ;
#2382 = DIRECTION ( 'NONE',  ( 0.000000000000000000, 0.000000000000000000, -1.000000000000000000 ) ) ;
#2383 = CIRCLE ( 'NONE', #3368, 2.000000000000001776 ) ;
#2384 = ORIENTED_EDGE ( 'NONE', *, *, #283, .F. ) ;
#2385 = CARTESIAN_POINT ( 'NONE',  ( 17.99999999999999645, 6.000000000000000000, 0.000000000000000000 ) ) ;
#2386 = ORIENTED_EDGE ( 'NONE', *, *, #64, .F. ) ;
#2387 = ORIENTED_EDGE ( 'NONE', *, *, #2327, .T. ) ;
#2388 = ADVANCED_FACE ( 'NONE', ( #2201 ), #273, .F. ) ;
#2389 = CARTESIAN_POINT ( 'NONE',  ( 32.99999999999999289, 121.0000000000000142, 1.836970198721029589E-15 ) ) ;
#2390 = LINE ( 'NONE', #1791, #1734 ) ;
#2391 = ORIENTED_EDGE ( 'NONE', *, *, #2888, .T. ) ;
#2392 = VECTOR ( 'NONE', #2864, 1000.000000000000000 ) ;
#2393 = DIRECTION ( 'NONE',  ( 0.000000000000000000, 0.000000000000000000, -1.000000000000000000 ) ) ;
#2394 = EDGE_CURVE ( 'NONE', #657, #1655, #1967, .T. ) ;
#2395 = VECTOR ( 'NONE', #1245, 1000.000000000000000 ) ;
#2396 = DIRECTION ( 'NONE',  ( 0.000000000000000000, 0.000000000000000000, -1.000000000000000000 ) ) ;
#2397 = ORIENTED_EDGE ( 'NONE', *, *, #3220, .F. ) ;
#2398 = VERTEX_POINT ( 'NONE', #2240 ) ;
#2399 = LINE ( 'NONE', #1016, #327 ) ;
#2400 = CARTESIAN_POINT ( 'NONE',  ( 33.00000000000000000, 51.15767664977237672, -49.99999999999999289 ) ) ;
#2401 = CIRCLE ( 'NONE', #1502, 2.000000000000014655 ) ;
#2402 = VERTEX_POINT ( 'NONE', #290 ) ;
#2403 = AXIS2_PLACEMENT_3D ( 'NONE', #579, #2512, #1397 ) ;
#2404 = DIRECTION ( 'NONE',  ( -0.5000000000000042188, -0.8660254037844361541, 0.000000000000000000 ) ) ;
#2405 = ORIENTED_EDGE ( 'NONE', *, *, #3079, .T. ) ;
#2406 = ORIENTED_EDGE ( 'NONE', *, *, #3451, .F. ) ;
#2407 = LINE ( 'NONE', #2389, #3031 ) ;
#2408 = DIRECTION ( 'NONE',  ( -0.7071067811865439090, -0.7071067811865512365, -0.000000000000000000 ) ) ;
#2409 = ORIENTED_EDGE ( 'NONE', *, *, #687, .F. ) ;
#2410 = DIRECTION ( 'NONE',  ( -0.000000000000000000, 1.000000000000000000, -0.000000000000000000 ) ) ;
#2411 = CARTESIAN_POINT ( 'NONE',  ( 32.99999999999999289, 56.00000000000000711, 34.99999999999999289 ) ) ;
#2412 = ORIENTED_EDGE ( 'NONE', *, *, #2574, .F. ) ;
#2413 = EDGE_CURVE ( 'NONE', #2402, #1207, #3528, .T. ) ;
#2414 = VECTOR ( 'NONE', #2364, 1000.000000000000000 ) ;
#2415 = EDGE_LOOP ( 'NONE', ( #1971, #1853 ) ) ;
#2416 = ADVANCED_FACE ( 'NONE', ( #3568 ), #834, .F. ) ;
#2417 = CARTESIAN_POINT ( 'NONE',  ( 32.99999999999999289, 126.0000000000000000, -60.00000000000000000 ) ) ;
#2418 = AXIS2_PLACEMENT_3D ( 'NONE', #3398, #2018, #3364 ) ;
#2419 = CIRCLE ( 'NONE', #207, 3.000000000000003553 ) ;
#2420 = AXIS2_PLACEMENT_3D ( 'NONE', #2165, #1945, #2495 ) ;
#2421 = DIRECTION ( 'NONE',  ( 0.8660254037844362651, -0.5000000000000041078, 0.000000000000000000 ) ) ;
#2422 = ORIENTED_EDGE ( 'NONE', *, *, #1533, .T. ) ;
#2423 = CARTESIAN_POINT ( 'NONE',  ( 43.00000000000000000, 136.0000000000000000, -95.00000000000001421 ) ) ;
#2424 = DIRECTION ( 'NONE',  ( 0.5000000000000042188, 0.8660254037844362651, 0.000000000000000000 ) ) ;
#2425 = LINE ( 'NONE', #3534, #951 ) ;
#2426 = VERTEX_POINT ( 'NONE', #2749 ) ;
#2427 = CIRCLE ( 'NONE', #974, 3.000000000000002665 ) ;
#2428 = DIRECTION ( 'NONE',  ( 0.000000000000000000, 0.000000000000000000, -1.000000000000000000 ) ) ;
#2429 = DIRECTION ( 'NONE',  ( -0.8660254037844362651, 0.5000000000000041078, 0.000000000000000000 ) ) ;
#2430 = CARTESIAN_POINT ( 'NONE',  ( 27.93172400785675435, 54.37916512459873530, -60.00000000000000000 ) ) ;
#2431 = DIRECTION ( 'NONE',  ( -0.000000000000000000, -1.000000000000000000, 0.000000000000000000 ) ) ;
#2432 = ORIENTED_EDGE ( 'NONE', *, *, #124, .T. ) ;
#2433 = VECTOR ( 'NONE', #630, 1000.000000000000000 ) ;
#2434 = ORIENTED_EDGE ( 'NONE', *, *, #2746, .F. ) ;
#2435 = EDGE_CURVE ( 'NONE', #524, #2842, #239, .T. ) ;
#2436 = EDGE_CURVE ( 'NONE', #3275, #24, #1109, .T. ) ;
#2437 = CARTESIAN_POINT ( 'NONE',  ( 0.000000000000000000, 6.000000000000000000, -60.00000000000000000 ) ) ;
#2438 = CARTESIAN_POINT ( 'NONE',  ( 38.99999999999999289, 6.000000000000000000, -43.00000000000000000 ) ) ;
#2439 = CARTESIAN_POINT ( 'NONE',  ( 0.000000000000000000, 6.000000000000000000, -49.99999999999999289 ) ) ;
#2440 = ORIENTED_EDGE ( 'NONE', *, *, #1440, .T. ) ;
#2441 = CARTESIAN_POINT ( 'NONE',  ( 32.99999999999999289, 6.000000000000000000, -49.99999999999998579 ) ) ;
#2442 = VECTOR ( 'NONE', #2775, 1000.000000000000000 ) ;
#2443 = LINE ( 'NONE', #3350, #38 ) ;
#2444 = EDGE_CURVE ( 'NONE', #1627, #1185, #3176, .T. ) ;
#2445 = EDGE_LOOP ( 'NONE', ( #2918, #1339, #1123, #1338 ) ) ;
#2446 = DIRECTION ( 'NONE',  ( 0.000000000000000000, -1.000000000000000000, 0.000000000000000000 ) ) ;
#2447 = DIRECTION ( 'NONE',  ( 0.000000000000000000, 1.000000000000000000, 0.000000000000000000 ) ) ;
#2448 = CARTESIAN_POINT ( 'NONE',  ( 43.00000000000000000, 131.0000000000000000, -52.00000000000000000 ) ) ;
#2449 =( GEOMETRIC_REPRESENTATION_CONTEXT ( 3 ) GLOBAL_UNCERTAINTY_ASSIGNED_CONTEXT ( ( #619 ) ) GLOBAL_UNIT_ASSIGNED_CONTEXT ( ( #2553, #101, #1696 ) ) REPRESENTATION_CONTEXT ( 'NONE', 'WORKASPACE' ) );
#2450 = EDGE_CURVE ( 'NONE', #1759, #3511, #4, .T. ) ;
#2451 = PLANE ( 'NONE',  #170 ) ;
#2452 = ORIENTED_EDGE ( 'NONE', *, *, #661, .T. ) ;
#2453 = EDGE_LOOP ( 'NONE', ( #1780, #3198, #3354, #2252 ) ) ;
#2454 = AXIS2_PLACEMENT_3D ( 'NONE', #1569, #1809, #2937 ) ;
#2455 = FACE_OUTER_BOUND ( 'NONE', #2703, .T. ) ;
#2456 = LINE ( 'NONE', #1069, #2063 ) ;
#2457 = CARTESIAN_POINT ( 'NONE',  ( 43.00000000000000000, 80.00000000000001421, -53.24999999999999289 ) ) ;
#2458 = ORIENTED_EDGE ( 'NONE', *, *, #3353, .T. ) ;
#2459 = DIRECTION ( 'NONE',  ( -1.000000000000000000, 0.000000000000000000, 0.000000000000000000 ) ) ;
#2460 = CARTESIAN_POINT ( 'NONE',  ( 6.928203230275526536, 6.000000000000000000, -9.999999999999966249 ) ) ;
#2461 = CARTESIAN_POINT ( 'NONE',  ( 20.99999999999999289, 0.000000000000000000, 8.000000000000001776 ) ) ;
#2462 = EDGE_LOOP ( 'NONE', ( #970, #387, #2145, #2958 ) ) ;
#2463 = CARTESIAN_POINT ( 'NONE',  ( 28.12787643056333309, 42.71891108675435333, 10.00000000000000178 ) ) ;
#2464 = LINE ( 'NONE', #1062, #2187 ) ;
#2465 = LINE ( 'NONE', #2138, #1744 ) ;
#2466 = EDGE_CURVE ( 'NONE', #357, #3255, #1929, .T. ) ;
#2467 = VECTOR ( 'NONE', #1256, 1000.000000000000000 ) ;
#2468 = CARTESIAN_POINT ( 'NONE',  ( 33.12787643056336861, 51.37916512459871399, 8.326672684688719659E-17 ) ) ;
#2469 = ORIENTED_EDGE ( 'NONE', *, *, #924, .F. ) ;
#2470 = DIRECTION ( 'NONE',  ( 0.000000000000000000, 0.000000000000000000, -1.000000000000000000 ) ) ;
#2471 = DIRECTION ( 'NONE',  ( 0.8660254037844362651, -0.5000000000000041078, -0.000000000000000000 ) ) ;
#2472 = LINE ( 'NONE', #269, #1933 ) ;
#2473 = ORIENTED_EDGE ( 'NONE', *, *, #1457, .F. ) ;
#2474 = AXIS2_PLACEMENT_3D ( 'NONE', #3474, #147, #987 ) ;
#2475 = LINE ( 'NONE', #833, #3347 ) ;
#2476 = DIRECTION ( 'NONE',  ( -1.000000000000000000, 0.000000000000000000, 1.734723475976806848E-16 ) ) ;
#2477 = CIRCLE ( 'NONE', #2358, 2.000000000000008438 ) ;
#2478 = EDGE_CURVE ( 'NONE', #1495, #2137, #2443, .T. ) ;
#2479 = DIRECTION ( 'NONE',  ( -0.8660254037844362651, 0.5000000000000043299, 0.000000000000000000 ) ) ;
#2480 = EDGE_CURVE ( 'NONE', #2075, #2051, #1313, .T. ) ;
#2481 = FACE_BOUND ( 'NONE', #691, .T. ) ;
#2482 = AXIS2_PLACEMENT_3D ( 'NONE', #67, #2208, #2009 ) ;
#2483 = CARTESIAN_POINT ( 'NONE',  ( 43.00000000000000000, 81.00000000000000000, -60.00000000000000000 ) ) ;
#2484 = CARTESIAN_POINT ( 'NONE',  ( 17.93172400785672949, 37.05865704891012058, -60.00000000000000000 ) ) ;
#2485 = EDGE_CURVE ( 'NONE', #3016, #714, #781, .T. ) ;
#2486 = EDGE_LOOP ( 'NONE', ( #2962, #2566, #1411, #442 ) ) ;
#2487 = EDGE_CURVE ( 'NONE', #726, #3216, #3519, .T. ) ;
#2488 = LINE ( 'NONE', #1652, #2186 ) ;
#2489 = DIRECTION ( 'NONE',  ( 0.000000000000000000, -1.000000000000000000, 0.000000000000000000 ) ) ;
#2490 = CARTESIAN_POINT ( 'NONE',  ( 23.99999999999999289, 0.000000000000000000, -64.00000000000000000 ) ) ;
#2491 = ORIENTED_EDGE ( 'NONE', *, *, #2639, .T. ) ;
#2492 = AXIS2_PLACEMENT_3D ( 'NONE', #2866, #2665, #1537 ) ;
#2493 = ORIENTED_EDGE ( 'NONE', *, *, #1345, .T. ) ;
#2494 = DIRECTION ( 'NONE',  ( -0.5000000000000052180, -0.8660254037844357100, 0.000000000000000000 ) ) ;
#2495 = DIRECTION ( 'NONE',  ( 0.000000000000000000, 0.000000000000000000, 1.000000000000000000 ) ) ;
#2496 = CARTESIAN_POINT ( 'NONE',  ( 43.00000000000000000, 111.0000000000000142, -60.00000000000000000 ) ) ;
#2497 = CARTESIAN_POINT ( 'NONE',  ( 38.99999999999999289, 80.00000000000001421, -5.000000000000005329 ) ) ;
#2498 = EDGE_CURVE ( 'NONE', #1496, #2832, #543, .T. ) ;
#2499 = CARTESIAN_POINT ( 'NONE',  ( 17.93172400785673304, 37.05865704891012058, -49.99999999999999289 ) ) ;
#2500 = LINE ( 'NONE', #603, #3110 ) ;
#2501 = EDGE_LOOP ( 'NONE', ( #3005, #3129, #663, #3442 ) ) ;
#2502 = FACE_OUTER_BOUND ( 'NONE', #2501, .T. ) ;
#2503 = EDGE_CURVE ( 'NONE', #1343, #305, #3331, .T. ) ;
#2504 = LINE ( 'NONE', #2214, #2354 ) ;
#2505 = PLANE ( 'NONE',  #2084 ) ;
#2506 = ORIENTED_EDGE ( 'NONE', *, *, #1875, .T. ) ;
#2507 = ORIENTED_EDGE ( 'NONE', *, *, #1659, .T. ) ;
#2508 = PRODUCT_DEFINITION_SHAPE ( 'NONE', 'NONE',  #3243 ) ;
#2509 = DIRECTION ( 'NONE',  ( -0.5000000000000042188, -0.8660254037844361541, 0.000000000000000000 ) ) ;
#2510 = CARTESIAN_POINT ( 'NONE',  ( 2.598076211353293363, -1.499999999999999334, 10.00000000000001954 ) ) ;
#2511 = VECTOR ( 'NONE', #2339, 1000.000000000000000 ) ;
#2512 = DIRECTION ( 'NONE',  ( -0.8660254037844362651, 0.5000000000000041078, 0.000000000000000000 ) ) ;
#2513 = ORIENTED_EDGE ( 'NONE', *, *, #2950, .T. ) ;
#2514 = FACE_OUTER_BOUND ( 'NONE', #1239, .T. ) ;
#2515 = VECTOR ( 'NONE', #3546, 1000.000000000000000 ) ;
#2516 = ORIENTED_EDGE ( 'NONE', *, *, #164, .F. ) ;
#2517 = CARTESIAN_POINT ( 'NONE',  ( 28.12787643056333309, 42.71891108675435333, 10.00000000000000178 ) ) ;
#2518 = DIRECTION ( 'NONE',  ( -0.8660254037844362651, 0.5000000000000041078, 0.000000000000000000 ) ) ;
#2519 = VERTEX_POINT ( 'NONE', #1364 ) ;
#2520 = CARTESIAN_POINT ( 'NONE',  ( 32.99999999999999289, 63.00000000000002842, -87.50000000000002842 ) ) ;
#2521 = VECTOR ( 'NONE', #405, 1000.000000000000114 ) ;
#2522 = EDGE_CURVE ( 'NONE', #1307, #2203, #2782, .T. ) ;
#2523 = DIRECTION ( 'NONE',  ( 0.000000000000000000, 0.000000000000000000, -1.000000000000000000 ) ) ;
#2524 = ORIENTED_EDGE ( 'NONE', *, *, #1988, .F. ) ;
#2525 = VERTEX_POINT ( 'NONE', #3587 ) ;
#2526 = ADVANCED_FACE ( 'NONE', ( #2713 ), #526, .T. ) ;
#2527 = PLANE ( 'NONE',  #3175 ) ;
#2528 = DIRECTION ( 'NONE',  ( 0.000000000000000000, 0.000000000000000000, -1.000000000000000000 ) ) ;
#2529 = VECTOR ( 'NONE', #2539, 1000.000000000000000 ) ;
#2530 = CARTESIAN_POINT ( 'NONE',  ( 22.93172400785671528, 45.71891108675437465, 10.00000000000000178 ) ) ;
#2531 = ORIENTED_EDGE ( 'NONE', *, *, #1991, .T. ) ;
#2532 = VECTOR ( 'NONE', #615, 1000.000000000000114 ) ;
#2533 = EDGE_CURVE ( 'NONE', #502, #1633, #2592, .T. ) ;
#2534 = AXIS2_PLACEMENT_3D ( 'NONE', #2798, #2606, #1472 ) ;
#2535 = VERTEX_POINT ( 'NONE', #3076 ) ;
#2536 = EDGE_LOOP ( 'NONE', ( #82, #2422, #2371, #1267 ) ) ;
#2537 = DIRECTION ( 'NONE',  ( 0.000000000000000000, -1.000000000000000000, 0.000000000000000000 ) ) ;
#2538 = DIRECTION ( 'NONE',  ( 0.000000000000000000, 0.000000000000000000, 1.000000000000000000 ) ) ;
#2539 = DIRECTION ( 'NONE',  ( -0.5000000000000042188, -0.8660254037844361541, 3.469446951953612710E-16 ) ) ;
#2540 = EDGE_LOOP ( 'NONE', ( #1513, #1907 ) ) ;
#2541 = AXIS2_PLACEMENT_3D ( 'NONE', #1040, #1240, #389 ) ;
#2542 = CARTESIAN_POINT ( 'NONE',  ( 43.00000000000000000, 121.0000000000000142, -69.99999999999998579 ) ) ;
#2543 = DIRECTION ( 'NONE',  ( 0.000000000000000000, 0.000000000000000000, 1.000000000000000000 ) ) ;
#2544 = ORIENTED_EDGE ( 'NONE', *, *, #1521, .T. ) ;
#2545 = ORIENTED_EDGE ( 'NONE', *, *, #3152, .T. ) ;
#2546 = ADVANCED_FACE ( 'NONE', ( #1181 ), #3131, .T. ) ;
#2547 = PLANE ( 'NONE',  #2943 ) ;
#2548 = CARTESIAN_POINT ( 'NONE',  ( 43.00000000000000000, 6.000000000000000000, 0.000000000000000000 ) ) ;
#2549 = CARTESIAN_POINT ( 'NONE',  ( 43.00000000000000000, 56.00000000000000711, 34.99999999999999289 ) ) ;
#2550 = VERTEX_POINT ( 'NONE', #1436 ) ;
#2551 = VECTOR ( 'NONE', #1055, 1000.000000000000000 ) ;
#2552 = AXIS2_PLACEMENT_3D ( 'NONE', #3013, #501, #1575 ) ;
#2553 =( LENGTH_UNIT ( ) NAMED_UNIT ( * ) SI_UNIT ( .MILLI., .METRE. ) );
#2554 = EDGE_CURVE ( 'NONE', #2078, #1600, #2293, .T. ) ;
#2555 = VERTEX_POINT ( 'NONE', #2037 ) ;
#2556 = EDGE_LOOP ( 'NONE', ( #213, #1690, #3163, #2163 ) ) ;
#2557 = DIRECTION ( 'NONE',  ( 0.5000000000000041078, 0.8660254037844363761, 0.000000000000000000 ) ) ;
#2558 = CYLINDRICAL_SURFACE ( 'NONE', #3091, 2.000000000000015543 ) ;
#2559 = VECTOR ( 'NONE', #897, 1000.000000000000000 ) ;
#2560 = EDGE_CURVE ( 'NONE', #3476, #2426, #364, .T. ) ;
#2561 = CARTESIAN_POINT ( 'NONE',  ( -2.598076211353324450, 1.500000000000025757, 10.00000000000001954 ) ) ;
#2562 = ORIENTED_EDGE ( 'NONE', *, *, #2444, .T. ) ;
#2563 = EDGE_CURVE ( 'NONE', #3379, #2341, #328, .T. ) ;
#2564 = LINE ( 'NONE', #74, #2442 ) ;
#2565 = DIRECTION ( 'NONE',  ( 0.8660254037844362651, -0.5000000000000041078, -0.000000000000000000 ) ) ;
#2566 = ORIENTED_EDGE ( 'NONE', *, *, #966, .F. ) ;
#2567 = ORIENTED_EDGE ( 'NONE', *, *, #3004, .F. ) ;
#2568 = CARTESIAN_POINT ( 'NONE',  ( 9.271469970012367057, 42.05865704891017032, -60.00000000000000000 ) ) ;
#2569 = CARTESIAN_POINT ( 'NONE',  ( 43.00000000000000000, 131.0000000000000000, -5.000000000000000000 ) ) ;
#2570 = VECTOR ( 'NONE', #1915, 1000.000000000000114 ) ;
#2571 = CARTESIAN_POINT ( 'NONE',  ( 33.00000000000000000, 51.15767664977237672, -9.999999999999966249 ) ) ;
#2572 = ORIENTED_EDGE ( 'NONE', *, *, #3169, .F. ) ;
#2573 = VECTOR ( 'NONE', #69, 1000.000000000000114 ) ;
#2574 = EDGE_CURVE ( 'NONE', #1531, #830, #1454, .T. ) ;
#2575 = ORIENTED_EDGE ( 'NONE', *, *, #1999, .T. ) ;
#2576 = ORIENTED_EDGE ( 'NONE', *, *, #1475, .F. ) ;
#2577 = DIRECTION ( 'NONE',  ( 0.000000000000000000, 0.000000000000000000, 1.000000000000000000 ) ) ;
#2578 = FACE_OUTER_BOUND ( 'NONE', #778, .T. ) ;
#2579 = DIRECTION ( 'NONE',  ( -0.8660254037844362651, 0.5000000000000041078, 0.000000000000000000 ) ) ;
#2580 = ORIENTED_EDGE ( 'NONE', *, *, #3220, .T. ) ;
#2581 = VECTOR ( 'NONE', #1350, 1000.000000000000000 ) ;
#2582 = FACE_OUTER_BOUND ( 'NONE', #1161, .T. ) ;
#2583 = FACE_OUTER_BOUND ( 'NONE', #149, .T. ) ;
#2584 = ORIENTED_EDGE ( 'NONE', *, *, #2229, .F. ) ;
#2585 = ORIENTED_EDGE ( 'NONE', *, *, #895, .T. ) ;
#2586 = CARTESIAN_POINT ( 'NONE',  ( 32.99999999999999289, 131.0000000000000000, -55.00000000000000000 ) ) ;
#2587 = CARTESIAN_POINT ( 'NONE',  ( 32.99999999999999289, 111.0000000000000142, 10.00000000000000000 ) ) ;
#2588 = CYLINDRICAL_SURFACE ( 'NONE', #1296, 3.000000000000002665 ) ;
#2589 = ORIENTED_EDGE ( 'NONE', *, *, #2436, .T. ) ;
#2590 = ORIENTED_EDGE ( 'NONE', *, *, #3414, .F. ) ;
#2591 = CIRCLE ( 'NONE', #3457, 1.750000000000011990 ) ;
#2592 = CIRCLE ( 'NONE', #1022, 3.000000000000002665 ) ;
#2593 = CARTESIAN_POINT ( 'NONE',  ( -2.598076211353330223, 1.500000000000025091, -49.99999999999999289 ) ) ;
#2594 = EDGE_CURVE ( 'NONE', #2822, #55, #964, .T. ) ;
#2595 = LINE ( 'NONE', #2317, #586 ) ;
#2596 = LINE ( 'NONE', #172, #2197 ) ;
#2597 = EDGE_LOOP ( 'NONE', ( #3264, #2158 ) ) ;
#2598 = CARTESIAN_POINT ( 'NONE',  ( 0.000000000000000000, 6.000000000000000000, -9.999999999999966249 ) ) ;
#2599 = CARTESIAN_POINT ( 'NONE',  ( 43.00000000000000000, 71.00000000000001421, 34.99999999999999289 ) ) ;
#2600 = ORIENTED_EDGE ( 'NONE', *, *, #3585, .T. ) ;
#2601 = EDGE_CURVE ( 'NONE', #3547, #1673, #2255, .T. ) ;
#2602 = ORIENTED_EDGE ( 'NONE', *, *, #1566, .T. ) ;
#2603 = AXIS2_PLACEMENT_3D ( 'NONE', #2300, #3405, #2901 ) ;
#2604 = EDGE_CURVE ( 'NONE', #1600, #3185, #1692, .T. ) ;
#2605 = FACE_OUTER_BOUND ( 'NONE', #1483, .T. ) ;
#2606 = DIRECTION ( 'NONE',  ( 1.000000000000000000, -0.000000000000000000, -0.000000000000000000 ) ) ;
#2607 = CARTESIAN_POINT ( 'NONE',  ( 43.00000000000000000, 80.00000000000001421, -5.000000000000005329 ) ) ;
#2608 = EDGE_CURVE ( 'NONE', #336, #1995, #1487, .T. ) ;
#2609 = AXIS2_PLACEMENT_3D ( 'NONE', #1410, #3144, #2523 ) ;
#2610 = ORIENTED_EDGE ( 'NONE', *, *, #3134, .T. ) ;
#2611 = VERTEX_POINT ( 'NONE', #3149 ) ;
#2612 = CARTESIAN_POINT ( 'NONE',  ( 32.99999999999999289, 56.00000000000000711, 0.000000000000000000 ) ) ;
#2613 = LINE ( 'NONE', #1463, #1519 ) ;
#2614 = FACE_BOUND ( 'NONE', #1215, .T. ) ;
#2615 = ORIENTED_EDGE ( 'NONE', *, *, #1013, .T. ) ;
#2616 = AXIS2_PLACEMENT_3D ( 'NONE', #863, #3104, #1430 ) ;
#2617 = CYLINDRICAL_SURFACE ( 'NONE', #1802, 1.750000000000015543 ) ;
#2618 = CARTESIAN_POINT ( 'NONE',  ( 43.00000000000000000, 6.000000000000000000, -60.00000000000000000 ) ) ;
#2619 = ORIENTED_EDGE ( 'NONE', *, *, #2936, .F. ) ;
#2620 = ORIENTED_EDGE ( 'NONE', *, *, #68, .F. ) ;
#2621 = DIRECTION ( 'NONE',  ( 1.000000000000000000, 0.000000000000000000, 0.000000000000000000 ) ) ;
#2622 = DIRECTION ( 'NONE',  ( 1.000000000000000000, -0.000000000000000000, -0.000000000000000000 ) ) ;
#2623 = CARTESIAN_POINT ( 'NONE',  ( 43.00000000000000000, 131.0000000000000000, -58.00000000000000000 ) ) ;
#2624 = ORIENTED_EDGE ( 'NONE', *, *, #1841, .F. ) ;
#2625 = ORIENTED_EDGE ( 'NONE', *, *, #3358, .F. ) ;
#2626 = CIRCLE ( 'NONE', #419, 10.00000000000000178 ) ;
#2627 = CARTESIAN_POINT ( 'NONE',  ( 81.42116167511379388, 87.57883832488658982, -50.00000000000002132 ) ) ;
#2628 = CARTESIAN_POINT ( 'NONE',  ( 43.00000000000000000, 71.00000000000001421, -69.99999999999998579 ) ) ;
#2629 = DIRECTION ( 'NONE',  ( 0.000000000000000000, 0.000000000000000000, -1.000000000000000000 ) ) ;
#2630 = ORIENTED_EDGE ( 'NONE', *, *, #2098, .F. ) ;
#2631 = CARTESIAN_POINT ( 'NONE',  ( 0.000000000000000000, 136.0000000000000000, 0.000000000000000000 ) ) ;
#2632 = DIRECTION ( 'NONE',  ( -0.8660254037844362651, 0.5000000000000042188, -0.000000000000000000 ) ) ;
#2633 = ORIENTED_EDGE ( 'NONE', *, *, #1015, .F. ) ;
#2634 = ORIENTED_EDGE ( 'NONE', *, *, #1175, .T. ) ;
#2635 = EDGE_CURVE ( 'NONE', #1185, #1627, #1895, .T. ) ;
#2636 = PLANE ( 'NONE',  #1485 ) ;
#2637 = EDGE_CURVE ( 'NONE', #2426, #3321, #1196, .T. ) ;
#2638 = CARTESIAN_POINT ( 'NONE',  ( 32.99999999999999289, 129.0000000000000284, -87.50000000000002842 ) ) ;
#2639 = EDGE_CURVE ( 'NONE', #61, #2977, #2884, .T. ) ;
#2640 = EDGE_LOOP ( 'NONE', ( #2686, #108, #3561, #483 ) ) ;
#2641 = DIRECTION ( 'NONE',  ( 1.000000000000000000, -0.000000000000000000, -0.000000000000000000 ) ) ;
#2642 = LINE ( 'NONE', #968, #2467 ) ;
#2643 = EDGE_CURVE ( 'NONE', #1677, #2555, #97, .T. ) ;
#2644 = ORIENTED_EDGE ( 'NONE', *, *, #2022, .F. ) ;
#2645 = CARTESIAN_POINT ( 'NONE',  ( 17.99999999999999645, 6.000000000000000000, 3.000000000000000000 ) ) ;
#2646 = DIRECTION ( 'NONE',  ( -0.000000000000000000, 1.000000000000000000, -0.000000000000000000 ) ) ;
#2647 = CIRCLE ( 'NONE', #957, 3.000000000000002665 ) ;
#2648 = LINE ( 'NONE', #1261, #2024 ) ;
#2649 = AXIS2_PLACEMENT_3D ( 'NONE', #1580, #2622, #197 ) ;
#2650 = ORIENTED_EDGE ( 'NONE', *, *, #3210, .T. ) ;
#2651 = DIRECTION ( 'NONE',  ( 0.000000000000000000, 1.000000000000000000, 0.000000000000000000 ) ) ;
#2652 = VECTOR ( 'NONE', #1639, 1000.000000000000000 ) ;
#2653 = LINE ( 'NONE', #1214, #1869 ) ;
#2654 = ORIENTED_EDGE ( 'NONE', *, *, #583, .T. ) ;
#2655 = ORIENTED_EDGE ( 'NONE', *, *, #94, .F. ) ;
#2656 = CARTESIAN_POINT ( 'NONE',  ( 43.00000000000000000, 126.0000000000000000, -60.00000000000000000 ) ) ;
#2657 = DIRECTION ( 'NONE',  ( -0.000000000000000000, 1.000000000000000000, 0.000000000000000000 ) ) ;
#2658 = ORIENTED_EDGE ( 'NONE', *, *, #2905, .F. ) ;
#2659 = AXIS2_PLACEMENT_3D ( 'NONE', #1752, #425, #972 ) ;
#2660 = LINE ( 'NONE', #472, #2858 ) ;
#2661 = ORIENTED_EDGE ( 'NONE', *, *, #2643, .T. ) ;
#2662 = ORIENTED_EDGE ( 'NONE', *, *, #214, .F. ) ;
#2663 = CARTESIAN_POINT ( 'NONE',  ( 43.00000000000000000, 131.0000000000000000, -8.000000000000003553 ) ) ;
#2664 = AXIS2_PLACEMENT_3D ( 'NONE', #3479, #992, #2101 ) ;
#2665 = DIRECTION ( 'NONE',  ( 0.000000000000000000, 0.000000000000000000, -1.000000000000000000 ) ) ;
#2666 = EDGE_LOOP ( 'NONE', ( #1528, #447, #2362, #423 ) ) ;
#2667 = CYLINDRICAL_SURFACE ( 'NONE', #3, 1.750000000000008438 ) ;
#2668 = EDGE_CURVE ( 'NONE', #195, #988, #3109, .T. ) ;
#2669 = CARTESIAN_POINT ( 'NONE',  ( 0.000000000000000000, 6.000000000000000000, -9.999999999999966249 ) ) ;
#2670 = VERTEX_POINT ( 'NONE', #1981 ) ;
#2671 = ORIENTED_EDGE ( 'NONE', *, *, #1854, .F. ) ;
#2672 = DIRECTION ( 'NONE',  ( -0.000000000000000000, -0.000000000000000000, -1.000000000000000000 ) ) ;
#2673 = DIRECTION ( 'NONE',  ( 0.000000000000000000, 0.000000000000000000, 1.000000000000000000 ) ) ;
#2674 = AXIS2_PLACEMENT_3D ( 'NONE', #1861, #228, #247 ) ;
#2675 = EDGE_LOOP ( 'NONE', ( #1489, #155, #2965, #1149 ) ) ;
#2676 = FACE_BOUND ( 'NONE', #1978, .T. ) ;
#2677 = ORIENTED_EDGE ( 'NONE', *, *, #497, .F. ) ;
#2678 = EDGE_LOOP ( 'NONE', ( #648, #2216, #2795, #2585, #676, #1156, #2630, #1559, #1507, #640, #3498, #1417, #3191, #1051, #178, #1091, #3113, #907, #2506, #3207, #159, #2860, #2273, #3427, #2115, #1262 ) ) ;
#2679 = EDGE_CURVE ( 'NONE', #1655, #2348, #3094, .T. ) ;
#2680 = CARTESIAN_POINT ( 'NONE',  ( 32.99999999999999289, 6.000000000000000000, 1.224646799147353256E-15 ) ) ;
#2681 = CIRCLE ( 'NONE', #2155, 1.750000000000008438 ) ;
#2682 = CARTESIAN_POINT ( 'NONE',  ( 38.99999999999999289, 80.00000000000001421, -55.00000000000000000 ) ) ;
#2683 = EDGE_LOOP ( 'NONE', ( #1490, #2405, #604, #1292 ) ) ;
#2684 = DIRECTION ( 'NONE',  ( 1.000000000000000000, -0.000000000000000000, -0.000000000000000000 ) ) ;
#2685 = CARTESIAN_POINT ( 'NONE',  ( 43.00000000000000000, 81.00000000000000000, 0.000000000000000000 ) ) ;
#2686 = ORIENTED_EDGE ( 'NONE', *, *, #809, .F. ) ;
#2687 = ORIENTED_EDGE ( 'NONE', *, *, #931, .F. ) ;
#2688 = DIRECTION ( 'NONE',  ( 0.7071067811865439090, 0.7071067811865512365, -1.226634733346692901E-16 ) ) ;
#2689 = DIRECTION ( 'NONE',  ( 0.000000000000000000, 1.000000000000000000, 0.000000000000000000 ) ) ;
#2690 = VECTOR ( 'NONE', #814, 1000.000000000000000 ) ;
#2691 = ORIENTED_EDGE ( 'NONE', *, *, #2485, .T. ) ;
#2692 = CARTESIAN_POINT ( 'NONE',  ( 32.99999999999999289, 71.00000000000001421, -95.00000000000001421 ) ) ;
#2693 = DIRECTION ( 'NONE',  ( 0.000000000000000000, 0.000000000000000000, 1.000000000000000000 ) ) ;
#2694 = ORIENTED_EDGE ( 'NONE', *, *, #2182, .F. ) ;
#2695 = CYLINDRICAL_SURFACE ( 'NONE', #3491, 1.750000000000001554 ) ;
#2696 = DIRECTION ( 'NONE',  ( -0.5000000000000042188, -0.8660254037844361541, 1.224646799147352961E-16 ) ) ;
#2697 = EDGE_CURVE ( 'NONE', #169, #1394, #1019, .T. ) ;
#2698 = EDGE_CURVE ( 'NONE', #93, #431, #2299, .T. ) ;
#2699 = DIRECTION ( 'NONE',  ( -1.000000000000000000, 0.000000000000000000, 0.000000000000000000 ) ) ;
#2700 = DIRECTION ( 'NONE',  ( 1.000000000000000000, -0.000000000000000000, -0.000000000000000000 ) ) ;
#2701 = EDGE_LOOP ( 'NONE', ( #933, #2040 ) ) ;
#2702 = AXIS2_PLACEMENT_3D ( 'NONE', #2638, #180, #2673 ) ;
#2703 = EDGE_LOOP ( 'NONE', ( #3251, #2259, #2983, #334 ) ) ;
#2704 = CARTESIAN_POINT ( 'NONE',  ( 32.99999999999999289, 63.00000000000002842, -87.50000000000002842 ) ) ;
#2705 = CIRCLE ( 'NONE', #1133, 1.750000000000001554 ) ;
#2706 = AXIS2_PLACEMENT_3D ( 'NONE', #510, #1622, #2730 ) ;
#2707 = VECTOR ( 'NONE', #3041, 1000.000000000000000 ) ;
#2708 = DIRECTION ( 'NONE',  ( 0.000000000000000000, 0.000000000000000000, 1.000000000000000000 ) ) ;
#2709 = EDGE_CURVE ( 'NONE', #1366, #1673, #2326, .T. ) ;
#2710 = DIRECTION ( 'NONE',  ( -0.8660254037844362651, 0.5000000000000042188, -0.000000000000000000 ) ) ;
#2711 = VERTEX_POINT ( 'NONE', #2548 ) ;
#2712 = DIRECTION ( 'NONE',  ( 0.000000000000000000, 0.000000000000000000, 1.000000000000000000 ) ) ;
#2713 = FACE_OUTER_BOUND ( 'NONE', #1446, .T. ) ;
#2714 = DIRECTION ( 'NONE',  ( 1.000000000000000000, -0.000000000000000000, 0.000000000000000000 ) ) ;
#2715 = VERTEX_POINT ( 'NONE', #58 ) ;
#2716 = AXIS2_PLACEMENT_3D ( 'NONE', #678, #3195, #1808 ) ;
#2717 = EDGE_CURVE ( 'NONE', #2140, #1056, #839, .T. ) ;
#2718 = CARTESIAN_POINT ( 'NONE',  ( -2.598076211353330223, 1.500000000000025091, -49.99999999999999289 ) ) ;
#2719 = CARTESIAN_POINT ( 'NONE',  ( 17.99999999999999645, 6.000000000000000000, 0.000000000000000000 ) ) ;
#2720 = CYLINDRICAL_SURFACE ( 'NONE', #2205, 1.750000000000015543 ) ;
#2721 = DIRECTION ( 'NONE',  ( 0.000000000000000000, 0.000000000000000000, 1.000000000000000000 ) ) ;
#2722 = ORIENTED_EDGE ( 'NONE', *, *, #1683, .F. ) ;
#2723 = AXIS2_PLACEMENT_3D ( 'NONE', #2144, #1598, #1867 ) ;
#2724 = ORIENTED_EDGE ( 'NONE', *, *, #62, .F. ) ;
#2725 = AXIS2_PLACEMENT_3D ( 'NONE', #466, #3576, #1084 ) ;
#2726 = CARTESIAN_POINT ( 'NONE',  ( 43.00000000000000000, 56.00000000000000711, -60.00000000000000000 ) ) ;
#2727 = CARTESIAN_POINT ( 'NONE',  ( 43.00000000000000000, 0.000000000000000000, 0.000000000000000000 ) ) ;
#2728 = CARTESIAN_POINT ( 'NONE',  ( 17.99999999999999645, 0.000000000000000000, -65.00000000000000000 ) ) ;
#2729 = VERTEX_POINT ( 'NONE', #2964 ) ;
#2730 = DIRECTION ( 'NONE',  ( -0.5000000000000036637, -0.8660254037844364872, 0.000000000000000000 ) ) ;
#2731 = AXIS2_PLACEMENT_3D ( 'NONE', #2973, #1010, #1610 ) ;
#2732 = DIRECTION ( 'NONE',  ( 1.000000000000000000, -0.000000000000000000, -0.000000000000000000 ) ) ;
#2733 = CARTESIAN_POINT ( 'NONE',  ( 43.00000000000000000, 56.00000000000000711, 34.99999999999999289 ) ) ;
#2734 = ORIENTED_EDGE ( 'NONE', *, *, #3408, .T. ) ;
#2735 = ADVANCED_FACE ( 'NONE', ( #3506 ), #1782, .F. ) ;
#2736 = CARTESIAN_POINT ( 'NONE',  ( 4.271469970012325312, 33.39840301106580966, -49.99999999999999289 ) ) ;
#2737 = CARTESIAN_POINT ( 'NONE',  ( 32.99999999999999289, 136.0000000000000000, -95.00000000000001421 ) ) ;
#2738 = LINE ( 'NONE', #1048, #350 ) ;
#2739 = DIRECTION ( 'NONE',  ( 0.000000000000000000, 0.000000000000000000, -1.000000000000000000 ) ) ;
#2740 = ORIENTED_EDGE ( 'NONE', *, *, #1623, .F. ) ;
#2741 = DIRECTION ( 'NONE',  ( -1.000000000000000000, 0.000000000000000000, -0.000000000000000000 ) ) ;
#2742 = EDGE_CURVE ( 'NONE', #396, #198, #548, .T. ) ;
#2743 = CARTESIAN_POINT ( 'NONE',  ( -2.598076211353330223, 1.500000000000025091, -9.999999999999966249 ) ) ;
#2744 = FACE_OUTER_BOUND ( 'NONE', #3145, .T. ) ;
#2745 = ORIENTED_EDGE ( 'NONE', *, *, #1745, .T. ) ;
#2746 = EDGE_CURVE ( 'NONE', #1562, #1460, #3187, .T. ) ;
#2747 = CARTESIAN_POINT ( 'NONE',  ( 43.00000000000000000, 131.0000000000000000, -52.00000000000000000 ) ) ;
#2748 = EDGE_CURVE ( 'NONE', #61, #1995, #1833, .T. ) ;
#2749 = CARTESIAN_POINT ( 'NONE',  ( 43.00000000000000000, 131.0000000000000000, -1.999999999999997335 ) ) ;
#2750 = EDGE_CURVE ( 'NONE', #3222, #3343, #1304, .T. ) ;
#2751 = LINE ( 'NONE', #1382, #2286 ) ;
#2752 = ORIENTED_EDGE ( 'NONE', *, *, #1157, .T. ) ;
#2753 = DIRECTION ( 'NONE',  ( -0.000000000000000000, 0.000000000000000000, -1.000000000000000000 ) ) ;
#2754 = CARTESIAN_POINT ( 'NONE',  ( 32.99999999999999289, 63.15767664977228435, 3.098369423575436481E-14 ) ) ;
#2755 = CYLINDRICAL_SURFACE ( 'NONE', #37, 1.750000000000001554 ) ;
#2756 = CARTESIAN_POINT ( 'NONE',  ( 32.99999999999999289, 126.0000000000000000, -60.00000000000000000 ) ) ;
#2757 = ORIENTED_EDGE ( 'NONE', *, *, #404, .T. ) ;
#2758 = DIRECTION ( 'NONE',  ( -0.000000000000000000, 1.000000000000000000, -0.000000000000000000 ) ) ;
#2759 = DIRECTION ( 'NONE',  ( 0.000000000000000000, 0.000000000000000000, -1.000000000000000000 ) ) ;
#2760 = VECTOR ( 'NONE', #2343, 1000.000000000000000 ) ;
#2761 = DIRECTION ( 'NONE',  ( -0.5000000000000036637, -0.8660254037844364872, 0.000000000000000000 ) ) ;
#2762 = EDGE_LOOP ( 'NONE', ( #2818, #694, #2926, #2263 ) ) ;
#2763 = ORIENTED_EDGE ( 'NONE', *, *, #528, .T. ) ;
#2764 = AXIS2_PLACEMENT_3D ( 'NONE', #2568, #2853, #2036 ) ;
#2765 = VECTOR ( 'NONE', #2689, 1000.000000000000000 ) ;
#2766 = PLANE ( 'NONE',  #1894 ) ;
#2767 = CARTESIAN_POINT ( 'NONE',  ( 39.99999999999999289, 6.000000000000000000, -65.00000000000000000 ) ) ;
#2768 = EDGE_CURVE ( 'NONE', #3234, #3445, #960, .T. ) ;
#2769 = ORIENTED_EDGE ( 'NONE', *, *, #554, .F. ) ;
#2770 = CARTESIAN_POINT ( 'NONE',  ( 12.86297632095842403, 16.27932852445522371, -20.52980021920987852 ) ) ;
#2771 = ADVANCED_FACE ( 'NONE', ( #3472 ), #3527, .F. ) ;
#2772 = FACE_OUTER_BOUND ( 'NONE', #2847, .T. ) ;
#2773 = DIRECTION ( 'NONE',  ( 0.000000000000000000, 0.000000000000000000, 1.000000000000000000 ) ) ;
#2774 = EDGE_LOOP ( 'NONE', ( #3118, #1761 ) ) ;
#2775 = DIRECTION ( 'NONE',  ( 0.000000000000000000, -1.000000000000000000, 0.000000000000000000 ) ) ;
#2776 = CARTESIAN_POINT ( 'NONE',  ( 43.00000000000000000, 71.00000000000001421, -95.00000000000001421 ) ) ;
#2777 = DIRECTION ( 'NONE',  ( -0.000000000000000000, 1.000000000000000000, -0.000000000000000000 ) ) ;
#2778 = ORIENTED_EDGE ( 'NONE', *, *, #2182, .T. ) ;
#2779 = AXIS2_PLACEMENT_3D ( 'NONE', #2044, #138, #1480 ) ;
#2780 = ORIENTED_EDGE ( 'NONE', *, *, #2805, .T. ) ;
#2781 = CARTESIAN_POINT ( 'NONE',  ( 0.000000000000000000, 0.000000000000000000, -60.00000000000000000 ) ) ;
#2782 = LINE ( 'NONE', #2510, #3001 ) ;
#2783 = FACE_OUTER_BOUND ( 'NONE', #937, .T. ) ;
#2784 = PLANE ( 'NONE',  #529 ) ;
#2785 = ORIENTED_EDGE ( 'NONE', *, *, #3486, .F. ) ;
#2786 = EDGE_CURVE ( 'NONE', #24, #1987, #1482, .T. ) ;
#2787 = CYLINDRICAL_SURFACE ( 'NONE', #1959, 3.000000000000000000 ) ;
#2788 = PRODUCT_RELATED_PRODUCT_CATEGORY ( 'part', '', ( #3092 ) ) ;
#2789 = LINE ( 'NONE', #2561, #2529 ) ;
#2790 = VERTEX_POINT ( 'NONE', #3488 ) ;
#2791 = CARTESIAN_POINT ( 'NONE',  ( 43.00000000000000000, 6.000000000000000000, 0.000000000000000000 ) ) ;
#2792 = CARTESIAN_POINT ( 'NONE',  ( 43.00000000000000000, 0.000000000000000000, -65.00000000000000000 ) ) ;
#2793 = DIRECTION ( 'NONE',  ( 0.000000000000000000, 0.000000000000000000, 1.000000000000000000 ) ) ;
#2794 = ORIENTED_EDGE ( 'NONE', *, *, #1708, .T. ) ;
#2795 = ORIENTED_EDGE ( 'NONE', *, *, #2035, .T. ) ;
#2796 = AXIS2_PLACEMENT_3D ( 'NONE', #803, #2446, #3572 ) ;
#2797 = DIRECTION ( 'NONE',  ( 0.000000000000000000, 0.000000000000000000, -1.000000000000000000 ) ) ;
#2798 = CARTESIAN_POINT ( 'NONE',  ( 38.99999999999999289, 131.0000000000000000, -5.000000000000000000 ) ) ;
#2799 = DIRECTION ( 'NONE',  ( -0.5000000000000043299, -0.8660254037844361541, -0.000000000000000000 ) ) ;
#2800 = ORIENTED_EDGE ( 'NONE', *, *, #2131, .T. ) ;
#2801 = ORIENTED_EDGE ( 'NONE', *, *, #2932, .T. ) ;
#2802 = CARTESIAN_POINT ( 'NONE',  ( 32.99999999999999289, 126.0000000000000000, -60.00000000000000000 ) ) ;
#2803 = CARTESIAN_POINT ( 'NONE',  ( 43.00000000000000000, 71.00000000000001421, -95.00000000000001421 ) ) ;
#2804 = CARTESIAN_POINT ( 'NONE',  ( 27.93172400785674725, 54.37916512459872820, 3.469446951953614189E-14 ) ) ;
#2805 = EDGE_CURVE ( 'NONE', #432, #2917, #742, .T. ) ;
#2806 = EDGE_CURVE ( 'NONE', #360, #1128, #145, .T. ) ;
#2807 = ORIENTED_EDGE ( 'NONE', *, *, #2102, .T. ) ;
#2808 = CYLINDRICAL_SURFACE ( 'NONE', #3292, 1.750000000000008438 ) ;
#2809 = CIRCLE ( 'NONE', #1880, 2.000000000000001776 ) ;
#2810 = CARTESIAN_POINT ( 'NONE',  ( 2.598076211353283593, -1.499999999999998890, -49.99999999999999289 ) ) ;
#2811 = ORIENTED_EDGE ( 'NONE', *, *, #1353, .F. ) ;
#2812 = EDGE_LOOP ( 'NONE', ( #866, #1332 ) ) ;
#2813 = ADVANCED_FACE ( 'NONE', ( #690 ), #984, .F. ) ;
#2814 = CARTESIAN_POINT ( 'NONE',  ( 37.00000000000000711, 43.15767664977237672, -60.00000000000000000 ) ) ;
#2815 = DIRECTION ( 'NONE',  ( -1.000000000000000000, -0.000000000000000000, -0.000000000000000000 ) ) ;
#2816 = VECTOR ( 'NONE', #2318, 1000.000000000000114 ) ;
#2817 = DIRECTION ( 'NONE',  ( 0.000000000000000000, 1.000000000000000000, 0.000000000000000000 ) ) ;
#2818 = ORIENTED_EDGE ( 'NONE', *, *, #2932, .F. ) ;
#2819 = VECTOR ( 'NONE', #1119, 1000.000000000000000 ) ;
#2820 = VECTOR ( 'NONE', #1303, 1000.000000000000114 ) ;
#2821 = AXIS2_PLACEMENT_3D ( 'NONE', #1072, #3023, #255 ) ;
#2822 = VERTEX_POINT ( 'NONE', #2074 ) ;
#2823 = ORIENTED_EDGE ( 'NONE', *, *, #2748, .F. ) ;
#2824 = EDGE_CURVE ( 'NONE', #3578, #398, #1817, .T. ) ;
#2825 = DIRECTION ( 'NONE',  ( -0.000000000000000000, 1.000000000000000000, -0.000000000000000000 ) ) ;
#2826 = CARTESIAN_POINT ( 'NONE',  ( 43.00000000000000000, 81.00000000000000000, -69.99999999999998579 ) ) ;
#2827 = CARTESIAN_POINT ( 'NONE',  ( 43.00000000000000000, 121.0000000000000142, -60.00000000000000000 ) ) ;
#2828 = ORIENTED_EDGE ( 'NONE', *, *, #1659, .F. ) ;
#2829 = AXIS2_PLACEMENT_3D ( 'NONE', #3066, #3371, #297 ) ;
#2830 = CARTESIAN_POINT ( 'NONE',  ( 37.00000000000000711, 126.0000000000000000, -49.99999999999998579 ) ) ;
#2831 = CARTESIAN_POINT ( 'NONE',  ( 43.00000000000000000, 121.0000000000000142, -60.00000000000000000 ) ) ;
#2832 = VERTEX_POINT ( 'NONE', #2092 ) ;
#2833 = VERTEX_POINT ( 'NONE', #1801 ) ;
#2834 = CARTESIAN_POINT ( 'NONE',  ( 14.99999999999999645, 0.000000000000000000, -60.00000000000000000 ) ) ;
#2835 = DIRECTION ( 'NONE',  ( 0.000000000000000000, 0.000000000000000000, -1.000000000000000000 ) ) ;
#2836 = CIRCLE ( 'NONE', #1383, 1.750000000000008438 ) ;
#2837 = FACE_OUTER_BOUND ( 'NONE', #2453, .T. ) ;
#2838 = ORIENTED_EDGE ( 'NONE', *, *, #920, .F. ) ;
#2839 = AXIS2_PLACEMENT_3D ( 'NONE', #3254, #2209, #2156 ) ;
#2840 = ORIENTED_EDGE ( 'NONE', *, *, #3353, .F. ) ;
#2841 = EDGE_CURVE ( 'NONE', #2051, #3589, #454, .T. ) ;
#2842 = VERTEX_POINT ( 'NONE', #2111 ) ;
#2843 = CARTESIAN_POINT ( 'NONE',  ( 38.99999999999999289, 6.000000000000000000, -43.00000000000000000 ) ) ;
#2844 = LINE ( 'NONE', #338, #78 ) ;
#2845 = VECTOR ( 'NONE', #301, 1000.000000000000000 ) ;
#2846 = DIRECTION ( 'NONE',  ( -0.5000000000000036637, -0.8660254037844364872, 0.000000000000000000 ) ) ;
#2847 = EDGE_LOOP ( 'NONE', ( #484, #340, #271, #1786 ) ) ;
#2848 = LINE ( 'NONE', #358, #1510 ) ;
#2849 = DIRECTION ( 'NONE',  ( 0.000000000000000000, 0.000000000000000000, 1.000000000000000000 ) ) ;
#2850 = ORIENTED_EDGE ( 'NONE', *, *, #1405, .F. ) ;
#2851 = ORIENTED_EDGE ( 'NONE', *, *, #3281, .T. ) ;
#2852 = ADVANCED_FACE ( 'NONE', ( #3206 ), #3224, .F. ) ;
#2853 = DIRECTION ( 'NONE',  ( -0.5000000000000041078, -0.8660254037844362651, 0.000000000000000000 ) ) ;
#2854 = DIRECTION ( 'NONE',  ( 0.000000000000000000, 0.000000000000000000, -1.000000000000000000 ) ) ;
#2855 = CIRCLE ( 'NONE', #997, 3.000000000000003553 ) ;
#2856 = LINE ( 'NONE', #1127, #1355 ) ;
#2857 = EDGE_CURVE ( 'NONE', #1677, #464, #2930, .T. ) ;
#2858 = VECTOR ( 'NONE', #165, 1000.000000000000000 ) ;
#2859 = AXIS2_PLACEMENT_3D ( 'NONE', #1828, #935, #413 ) ;
#2860 = ORIENTED_EDGE ( 'NONE', *, *, #747, .T. ) ;
#2861 = ORIENTED_EDGE ( 'NONE', *, *, #3579, .T. ) ;
#2862 = EDGE_CURVE ( 'NONE', #2833, #3542, #3448, .T. ) ;
#2863 = CARTESIAN_POINT ( 'NONE',  ( 43.00000000000000000, 129.0000000000000284, -89.50000000000002842 ) ) ;
#2864 = DIRECTION ( 'NONE',  ( -0.5000000000000042188, -0.8660254037844361541, 0.000000000000000000 ) ) ;
#2865 = ADVANCED_FACE ( 'NONE', ( #1940 ), #3309, .F. ) ;
#2866 = CARTESIAN_POINT ( 'NONE',  ( 0.000000000000000000, 6.000000000000000000, -60.00000000000000000 ) ) ;
#2867 = ORIENTED_EDGE ( 'NONE', *, *, #1124, .F. ) ;
#2868 = AXIS2_PLACEMENT_3D ( 'NONE', #3552, #3263, #223 ) ;
#2869 = FACE_OUTER_BOUND ( 'NONE', #712, .T. ) ;
#2870 = DIRECTION ( 'NONE',  ( 0.8660254037844362651, -0.5000000000000043299, 0.000000000000000000 ) ) ;
#2871 = ORIENTED_EDGE ( 'NONE', *, *, #967, .T. ) ;
#2872 = EDGE_LOOP ( 'NONE', ( #2562, #1975 ) ) ;
#2873 = EDGE_CURVE ( 'NONE', #2355, #1229, #3002, .T. ) ;
#2874 = CARTESIAN_POINT ( 'NONE',  ( 17.99999999999999645, 0.000000000000000000, -0.000000000000000000 ) ) ;
#2875 = DIRECTION ( 'NONE',  ( 0.000000000000000000, 1.000000000000000000, -0.000000000000000000 ) ) ;
#2876 = DIRECTION ( 'NONE',  ( 0.000000000000000000, 0.000000000000000000, -1.000000000000000000 ) ) ;
#2877 = UNCERTAINTY_MEASURE_WITH_UNIT (LENGTH_MEASURE( 1.000000000000000082E-05 ), #527, 'distance_accuracy_value', 'NONE');
#2878 = EDGE_CURVE ( 'NONE', #1627, #3103, #827, .T. ) ;
#2879 = VECTOR ( 'NONE', #2471, 1000.000000000000114 ) ;
#2880 = ORIENTED_EDGE ( 'NONE', *, *, #1678, .T. ) ;
#2881 = VERTEX_POINT ( 'NONE', #3582 ) ;
#2882 = VECTOR ( 'NONE', #1831, 1000.000000000000114 ) ;
#2883 = VECTOR ( 'NONE', #3312, 1000.000000000000000 ) ;
#2884 = CIRCLE ( 'NONE', #1665, 10.00000000000000000 ) ;
#2885 = CARTESIAN_POINT ( 'NONE',  ( 43.00000000000000000, 80.00000000000001421, -3.249999999999996891 ) ) ;
#2886 = DIRECTION ( 'NONE',  ( 0.000000000000000000, 1.000000000000000000, 0.000000000000000000 ) ) ;
#2887 = LINE ( 'NONE', #2922, #2816 ) ;
#2888 = EDGE_CURVE ( 'NONE', #1178, #2016, #2243, .T. ) ;
#2889 = ORIENTED_EDGE ( 'NONE', *, *, #214, .T. ) ;
#2890 = DIRECTION ( 'NONE',  ( -0.000000000000000000, -0.000000000000000000, -1.000000000000000000 ) ) ;
#2891 = CARTESIAN_POINT ( 'NONE',  ( 43.00000000000000000, 56.00000000000000711, 3.098369423575436481E-14 ) ) ;
#2892 = ORIENTED_EDGE ( 'NONE', *, *, #233, .F. ) ;
#2893 = EDGE_LOOP ( 'NONE', ( #274, #2406, #1052, #2800 ) ) ;
#2894 = AXIS2_PLACEMENT_3D ( 'NONE', #799, #817, #1381 ) ;
#2895 = DIRECTION ( 'NONE',  ( 0.000000000000000000, 0.000000000000000000, 1.000000000000000000 ) ) ;
#2896 = CARTESIAN_POINT ( 'NONE',  ( 43.00000000000000000, 71.00000000000001421, 34.99999999999999289 ) ) ;
#2897 = LINE ( 'NONE', #2623, #3213 ) ;
#2898 = VECTOR ( 'NONE', #1036, 1000.000000000000000 ) ;
#2899 = ORIENTED_EDGE ( 'NONE', *, *, #1385, .F. ) ;
#2900 = EDGE_LOOP ( 'NONE', ( #3362, #2915, #2007, #706, #1301, #50, #177, #1913, #2644, #936 ) ) ;
#2901 = DIRECTION ( 'NONE',  ( 0.000000000000000000, 0.000000000000000000, -1.000000000000000000 ) ) ;
#2902 = DIRECTION ( 'NONE',  ( -0.000000000000000000, 1.000000000000000000, -0.000000000000000000 ) ) ;
#2903 = CARTESIAN_POINT ( 'NONE',  ( -7.333176101748297704, -6.701433589077796071, -9.470199780789744892 ) ) ;
#2904 = EDGE_CURVE ( 'NONE', #726, #2997, #2178, .T. ) ;
#2905 = EDGE_CURVE ( 'NONE', #2203, #2670, #2456, .T. ) ;
#2906 = ORIENTED_EDGE ( 'NONE', *, *, #855, .F. ) ;
#2907 = AXIS2_PLACEMENT_3D ( 'NONE', #3143, #915, #394 ) ;
#2908 = CARTESIAN_POINT ( 'NONE',  ( 23.99999999999999289, 0.000000000000000000, 2.249999999999988898 ) ) ;
#2909 = CARTESIAN_POINT ( 'NONE',  ( 29.62787643056333664, 45.31698729810764803, 2.000000000000019096 ) ) ;
#2910 = ORIENTED_EDGE ( 'NONE', *, *, #1623, .T. ) ;
#2911 = ORIENTED_EDGE ( 'NONE', *, *, #1184, .T. ) ;
#2912 = CARTESIAN_POINT ( 'NONE',  ( 43.00000000000000000, 81.00000000000000000, 10.00000000000000178 ) ) ;
#2913 = CARTESIAN_POINT ( 'NONE',  ( 0.000000000000000000, 6.000000000000000000, -60.00000000000000000 ) ) ;
#2914 = ADVANCED_FACE ( 'NONE', ( #538 ), #1597, .T. ) ;
#2915 = ORIENTED_EDGE ( 'NONE', *, *, #924, .T. ) ;
#2916 = DIRECTION ( 'NONE',  ( 0.000000000000000000, 0.000000000000000000, 1.000000000000000000 ) ) ;
#2917 = VERTEX_POINT ( 'NONE', #1670 ) ;
#2918 = ORIENTED_EDGE ( 'NONE', *, *, #895, .F. ) ;
#2919 = VECTOR ( 'NONE', #2646, 1000.000000000000000 ) ;
#2920 = LINE ( 'NONE', #2885, #44 ) ;
#2921 = DIRECTION ( 'NONE',  ( -1.000000000000000000, -0.000000000000000000, -0.000000000000000000 ) ) ;
#2922 = CARTESIAN_POINT ( 'NONE',  ( 9.271469970012367057, 42.05865704891017032, -49.99999999999999289 ) ) ;
#2923 = ORIENTED_EDGE ( 'NONE', *, *, #2717, .T. ) ;
#2924 = FACE_OUTER_BOUND ( 'NONE', #2005, .T. ) ;
#2925 = DIRECTION ( 'NONE',  ( -0.000000000000000000, -1.000000000000000000, 0.000000000000000000 ) ) ;
#2926 = ORIENTED_EDGE ( 'NONE', *, *, #399, .T. ) ;
#2927 = ORIENTED_EDGE ( 'NONE', *, *, #2107, .T. ) ;
#2928 = VECTOR ( 'NONE', #2799, 1000.000000000000114 ) ;
#2929 = CARTESIAN_POINT ( 'NONE',  ( 23.12787643056335085, 34.05865704891009926, -60.00000000000000000 ) ) ;
#2930 = LINE ( 'NONE', #2896, #3170 ) ;
#2931 = ORIENTED_EDGE ( 'NONE', *, *, #884, .T. ) ;
#2932 = EDGE_CURVE ( 'NONE', #2398, #631, #1078, .T. ) ;
#2933 = DIRECTION ( 'NONE',  ( -1.000000000000000000, 0.000000000000000000, 0.000000000000000000 ) ) ;
#2934 = ORIENTED_EDGE ( 'NONE', *, *, #3507, .T. ) ;
#2935 = ORIENTED_EDGE ( 'NONE', *, *, #2888, .F. ) ;
#2936 = EDGE_CURVE ( 'NONE', #1207, #1743, #1376, .T. ) ;
#2937 = DIRECTION ( 'NONE',  ( 0.000000000000000000, 0.000000000000000000, 1.000000000000000000 ) ) ;
#2938 = EDGE_CURVE ( 'NONE', #2057, #1366, #3599, .T. ) ;
#2939 = DIRECTION ( 'NONE',  ( -0.000000000000000000, 1.000000000000000000, -0.000000000000000000 ) ) ;
#2940 = AXIS2_PLACEMENT_3D ( 'NONE', #470, #999, #402 ) ;
#2941 = EDGE_LOOP ( 'NONE', ( #1856, #1419 ) ) ;
#2942 = CARTESIAN_POINT ( 'NONE',  ( 33.00000000000000000, 51.15767664977237672, 34.99999999999999289 ) ) ;
#2943 = AXIS2_PLACEMENT_3D ( 'NONE', #3381, #868, #2509 ) ;
#2944 = CARTESIAN_POINT ( 'NONE',  ( 32.99999999999999289, 131.0000000000000000, -3.249999999999998668 ) ) ;
#2945 = ORIENTED_EDGE ( 'NONE', *, *, #977, .F. ) ;
#2946 = ORIENTED_EDGE ( 'NONE', *, *, #1413, .T. ) ;
#2947 = FACE_OUTER_BOUND ( 'NONE', #1106, .T. ) ;
#2948 = CARTESIAN_POINT ( 'NONE',  ( 43.00000000000000000, 131.0000000000000000, -55.00000000000000000 ) ) ;
#2949 = ORIENTED_EDGE ( 'NONE', *, *, #1649, .F. ) ;
#2950 = EDGE_CURVE ( 'NONE', #3467, #980, #813, .T. ) ;
#2951 = CIRCLE ( 'NONE', #561, 1.750000000000001554 ) ;
#2952 = CARTESIAN_POINT ( 'NONE',  ( 9.271469970012359951, 42.05865704891015611, -9.999999999999966249 ) ) ;
#2953 = ORIENTED_EDGE ( 'NONE', *, *, #2878, .F. ) ;
#2954 = EDGE_LOOP ( 'NONE', ( #767, #639, #774, #3086, #1506, #3541, #1567, #414 ) ) ;
#2955 = DIRECTION ( 'NONE',  ( -0.000000000000000000, -0.000000000000000000, 1.000000000000000000 ) ) ;
#2956 = CIRCLE ( 'NONE', #3304, 1.750000000000015543 ) ;
#2957 = FACE_OUTER_BOUND ( 'NONE', #488, .T. ) ;
#2958 = ORIENTED_EDGE ( 'NONE', *, *, #704, .F. ) ;
#2959 = CARTESIAN_POINT ( 'NONE',  ( 33.00000000000000000, 39.15767664977232698, 34.99999999999999289 ) ) ;
#2960 = CYLINDRICAL_SURFACE ( 'NONE', #2859, 9.999999999999994671 ) ;
#2961 = VERTEX_POINT ( 'NONE', #2980 ) ;
#2962 = ORIENTED_EDGE ( 'NONE', *, *, #2321, .F. ) ;
#2963 = CARTESIAN_POINT ( 'NONE',  ( 37.00000000000000711, 51.15767664977237672, -60.00000000000000000 ) ) ;
#2964 = CARTESIAN_POINT ( 'NONE',  ( 23.99999999999999289, 6.000000000000000000, -65.75000000000001421 ) ) ;
#2965 = ORIENTED_EDGE ( 'NONE', *, *, #2841, .T. ) ;
#2966 = FACE_BOUND ( 'NONE', #122, .T. ) ;
#2967 = EDGE_CURVE ( 'NONE', #707, #3033, #505, .T. ) ;
#2968 = CARTESIAN_POINT ( 'NONE',  ( 23.99999999999999289, 6.000000000000000000, 4.000000000000000888 ) ) ;
#2969 = ORIENTED_EDGE ( 'NONE', *, *, #1085, .F. ) ;
#2970 = LINE ( 'NONE', #2117, #645 ) ;
#2971 = CARTESIAN_POINT ( 'NONE',  ( 2.598076211353291143, -1.500000000000002220, 7.477644423412694073E-15 ) ) ;
#2972 = EDGE_CURVE ( 'NONE', #1562, #1857, #2195, .T. ) ;
#2973 = CARTESIAN_POINT ( 'NONE',  ( 0.000000000000000000, 6.000000000000000000, -60.00000000000000000 ) ) ;
#2974 = EDGE_CURVE ( 'NONE', #1864, #2402, #285, .T. ) ;
#2975 = VECTOR ( 'NONE', #1100, 1000.000000000000000 ) ;
#2976 = CARTESIAN_POINT ( 'NONE',  ( 43.00000000000000000, 63.00000000000002842, 29.50000000000000711 ) ) ;
#2977 = VERTEX_POINT ( 'NONE', #3036 ) ;
#2978 = ORIENTED_EDGE ( 'NONE', *, *, #1374, .F. ) ;
#2979 = CARTESIAN_POINT ( 'NONE',  ( 23.99999999999999289, 6.000000000000000000, 2.249999999999988898 ) ) ;
#2980 = CARTESIAN_POINT ( 'NONE',  ( 32.99999999999999289, 81.00000000000000000, -60.00000000000000000 ) ) ;
#2981 = VECTOR ( 'NONE', #1924, 1000.000000000000000 ) ;
#2982 = CARTESIAN_POINT ( 'NONE',  ( 32.99999999999999289, 126.0000000000000000, 1.224646799147353256E-15 ) ) ;
#2983 = ORIENTED_EDGE ( 'NONE', *, *, #2104, .T. ) ;
#2984 = EDGE_CURVE ( 'NONE', #1128, #1229, #2504, .T. ) ;
#2985 = CARTESIAN_POINT ( 'NONE',  ( 32.99999999999999289, 80.00000000000001421, -5.000000000000005329 ) ) ;
#2986 = DIRECTION ( 'NONE',  ( 1.000000000000000000, -0.000000000000000000, -0.000000000000000000 ) ) ;
#2987 = LINE ( 'NONE', #2733, #2989 ) ;
#2988 = EDGE_LOOP ( 'NONE', ( #181, #620, #2923, #2572 ) ) ;
#2989 = VECTOR ( 'NONE', #3278, 1000.000000000000000 ) ;
#2990 = CARTESIAN_POINT ( 'NONE',  ( 43.00000000000000000, 51.15767664977237672, -49.99999999999999289 ) ) ;
#2991 = CARTESIAN_POINT ( 'NONE',  ( 38.99999999999999289, 80.00000000000001421, -1.999999999999988676 ) ) ;
#2992 = FACE_OUTER_BOUND ( 'NONE', #2536, .T. ) ;
#2993 = CIRCLE ( 'NONE', #1888, 3.000000000000000000 ) ;
#2994 = LINE ( 'NONE', #1862, #2975 ) ;
#2995 = EDGE_LOOP ( 'NONE', ( #693, #2838, #1168, #1466 ) ) ;
#2996 = VECTOR ( 'NONE', #1922, 1000.000000000000000 ) ;
#2997 = VERTEX_POINT ( 'NONE', #1653 ) ;
#2998 = PLANE ( 'NONE',  #2999 ) ;
#2999 = AXIS2_PLACEMENT_3D ( 'NONE', #2417, #1053, #1087 ) ;
#3000 = AXIS2_PLACEMENT_3D ( 'NONE', #1570, #2170, #3284 ) ;
#3001 = VECTOR ( 'NONE', #1603, 1000.000000000000000 ) ;
#3002 = LINE ( 'NONE', #1325, #2008 ) ;
#3003 = LINE ( 'NONE', #3259, #655 ) ;
#3004 = EDGE_CURVE ( 'NONE', #432, #2078, #3324, .T. ) ;
#3005 = ORIENTED_EDGE ( 'NONE', *, *, #1079, .F. ) ;
#3006 = DIRECTION ( 'NONE',  ( -1.000000000000000000, 0.000000000000000000, 0.000000000000000000 ) ) ;
#3007 = CARTESIAN_POINT ( 'NONE',  ( -0.07883832488599366861, 6.078838324885992961, 0.000000000000000000 ) ) ;
#3008 = CARTESIAN_POINT ( 'NONE',  ( 43.00000000000000000, 129.0000000000000284, 25.49999999999998224 ) ) ;
#3009 = AXIS2_PLACEMENT_3D ( 'NONE', #278, #1424, #1386 ) ;
#3010 = LINE ( 'NONE', #243, #2041 ) ;
#3011 = DIRECTION ( 'NONE',  ( 0.000000000000000000, 0.000000000000000000, 1.000000000000000000 ) ) ;
#3012 = CARTESIAN_POINT ( 'NONE',  ( 32.99999999999999289, 131.0000000000000000, -5.000000000000000000 ) ) ;
#3013 = CARTESIAN_POINT ( 'NONE',  ( 38.99999999999999289, 131.0000000000000000, -5.000000000000000000 ) ) ;
#3014 = EDGE_CURVE ( 'NONE', #3171, #2289, #235, .T. ) ;
#3015 = EDGE_CURVE ( 'NONE', #1139, #919, #786, .T. ) ;
#3016 = VERTEX_POINT ( 'NONE', #14 ) ;
#3017 = VECTOR ( 'NONE', #1065, 1000.000000000000000 ) ;
#3018 = ADVANCED_FACE ( 'NONE', ( #2234 ), #1962, .F. ) ;
#3019 = DIRECTION ( 'NONE',  ( 0.000000000000000000, -1.000000000000000000, 0.000000000000000000 ) ) ;
#3020 = CARTESIAN_POINT ( 'NONE',  ( 39.99999999999999289, 6.000000000000000000, -68.00000000000000000 ) ) ;
#3021 = CARTESIAN_POINT ( 'NONE',  ( 25.43172400785672949, 50.04903810567655853, 2.000000000000019096 ) ) ;
#3022 = ORIENTED_EDGE ( 'NONE', *, *, #3499, .F. ) ;
#3023 = DIRECTION ( 'NONE',  ( 1.000000000000000000, -0.000000000000000000, -0.000000000000000000 ) ) ;
#3024 = EDGE_CURVE ( 'NONE', #142, #1958, #573, .T. ) ;
#3025 = DIRECTION ( 'NONE',  ( 1.000000000000000000, -0.000000000000000000, -6.938893903907227392E-16 ) ) ;
#3026 = SURFACE_STYLE_FILL_AREA ( #3059 ) ;
#3027 = VERTEX_POINT ( 'NONE', #303 ) ;
#3028 = CARTESIAN_POINT ( 'NONE',  ( 37.00000000000000711, 51.15767664977237672, 34.99999999999999289 ) ) ;
#3029 = CARTESIAN_POINT ( 'NONE',  ( 0.000000000000000000, 6.000000000000000000, 0.000000000000000000 ) ) ;
#3030 = FACE_BOUND ( 'NONE', #1193, .T. ) ;
#3031 = VECTOR ( 'NONE', #3496, 1000.000000000000000 ) ;
#3032 = CARTESIAN_POINT ( 'NONE',  ( 32.99999999999999289, 63.00000000000002842, 25.49999999999997513 ) ) ;
#3033 = VERTEX_POINT ( 'NONE', #2792 ) ;
#3034 = VECTOR ( 'NONE', #602, 1000.000000000000000 ) ;
#3035 = CARTESIAN_POINT ( 'NONE',  ( 32.99999999999999289, 136.0000000000000000, -95.00000000000001421 ) ) ;
#3036 = CARTESIAN_POINT ( 'NONE',  ( 32.99999999999999289, 121.0000000000000142, 10.00000000000000000 ) ) ;
#3037 = EDGE_CURVE ( 'NONE', #996, #2729, #847, .T. ) ;
#3038 = CARTESIAN_POINT ( 'NONE',  ( 38.99999999999999289, 0.000000000000000000, -41.24999999999998579 ) ) ;
#3039 = ORIENTED_EDGE ( 'NONE', *, *, #1269, .F. ) ;
#3040 = LINE ( 'NONE', #2747, #1312 ) ;
#3041 = DIRECTION ( 'NONE',  ( 1.000000000000000000, -0.000000000000000000, -0.000000000000000000 ) ) ;
#3042 = EDGE_CURVE ( 'NONE', #474, #1704, #2056, .T. ) ;
#3043 = FACE_BOUND ( 'NONE', #3327, .T. ) ;
#3044 = CARTESIAN_POINT ( 'NONE',  ( 43.00000000000000000, 131.0000000000000000, -5.000000000000000000 ) ) ;
#3045 = EDGE_CURVE ( 'NONE', #657, #360, #2367, .T. ) ;
#3046 = DIRECTION ( 'NONE',  ( -1.000000000000000000, 0.000000000000000000, 1.734723475976806848E-16 ) ) ;
#3047 = CARTESIAN_POINT ( 'NONE',  ( 32.99999999999999289, 129.0000000000000284, 27.49999999999998224 ) ) ;
#3048 = ORIENTED_EDGE ( 'NONE', *, *, #2375, .T. ) ;
#3049 = CYLINDRICAL_SURFACE ( 'NONE', #2616, 2.000000000000014655 ) ;
#3050 = DIRECTION ( 'NONE',  ( -0.3535533905932750076, -0.6123724356957895854, -0.7071067811865511255 ) ) ;
#3051 = AXIS2_PLACEMENT_3D ( 'NONE', #129, #709, #2421 ) ;
#3052 = PLANE ( 'NONE',  #480 ) ;
#3053 = ORIENTED_EDGE ( 'NONE', *, *, #3253, .T. ) ;
#3054 = ORIENTED_EDGE ( 'NONE', *, *, #1566, .F. ) ;
#3055 = VECTOR ( 'NONE', #541, 1000.000000000000000 ) ;
#3056 = AXIS2_PLACEMENT_3D ( 'NONE', #1729, #3382, #1747 ) ;
#3057 = LINE ( 'NONE', #2164, #2883 ) ;
#3058 = CARTESIAN_POINT ( 'NONE',  ( 43.00000000000000000, 63.00000000000002842, 27.49999999999998934 ) ) ;
#3059 = FILL_AREA_STYLE ('',( #1074 ) ) ;
#3060 = EDGE_CURVE ( 'NONE', #2519, #2997, #3577, .T. ) ;
#3061 = ORIENTED_EDGE ( 'NONE', *, *, #19, .T. ) ;
#3062 = EDGE_CURVE ( 'NONE', #432, #3445, #2095, .T. ) ;
#3063 = DIRECTION ( 'NONE',  ( 1.000000000000000000, 0.000000000000000000, -6.938893903907228378E-16 ) ) ;
#3064 = ORIENTED_EDGE ( 'NONE', *, *, #3045, .T. ) ;
#3065 = AXIS2_PLACEMENT_3D ( 'NONE', #3594, #1208, #641 ) ;
#3066 = CARTESIAN_POINT ( 'NONE',  ( 25.43172400785672949, 50.04903810567655853, 2.000000000000019096 ) ) ;
#3067 = CARTESIAN_POINT ( 'NONE',  ( 37.00000000000000711, 51.15767664977237672, -60.00000000000000000 ) ) ;
#3068 = EDGE_LOOP ( 'NONE', ( #2211, #2337, #865, #850, #1501, #3245, #2277, #2452, #1825, #3256, #2576, #3136, #2655, #2946 ) ) ;
#3069 = PLANE ( 'NONE',  #1973 ) ;
#3070 = DIRECTION ( 'NONE',  ( -0.8660254037844362651, 0.5000000000000041078, 0.000000000000000000 ) ) ;
#3071 = VECTOR ( 'NONE', #2565, 1000.000000000000114 ) ;
#3072 = CARTESIAN_POINT ( 'NONE',  ( 43.00000000000000000, 71.00000000000001421, -69.99999999999998579 ) ) ;
#3073 = ORIENTED_EDGE ( 'NONE', *, *, #1347, .T. ) ;
#3074 = ORIENTED_EDGE ( 'NONE', *, *, #2604, .T. ) ;
#3075 = DIRECTION ( 'NONE',  ( 1.000000000000000000, 0.000000000000000000, 0.000000000000000000 ) ) ;
#3076 = CARTESIAN_POINT ( 'NONE',  ( 37.00000000000000711, 51.15767664977237672, -9.999999999999980460 ) ) ;
#3077 = CARTESIAN_POINT ( 'NONE',  ( 23.99999999999999289, 6.000000000000000000, 4.000000000000000888 ) ) ;
#3078 = EDGE_LOOP ( 'NONE', ( #2584, #317, #3428, #2671 ) ) ;
#3079 = EDGE_CURVE ( 'NONE', #93, #3027, #1819, .T. ) ;
#3080 = EDGE_CURVE ( 'NONE', #627, #2729, #3401, .T. ) ;
#3081 = ORIENTED_EDGE ( 'NONE', *, *, #918, .T. ) ;
#3082 = DIRECTION ( 'NONE',  ( -1.000000000000000000, 0.000000000000000000, 0.000000000000000000 ) ) ;
#3083 = FACE_OUTER_BOUND ( 'NONE', #2812, .T. ) ;
#3084 = CARTESIAN_POINT ( 'NONE',  ( 32.99999999999999289, 131.0000000000000000, -55.00000000000000000 ) ) ;
#3085 = EDGE_CURVE ( 'NONE', #1469, #1389, #265, .T. ) ;
#3086 = ORIENTED_EDGE ( 'NONE', *, *, #2498, .F. ) ;
#3087 = DIRECTION ( 'NONE',  ( 0.000000000000000000, 0.000000000000000000, 1.000000000000000000 ) ) ;
#3088 = DIRECTION ( 'NONE',  ( 1.000000000000000000, -0.000000000000000000, -0.000000000000000000 ) ) ;
#3089 = VERTEX_POINT ( 'NONE', #1548 ) ;
#3090 = ORIENTED_EDGE ( 'NONE', *, *, #1722, .F. ) ;
#3091 = AXIS2_PLACEMENT_3D ( 'NONE', #1223, #2333, #3440 ) ;
#3092 = PRODUCT ( '\X2\57fa7ad9652f67b6\X0\', '\X2\57fa7ad9652f67b6\X0\', '', ( #1711 ) ) ;
#3093 = CARTESIAN_POINT ( 'NONE',  ( 32.99999999999999289, 63.00000000000002842, -89.50000000000004263 ) ) ;
#3094 = LINE ( 'NONE', #1763, #2124 ) ;
#3095 = EDGE_CURVE ( 'NONE', #102, #3321, #2660, .T. ) ;
#3096 = CARTESIAN_POINT ( 'NONE',  ( 39.99999999999999289, 6.000000000000000000, 5.000000000000000888 ) ) ;
#3097 = ORIENTED_EDGE ( 'NONE', *, *, #2368, .F. ) ;
#3098 = VERTEX_POINT ( 'NONE', #1274 ) ;
#3099 = ORIENTED_EDGE ( 'NONE', *, *, #2450, .T. ) ;
#3100 = CARTESIAN_POINT ( 'NONE',  ( 43.00000000000000000, 126.0000000000000000, -10.00000000000000000 ) ) ;
#3101 = DIRECTION ( 'NONE',  ( 0.000000000000000000, 0.000000000000000000, 1.000000000000000000 ) ) ;
#3102 = DIRECTION ( 'NONE',  ( 0.000000000000000000, 0.000000000000000000, -1.000000000000000000 ) ) ;
#3103 = VERTEX_POINT ( 'NONE', #1837 ) ;
#3104 = DIRECTION ( 'NONE',  ( -0.8660254037844361541, 0.5000000000000042188, -0.000000000000000000 ) ) ;
#3105 = LINE ( 'NONE', #376, #1038 ) ;
#3106 = ORIENTED_EDGE ( 'NONE', *, *, #3085, .F. ) ;
#3107 = EDGE_LOOP ( 'NONE', ( #393, #2880, #1710, #1037 ) ) ;
#3108 = DIRECTION ( 'NONE',  ( 0.000000000000000000, 0.000000000000000000, 1.000000000000000000 ) ) ;
#3109 = LINE ( 'NONE', #652, #2532 ) ;
#3110 = VECTOR ( 'NONE', #1173, 1000.000000000000000 ) ;
#3111 = EDGE_CURVE ( 'NONE', #1429, #2881, #1255, .T. ) ;
#3112 = FACE_OUTER_BOUND ( 'NONE', #2462, .T. ) ;
#3113 = ORIENTED_EDGE ( 'NONE', *, *, #2974, .T. ) ;
#3114 = VECTOR ( 'NONE', #216, 1000.000000000000000 ) ;
#3115 = AXIS2_PLACEMENT_3D ( 'NONE', #798, #1891, #3532 ) ;
#3116 = APPLICATION_PROTOCOL_DEFINITION ( 'draft international standard', 'automotive_design', 1998, #1116 ) ;
#3117 = ORIENTED_EDGE ( 'NONE', *, *, #1536, .T. ) ;
#3118 = ORIENTED_EDGE ( 'NONE', *, *, #3451, .T. ) ;
#3119 = DIRECTION ( 'NONE',  ( -0.000000000000000000, 1.000000000000000000, 0.000000000000000000 ) ) ;
#3120 = LINE ( 'NONE', #893, #531 ) ;
#3121 = DIRECTION ( 'NONE',  ( 1.000000000000000000, 0.000000000000000000, 0.000000000000000000 ) ) ;
#3122 = EDGE_CURVE ( 'NONE', #2525, #988, #2114, .T. ) ;
#3123 = ORIENTED_EDGE ( 'NONE', *, *, #2450, .F. ) ;
#3124 = AXIS2_PLACEMENT_3D ( 'NONE', #1114, #549, #3336 ) ;
#3125 = CARTESIAN_POINT ( 'NONE',  ( 32.99999999999999289, 121.0000000000000142, -60.00000000000000000 ) ) ;
#3126 = PLANE ( 'NONE',  #983 ) ;
#3127 = ORIENTED_EDGE ( 'NONE', *, *, #2637, .T. ) ;
#3128 = ADVANCED_FACE ( 'NONE', ( #457, #2966, #3510, #2676, #182 ), #1291, .F. ) ;
#3129 = ORIENTED_EDGE ( 'NONE', *, *, #857, .F. ) ;
#3130 = DIRECTION ( 'NONE',  ( 0.8660254037844362651, -0.5000000000000041078, -0.000000000000000000 ) ) ;
#3131 = CYLINDRICAL_SURFACE ( 'NONE', #3348, 3.000000000000002665 ) ;
#3132 = CIRCLE ( 'NONE', #3595, 3.000000000000016431 ) ;
#3133 = CARTESIAN_POINT ( 'NONE',  ( 32.99999999999999289, 129.0000000000000284, -87.50000000000002842 ) ) ;
#3134 = EDGE_CURVE ( 'NONE', #2611, #1759, #965, .T. ) ;
#3135 = APPLICATION_PROTOCOL_DEFINITION ( 'draft international standard', 'automotive_design', 1998, #308 ) ;
#3136 = ORIENTED_EDGE ( 'NONE', *, *, #806, .T. ) ;
#3137 = ORIENTED_EDGE ( 'NONE', *, *, #333, .F. ) ;
#3138 = CARTESIAN_POINT ( 'NONE',  ( 39.00000000000000000, 6.000000000000000000, -17.00000000000000000 ) ) ;
#3139 = CARTESIAN_POINT ( 'NONE',  ( 43.00000000000000000, 63.00000000000002842, 25.49999999999997513 ) ) ;
#3140 = AXIS2_PLACEMENT_3D ( 'NONE', #481, #2699, #3539 ) ;
#3141 = DIRECTION ( 'NONE',  ( 1.000000000000000000, -0.000000000000000000, -0.000000000000000000 ) ) ;
#3142 = ORIENTED_EDGE ( 'NONE', *, *, #2104, .F. ) ;
#3143 = CARTESIAN_POINT ( 'NONE',  ( 43.00000000000000000, 63.00000000000002842, -87.50000000000002842 ) ) ;
#3144 = DIRECTION ( 'NONE',  ( 1.000000000000000000, 0.000000000000000000, 0.000000000000000000 ) ) ;
#3145 = EDGE_LOOP ( 'NONE', ( #3492, #2724, #1289, #1027 ) ) ;
#3146 = ORIENTED_EDGE ( 'NONE', *, *, #1732, .F. ) ;
#3147 = EDGE_CURVE ( 'NONE', #677, #2535, #403, .T. ) ;
#3148 = CARTESIAN_POINT ( 'NONE',  ( 12.93172400785668152, 28.39840301106575282, 1.224646799147353651E-15 ) ) ;
#3149 = CARTESIAN_POINT ( 'NONE',  ( 32.99999999999999289, 71.00000000000001421, -69.99999999999998579 ) ) ;
#3150 = FACE_OUTER_BOUND ( 'NONE', #2486, .T. ) ;
#3151 = DIRECTION ( 'NONE',  ( 0.000000000000000000, 0.000000000000000000, 1.000000000000000000 ) ) ;
#3152 = EDGE_CURVE ( 'NONE', #1216, #1343, #1511, .T. ) ;
#3153 = AXIS2_PLACEMENT_3D ( 'NONE', #2069, #157, #1778 ) ;
#3154 = ORIENTED_EDGE ( 'NONE', *, *, #110, .F. ) ;
#3155 = EDGE_LOOP ( 'NONE', ( #3493, #2272, #2387, #1285 ) ) ;
#3156 = VECTOR ( 'NONE', #1455, 1000.000000000000000 ) ;
#3157 = CARTESIAN_POINT ( 'NONE',  ( 32.99999999999999289, 80.00000000000001421, -56.75000000000000711 ) ) ;
#3158 = CARTESIAN_POINT ( 'NONE',  ( 38.99999999999999289, 80.00000000000001421, -51.99999999999998579 ) ) ;
#3159 = CARTESIAN_POINT ( 'NONE',  ( 39.00000000000000000, 0.000000000000000000, -18.75000000000001776 ) ) ;
#3160 = VERTEX_POINT ( 'NONE', #1784 ) ;
#3161 = CARTESIAN_POINT ( 'NONE',  ( 9.271469970012367057, 42.05865704891017032, -60.00000000000000000 ) ) ;
#3162 = DIRECTION ( 'NONE',  ( -1.000000000000000000, 0.000000000000000000, 0.000000000000000000 ) ) ;
#3163 = ORIENTED_EDGE ( 'NONE', *, *, #704, .T. ) ;
#3164 = ORIENTED_EDGE ( 'NONE', *, *, #1002, .F. ) ;
#3165 = LINE ( 'NONE', #2052, #383 ) ;
#3166 = DIRECTION ( 'NONE',  ( 0.5000000000000042188, 0.8660254037844362651, 0.000000000000000000 ) ) ;
#3167 = CARTESIAN_POINT ( 'NONE',  ( 23.99999999999999289, 6.000000000000000000, -64.00000000000000000 ) ) ;
#3168 = AXIS2_PLACEMENT_3D ( 'NONE', #1465, #570, #87 ) ;
#3169 = EDGE_CURVE ( 'NONE', #1925, #1056, #2897, .T. ) ;
#3170 = VECTOR ( 'NONE', #162, 1000.000000000000000 ) ;
#3171 = VERTEX_POINT ( 'NONE', #1236 ) ;
#3172 = VERTEX_POINT ( 'NONE', #2345 ) ;
#3173 = ADVANCED_FACE ( 'NONE', ( #2077 ), #3189, .F. ) ;
#3174 = VECTOR ( 'NONE', #2672, 1000.000000000000000 ) ;
#3175 = AXIS2_PLACEMENT_3D ( 'NONE', #1980, #2292, #39 ) ;
#3176 = CIRCLE ( 'NONE', #2128, 3.000000000000015543 ) ;
#3177 = CYLINDRICAL_SURFACE ( 'NONE', #2603, 1.750000000000008438 ) ;
#3178 = CARTESIAN_POINT ( 'NONE',  ( 43.00000000000000000, 71.00000000000001421, 10.00000000000000178 ) ) ;
#3179 = CARTESIAN_POINT ( 'NONE',  ( 26.43172400785674370, 51.78108891324544771, 2.000000000000019540 ) ) ;
#3180 = ORIENTED_EDGE ( 'NONE', *, *, #1563, .T. ) ;
#3181 = ADVANCED_FACE ( 'NONE', ( #1153 ), #3391, .F. ) ;
#3182 = LINE ( 'NONE', #2598, #2034 ) ;
#3183 = PLANE ( 'NONE',  #185 ) ;
#3184 = EDGE_LOOP ( 'NONE', ( #1931, #2324, #1518, #1612, #374, #3403, #810, #2193, #2071, #230, #1005 ) ) ;
#3185 = VERTEX_POINT ( 'NONE', #2282 ) ;
#3186 = DIRECTION ( 'NONE',  ( -0.8660254037844361541, 0.5000000000000042188, -0.000000000000000000 ) ) ;
#3187 = LINE ( 'NONE', #725, #607 ) ;
#3188 = ORIENTED_EDGE ( 'NONE', *, *, #1858, .T. ) ;
#3189 = CYLINDRICAL_SURFACE ( 'NONE', #1000, 3.000000000000016431 ) ;
#3190 = VECTOR ( 'NONE', #1468, 1000.000000000000114 ) ;
#3191 = ORIENTED_EDGE ( 'NONE', *, *, #940, .T. ) ;
#3192 = VERTEX_POINT ( 'NONE', #86 ) ;
#3193 = AXIS2_PLACEMENT_3D ( 'NONE', #1632, #2139, #2739 ) ;
#3194 = EDGE_CURVE ( 'NONE', #830, #1216, #3120, .T. ) ;
#3195 = DIRECTION ( 'NONE',  ( -1.000000000000000000, -0.000000000000000000, -0.000000000000000000 ) ) ;
#3196 = LINE ( 'NONE', #1279, #2919 ) ;
#3197 = DIRECTION ( 'NONE',  ( -0.000000000000000000, -0.000000000000000000, 1.000000000000000000 ) ) ;
#3198 = ORIENTED_EDGE ( 'NONE', *, *, #1076, .F. ) ;
#3199 = VECTOR ( 'NONE', #1408, 1000.000000000000000 ) ;
#3200 = DIRECTION ( 'NONE',  ( -1.000000000000000000, -0.000000000000000000, -0.000000000000000000 ) ) ;
#3201 = DIRECTION ( 'NONE',  ( -1.000000000000000000, 0.000000000000000000, 0.000000000000000000 ) ) ;
#3202 = EDGE_LOOP ( 'NONE', ( #1731, #3456 ) ) ;
#3203 = EDGE_CURVE ( 'NONE', #1701, #791, #2613, .T. ) ;
#3204 = VERTEX_POINT ( 'NONE', #3158 ) ;
#3205 = LINE ( 'NONE', #2656, #3232 ) ;
#3206 = FACE_OUTER_BOUND ( 'NONE', #2666, .T. ) ;
#3207 = ORIENTED_EDGE ( 'NONE', *, *, #88, .T. ) ;
#3208 = EDGE_CURVE ( 'NONE', #3511, #3578, #2844, .T. ) ;
#3209 = DIRECTION ( 'NONE',  ( 0.8660254037844362651, -0.5000000000000041078, -0.000000000000000000 ) ) ;
#3210 = EDGE_CURVE ( 'NONE', #2997, #2519, #711, .T. ) ;
#3211 = ORIENTED_EDGE ( 'NONE', *, *, #2601, .F. ) ;
#3212 = ORIENTED_EDGE ( 'NONE', *, *, #2131, .F. ) ;
#3213 = VECTOR ( 'NONE', #132, 1000.000000000000000 ) ;
#3214 = DIRECTION ( 'NONE',  ( 1.000000000000000000, -0.000000000000000000, -0.000000000000000000 ) ) ;
#3215 = CARTESIAN_POINT ( 'NONE',  ( 32.99999999999999289, 111.0000000000000142, -69.99999999999998579 ) ) ;
#3216 = VERTEX_POINT ( 'NONE', #3139 ) ;
#3217 = CARTESIAN_POINT ( 'NONE',  ( 43.00000000000000000, 80.00000000000001421, -51.99999999999998579 ) ) ;
#3218 = FACE_OUTER_BOUND ( 'NONE', #3184, .T. ) ;
#3219 = ORIENTED_EDGE ( 'NONE', *, *, #3375, .F. ) ;
#3220 = EDGE_CURVE ( 'NONE', #2016, #3436, #120, .T. ) ;
#3221 = VECTOR ( 'NONE', #2256, 1000.000000000000000 ) ;
#3222 = VERTEX_POINT ( 'NONE', #876 ) ;
#3223 = LINE ( 'NONE', #958, #2298 ) ;
#3224 = PLANE ( 'NONE',  #3051 ) ;
#3225 = ORIENTED_EDGE ( 'NONE', *, *, #2207, .F. ) ;
#3226 = CARTESIAN_POINT ( 'NONE',  ( 2.598076211353289811, -1.500000000000001332, -60.00000000000000000 ) ) ;
#3227 = FACE_OUTER_BOUND ( 'NONE', #686, .T. ) ;
#3228 = EDGE_LOOP ( 'NONE', ( #1179, #1695, #3097, #3535 ) ) ;
#3229 = LINE ( 'NONE', #2680, #1058 ) ;
#3230 = VECTOR ( 'NONE', #2759, 1000.000000000000000 ) ;
#3231 = CARTESIAN_POINT ( 'NONE',  ( 32.99999999999999289, 111.0000000000000142, -60.00000000000000000 ) ) ;
#3232 = VECTOR ( 'NONE', #724, 1000.000000000000000 ) ;
#3233 = AXIS2_PLACEMENT_3D ( 'NONE', #2569, #886, #904 ) ;
#3234 = VERTEX_POINT ( 'NONE', #930 ) ;
#3235 = PLANE ( 'NONE',  #3313 ) ;
#3236 = DIRECTION ( 'NONE',  ( 0.000000000000000000, 0.000000000000000000, 1.000000000000000000 ) ) ;
#3237 = ORIENTED_EDGE ( 'NONE', *, *, #1190, .F. ) ;
#3238 = VERTEX_POINT ( 'NONE', #1992 ) ;
#3239 = DIRECTION ( 'NONE',  ( 0.000000000000000000, 0.000000000000000000, -1.000000000000000000 ) ) ;
#3240 = DIRECTION ( 'NONE',  ( 0.000000000000000000, 0.000000000000000000, -1.000000000000000000 ) ) ;
#3241 = EDGE_CURVE ( 'NONE', #1848, #714, #1464, .T. ) ;
#3242 = VERTEX_POINT ( 'NONE', #1498 ) ;
#3243 = PRODUCT_DEFINITION ( 'æœ', '', #1111, #1167 ) ;
#3244 = DIRECTION ( 'NONE',  ( 0.000000000000000000, 1.000000000000000000, -0.000000000000000000 ) ) ;
#3245 = ORIENTED_EDGE ( 'NONE', *, *, #2198, .T. ) ;
#3246 = EDGE_CURVE ( 'NONE', #3089, #1818, #2159, .T. ) ;
#3247 = VERTEX_POINT ( 'NONE', #2266 ) ;
#3248 = ADVANCED_FACE ( 'NONE', ( #2578 ), #1753, .T. ) ;
#3249 = CARTESIAN_POINT ( 'NONE',  ( 32.99999999999999289, 121.0000000000000142, -69.99999999999998579 ) ) ;
#3250 = PLANE ( 'NONE',  #3458 ) ;
#3251 = ORIENTED_EDGE ( 'NONE', *, *, #320, .F. ) ;
#3252 = DIRECTION ( 'NONE',  ( 1.000000000000000000, -0.000000000000000000, -0.000000000000000000 ) ) ;
#3253 = EDGE_CURVE ( 'NONE', #599, #2822, #1479, .T. ) ;
#3254 = CARTESIAN_POINT ( 'NONE',  ( 43.00000000000000000, 129.0000000000000284, 27.49999999999998224 ) ) ;
#3255 = VERTEX_POINT ( 'NONE', #3406 ) ;
#3256 = ORIENTED_EDGE ( 'NONE', *, *, #710, .T. ) ;
#3257 = CARTESIAN_POINT ( 'NONE',  ( 38.99999999999999289, 0.000000000000000000, -44.75000000000002132 ) ) ;
#3258 = DIRECTION ( 'NONE',  ( 0.8660254037844362651, -0.5000000000000041078, 0.000000000000000000 ) ) ;
#3259 = CARTESIAN_POINT ( 'NONE',  ( 17.99999999999999645, 6.000000000000000000, -63.00000000000000000 ) ) ;
#3260 = ORIENTED_EDGE ( 'NONE', *, *, #2306, .F. ) ;
#3261 = DIRECTION ( 'NONE',  ( -0.000000000000000000, 1.000000000000000000, -0.000000000000000000 ) ) ;
#3262 = DIRECTION ( 'NONE',  ( -1.000000000000000000, 0.000000000000000000, 0.000000000000000000 ) ) ;
#3263 = DIRECTION ( 'NONE',  ( 0.000000000000000000, 1.000000000000000000, -0.000000000000000000 ) ) ;
#3264 = ORIENTED_EDGE ( 'NONE', *, *, #370, .T. ) ;
#3265 = CARTESIAN_POINT ( 'NONE',  ( 14.99999999999999645, 6.000000000000000000, -60.00000000000000000 ) ) ;
#3266 = VECTOR ( 'NONE', #3591, 1000.000000000000114 ) ;
#3267 = CARTESIAN_POINT ( 'NONE',  ( 32.99999999999999289, 126.0000000000000000, -49.99999999999998579 ) ) ;
#3268 = FACE_OUTER_BOUND ( 'NONE', #127, .T. ) ;
#3269 = FACE_OUTER_BOUND ( 'NONE', #2675, .T. ) ;
#3270 = VERTEX_POINT ( 'NONE', #1716 ) ;
#3271 = EDGE_LOOP ( 'NONE', ( #2397, #1150, #1797, #1756 ) ) ;
#3272 = DIRECTION ( 'NONE',  ( 0.000000000000000000, 0.000000000000000000, 1.000000000000000000 ) ) ;
#3273 = CARTESIAN_POINT ( 'NONE',  ( 4.271469970012325312, 33.39840301106580966, -60.00000000000000000 ) ) ;
#3274 = CARTESIAN_POINT ( 'NONE',  ( 43.00000000000000000, 129.0000000000000284, 29.49999999999998579 ) ) ;
#3275 = VERTEX_POINT ( 'NONE', #911 ) ;
#3276 = LINE ( 'NONE', #2, #788 ) ;
#3277 = DIRECTION ( 'NONE',  ( -0.000000000000000000, 1.000000000000000000, -0.000000000000000000 ) ) ;
#3278 = DIRECTION ( 'NONE',  ( -1.000000000000000000, 0.000000000000000000, 0.000000000000000000 ) ) ;
#3279 = ORIENTED_EDGE ( 'NONE', *, *, #564, .F. ) ;
#3280 = EDGE_CURVE ( 'NONE', #2917, #259, #2027, .T. ) ;
#3281 = EDGE_CURVE ( 'NONE', #2151, #169, #2595, .T. ) ;
#3282 = CARTESIAN_POINT ( 'NONE',  ( 43.00000000000000000, 56.00000000000000711, -95.00000000000001421 ) ) ;
#3283 = EDGE_CURVE ( 'NONE', #3467, #2181, #2626, .T. ) ;
#3284 = DIRECTION ( 'NONE',  ( 0.000000000000000000, 0.000000000000000000, -1.000000000000000000 ) ) ;
#3285 = DIRECTION ( 'NONE',  ( 0.8660254037844362651, -0.5000000000000041078, 0.000000000000000000 ) ) ;
#3286 = VECTOR ( 'NONE', #2579, 1000.000000000000114 ) ;
#3287 = CARTESIAN_POINT ( 'NONE',  ( 2.598076211353293363, -1.499999999999999334, 10.00000000000001954 ) ) ;
#3288 = VECTOR ( 'NONE', #2916, 1000.000000000000000 ) ;
#3289 = ADVANCED_FACE ( 'NONE', ( #2043 ), #2558, .F. ) ;
#3290 = ORIENTED_EDGE ( 'NONE', *, *, #212, .F. ) ;
#3291 = CARTESIAN_POINT ( 'NONE',  ( 32.99999999999999289, 129.0000000000000284, 29.49999999999998579 ) ) ;
#3292 = AXIS2_PLACEMENT_3D ( 'NONE', #1939, #1447, #1669 ) ;
#3293 = CIRCLE ( 'NONE', #1719, 1.750000000000011990 ) ;
#3294 = CARTESIAN_POINT ( 'NONE',  ( 30.62787643056335440, 47.04903810567653011, -62.00000000000000000 ) ) ;
#3295 = LINE ( 'NONE', #2196, #2981 ) ;
#3296 = EDGE_LOOP ( 'NONE', ( #3404, #567, #952, #989 ) ) ;
#3297 = LINE ( 'NONE', #1039, #3055 ) ;
#3298 = DIRECTION ( 'NONE',  ( -0.5000000000000041078, -0.8660254037844363761, 0.000000000000000000 ) ) ;
#3299 = ORIENTED_EDGE ( 'NONE', *, *, #246, .F. ) ;
#3300 = AXIS2_PLACEMENT_3D ( 'NONE', #2843, #2825, #1936 ) ;
#3301 = DIRECTION ( 'NONE',  ( -0.5000000000000042188, -0.8660254037844361541, 0.000000000000000000 ) ) ;
#3302 = FACE_OUTER_BOUND ( 'NONE', #1160, .T. ) ;
#3303 = CARTESIAN_POINT ( 'NONE',  ( 17.99999999999999645, 0.000000000000000000, 5.000000000000001776 ) ) ;
#3304 = AXIS2_PLACEMENT_3D ( 'NONE', #3497, #2939, #2028 ) ;
#3305 = LINE ( 'NONE', #1593, #1272 ) ;
#3306 = VERTEX_POINT ( 'NONE', #949 ) ;
#3307 = VECTOR ( 'NONE', #3560, 1000.000000000000114 ) ;
#3308 = DIRECTION ( 'NONE',  ( 0.000000000000000000, 0.000000000000000000, 1.000000000000000000 ) ) ;
#3309 = PLANE ( 'NONE',  #727 ) ;
#3310 = DIRECTION ( 'NONE',  ( 0.000000000000000000, 0.000000000000000000, 1.000000000000000000 ) ) ;
#3311 = ORIENTED_EDGE ( 'NONE', *, *, #3060, .T. ) ;
#3312 = DIRECTION ( 'NONE',  ( 1.000000000000000000, -0.000000000000000000, -0.000000000000000000 ) ) ;
#3313 = AXIS2_PLACEMENT_3D ( 'NONE', #2959, #789, #1900 ) ;
#3314 = DIRECTION ( 'NONE',  ( -0.000000000000000000, -1.000000000000000000, -0.000000000000000000 ) ) ;
#3315 = ADVANCED_FACE ( 'NONE', ( #3083, #1699 ), #1425, .F. ) ;
#3316 = CARTESIAN_POINT ( 'NONE',  ( 32.99999999999999289, 111.0000000000000142, 1.224646799147353256E-15 ) ) ;
#3317 = CARTESIAN_POINT ( 'NONE',  ( 2.598076211353283593, -1.499999999999998890, -9.999999999999966249 ) ) ;
#3318 = FACE_OUTER_BOUND ( 'NONE', #1565, .T. ) ;
#3319 = DIRECTION ( 'NONE',  ( 0.8660254037844363761, -0.5000000000000041078, 0.000000000000000000 ) ) ;
#3320 = CARTESIAN_POINT ( 'NONE',  ( 28.12787643056333664, 42.71891108675436044, -70.00000000000000000 ) ) ;
#3321 = VERTEX_POINT ( 'NONE', #2663 ) ;
#3322 = CARTESIAN_POINT ( 'NONE',  ( 6.928203230275526536, 6.000000000000000000, -49.99999999999999289 ) ) ;
#3323 = VECTOR ( 'NONE', #2632, 1000.000000000000114 ) ;
#3324 = LINE ( 'NONE', #1035, #1772 ) ;
#3325 = EDGE_CURVE ( 'NONE', #3255, #1257, #3229, .T. ) ;
#3326 = DIRECTION ( 'NONE',  ( 0.000000000000000000, -1.000000000000000000, 0.000000000000000000 ) ) ;
#3327 = EDGE_LOOP ( 'NONE', ( #2811, #961 ) ) ;
#3328 = ORIENTED_EDGE ( 'NONE', *, *, #2222, .F. ) ;
#3329 = AXIS2_PLACEMENT_3D ( 'NONE', #3096, #2817, #888 ) ;
#3330 = DIRECTION ( 'NONE',  ( -0.000000000000000000, -0.000000000000000000, -1.000000000000000000 ) ) ;
#3331 = LINE ( 'NONE', #2185, #1135 ) ;
#3332 = CARTESIAN_POINT ( 'NONE',  ( -2.598076211353330223, 1.500000000000025091, -49.99999999999999289 ) ) ;
#3333 = EDGE_LOOP ( 'NONE', ( #1844, #1351, #183, #468, #2361, #1266, #2823, #2491, #2734, #2544, #2029, #1920, #3188, #2615, #459, #825, #2610, #3099, #1012, #752, #2516, #2280, #411, #2889 ) ) ;
#3334 = CARTESIAN_POINT ( 'NONE',  ( 32.99999999999999289, 56.00000000000000711, -60.00000000000000000 ) ) ;
#3335 = ORIENTED_EDGE ( 'NONE', *, *, #2098, .T. ) ;
#3336 = DIRECTION ( 'NONE',  ( 0.5000000000000036637, 0.8660254037844364872, 0.000000000000000000 ) ) ;
#3337 = FACE_OUTER_BOUND ( 'NONE', #736, .T. ) ;
#3338 = ORIENTED_EDGE ( 'NONE', *, *, #1306, .F. ) ;
#3339 = CYLINDRICAL_SURFACE ( 'NONE', #925, 10.00000000000000178 ) ;
#3340 = DIRECTION ( 'NONE',  ( 0.5000000000000041078, 0.8660254037844362651, 0.000000000000000000 ) ) ;
#3341 = VECTOR ( 'NONE', #1360, 1000.000000000000000 ) ;
#3342 = LINE ( 'NONE', #2831, #859 ) ;
#3343 = VERTEX_POINT ( 'NONE', #171 ) ;
#3344 = ORIENTED_EDGE ( 'NONE', *, *, #1858, .F. ) ;
#3345 = ADVANCED_FACE ( 'NONE', ( #136 ), #697, .F. ) ;
#3346 = VECTOR ( 'NONE', #614, 1000.000000000000000 ) ;
#3347 = VECTOR ( 'NONE', #1944, 1000.000000000000000 ) ;
#3348 = AXIS2_PLACEMENT_3D ( 'NONE', #347, #40, #869 ) ;
#3349 = FACE_OUTER_BOUND ( 'NONE', #874, .T. ) ;
#3350 = CARTESIAN_POINT ( 'NONE',  ( 43.00000000000000000, 136.0000000000000000, 34.99999999999999289 ) ) ;
#3351 = DIRECTION ( 'NONE',  ( 0.000000000000000000, 0.000000000000000000, 1.000000000000000000 ) ) ;
#3352 = ORIENTED_EDGE ( 'NONE', *, *, #1404, .T. ) ;
#3353 = EDGE_CURVE ( 'NONE', #2550, #627, #3196, .T. ) ;
#3354 = ORIENTED_EDGE ( 'NONE', *, *, #2533, .F. ) ;
#3355 = FACE_BOUND ( 'NONE', #450, .T. ) ;
#3356 = CARTESIAN_POINT ( 'NONE',  ( 2.598076211353283593, -1.499999999999998890, -60.00000000000000000 ) ) ;
#3357 = ORIENTED_EDGE ( 'NONE', *, *, #668, .F. ) ;
#3358 = EDGE_CURVE ( 'NONE', #743, #502, #716, .T. ) ;
#3359 = FACE_OUTER_BOUND ( 'NONE', #1067, .T. ) ;
#3360 = AXIS2_PLACEMENT_3D ( 'NONE', #1977, #33, #2543 ) ;
#3361 = DIRECTION ( 'NONE',  ( 0.000000000000000000, 0.000000000000000000, 1.000000000000000000 ) ) ;
#3362 = ORIENTED_EDGE ( 'NONE', *, *, #1646, .F. ) ;
#3363 = ORIENTED_EDGE ( 'NONE', *, *, #2806, .T. ) ;
#3364 = DIRECTION ( 'NONE',  ( -0.5000000000000036637, -0.8660254037844364872, 0.000000000000000000 ) ) ;
#3365 = DIRECTION ( 'NONE',  ( 1.000000000000000000, -0.000000000000000000, -0.000000000000000000 ) ) ;
#3366 = FACE_OUTER_BOUND ( 'NONE', #3078, .T. ) ;
#3367 = VERTEX_POINT ( 'NONE', #445 ) ;
#3368 = AXIS2_PLACEMENT_3D ( 'NONE', #934, #664, #1503 ) ;
#3369 = EDGE_LOOP ( 'NONE', ( #2625, #1954, #1697, #76 ) ) ;
#3370 = ORIENTED_EDGE ( 'NONE', *, *, #2709, .T. ) ;
#3371 = DIRECTION ( 'NONE',  ( -0.8660254037844363761, 0.5000000000000043299, -0.000000000000000000 ) ) ;
#3372 = CARTESIAN_POINT ( 'NONE',  ( 32.99999999999999289, 63.00000000000002842, 27.49999999999998934 ) ) ;
#3373 = DIRECTION ( 'NONE',  ( 0.000000000000000000, 0.000000000000000000, -1.000000000000000000 ) ) ;
#3374 = ORIENTED_EDGE ( 'NONE', *, *, #1316, .F. ) ;
#3375 = EDGE_CURVE ( 'NONE', #133, #3379, #1790, .T. ) ;
#3376 = DIRECTION ( 'NONE',  ( 1.000000000000000000, 0.000000000000000000, -0.000000000000000000 ) ) ;
#3377 = CARTESIAN_POINT ( 'NONE',  ( 43.00000000000000000, 56.00000000000000711, -95.00000000000001421 ) ) ;
#3378 = ORIENTED_EDGE ( 'NONE', *, *, #2972, .T. ) ;
#3379 = VERTEX_POINT ( 'NONE', #1259 ) ;
#3380 = VECTOR ( 'NONE', #679, 1000.000000000000000 ) ;
#3381 = CARTESIAN_POINT ( 'NONE',  ( -11.25833024919769443, 6.500000000000069278, 0.000000000000000000 ) ) ;
#3382 = DIRECTION ( 'NONE',  ( -0.000000000000000000, 1.000000000000000000, -0.000000000000000000 ) ) ;
#3383 = DIRECTION ( 'NONE',  ( -1.000000000000000000, 0.000000000000000000, 0.000000000000000000 ) ) ;
#3384 = EDGE_LOOP ( 'NONE', ( #856, #1651, #858, #89, #2949, #1840, #1470, #3530, #3022, #2752, #35 ) ) ;
#3385 = ORIENTED_EDGE ( 'NONE', *, *, #2950, .F. ) ;
#3386 = PRESENTATION_LAYER_ASSIGNMENT (  '', '', ( #938 ) ) ;
#3387 = ORIENTED_EDGE ( 'NONE', *, *, #1841, .T. ) ;
#3388 = ADVANCED_FACE ( 'NONE', ( #1025 ), #2135, .F. ) ;
#3389 = FACE_BOUND ( 'NONE', #832, .T. ) ;
#3390 = EDGE_CURVE ( 'NONE', #2790, #1378, #2970, .T. ) ;
#3391 = CYLINDRICAL_SURFACE ( 'NONE', #2278, 3.000000000000002665 ) ;
#3392 = DIRECTION ( 'NONE',  ( 0.000000000000000000, -0.000000000000000000, 1.000000000000000000 ) ) ;
#3393 = ORIENTED_EDGE ( 'NONE', *, *, #1316, .T. ) ;
#3394 = PLANE ( 'NONE',  #2093 ) ;
#3395 = CARTESIAN_POINT ( 'NONE',  ( 32.99999999999999289, 71.00000000000001421, 34.99999999999999289 ) ) ;
#3396 = ORIENTED_EDGE ( 'NONE', *, *, #668, .T. ) ;
#3397 = ORIENTED_EDGE ( 'NONE', *, *, #1148, .F. ) ;
#3398 = CARTESIAN_POINT ( 'NONE',  ( 25.43172400785672949, 50.04903810567655853, 2.000000000000019096 ) ) ;
#3399 = DIRECTION ( 'NONE',  ( 1.000000000000000000, -0.000000000000000000, -0.000000000000000000 ) ) ;
#3400 = DIRECTION ( 'NONE',  ( 0.000000000000000000, 0.000000000000000000, 1.000000000000000000 ) ) ;
#3401 = CIRCLE ( 'NONE', #1832, 1.750000000000015543 ) ;
#3402 = VECTOR ( 'NONE', #1125, 1000.000000000000000 ) ;
#3403 = ORIENTED_EDGE ( 'NONE', *, *, #186, .T. ) ;
#3404 = ORIENTED_EDGE ( 'NONE', *, *, #1574, .F. ) ;
#3405 = DIRECTION ( 'NONE',  ( 1.000000000000000000, -0.000000000000000000, -0.000000000000000000 ) ) ;
#3406 = CARTESIAN_POINT ( 'NONE',  ( 32.99999999999999289, 6.000000000000000000, -9.999999999999998224 ) ) ;
#3407 = DIRECTION ( 'NONE',  ( 1.000000000000000000, 0.000000000000000000, 0.000000000000000000 ) ) ;
#3408 = EDGE_CURVE ( 'NONE', #2977, #118, #2407, .T. ) ;
#3409 = ORIENTED_EDGE ( 'NONE', *, *, #497, .T. ) ;
#3410 = DIRECTION ( 'NONE',  ( 0.000000000000000000, -1.000000000000000000, 0.000000000000000000 ) ) ;
#3411 = LINE ( 'NONE', #323, #1793 ) ;
#3412 = ORIENTED_EDGE ( 'NONE', *, *, #1614, .F. ) ;
#3413 = ORIENTED_EDGE ( 'NONE', *, *, #920, .T. ) ;
#3414 = EDGE_CURVE ( 'NONE', #1958, #305, #3478, .T. ) ;
#3415 = FACE_OUTER_BOUND ( 'NONE', #1225, .T. ) ;
#3416 = CARTESIAN_POINT ( 'NONE',  ( 43.00000000000000000, 71.00000000000001421, 34.99999999999999289 ) ) ;
#3417 = VECTOR ( 'NONE', #2696, 1000.000000000000000 ) ;
#3418 = CARTESIAN_POINT ( 'NONE',  ( 39.00000000000000000, 0.000000000000000000, -15.24999999999998579 ) ) ;
#3419 = EDGE_LOOP ( 'NONE', ( #3512, #3484, #1581, #1101 ) ) ;
#3420 = ORIENTED_EDGE ( 'NONE', *, *, #94, .T. ) ;
#3421 = DIRECTION ( 'NONE',  ( -1.000000000000000000, 0.000000000000000000, -0.000000000000000000 ) ) ;
#3422 = DIRECTION ( 'NONE',  ( 0.000000000000000000, 0.000000000000000000, 1.000000000000000000 ) ) ;
#3423 = DIRECTION ( 'NONE',  ( 1.000000000000000000, 0.000000000000000000, 0.000000000000000000 ) ) ;
#3424 = VERTEX_POINT ( 'NONE', #3249 ) ;
#3425 = CARTESIAN_POINT ( 'NONE',  ( 38.99999999999999289, 131.0000000000000000, -58.00000000000000000 ) ) ;
#3426 = LINE ( 'NONE', #2618, #2511 ) ;
#3427 = ORIENTED_EDGE ( 'NONE', *, *, #884, .F. ) ;
#3428 = ORIENTED_EDGE ( 'NONE', *, *, #661, .F. ) ;
#3429 = ADVANCED_FACE ( 'NONE', ( #152 ), #2372, .F. ) ;
#3430 = CARTESIAN_POINT ( 'NONE',  ( 32.99999999999999289, 81.00000000000000000, -60.00000000000000000 ) ) ;
#3431 = CARTESIAN_POINT ( 'NONE',  ( 12.93172400785668863, 28.39840301106576348, -60.00000000000000000 ) ) ;
#3432 = VECTOR ( 'NONE', #1096, 1000.000000000000000 ) ;
#3433 = EDGE_CURVE ( 'NONE', #955, #3098, #2061, .T. ) ;
#3434 = DIRECTION ( 'NONE',  ( 0.000000000000000000, 0.000000000000000000, 1.000000000000000000 ) ) ;
#3435 = AXIS2_PLACEMENT_3D ( 'NONE', #979, #2396, #684 ) ;
#3436 = VERTEX_POINT ( 'NONE', #1859 ) ;
#3437 = ORIENTED_EDGE ( 'NONE', *, *, #2466, .T. ) ;
#3438 = AXIS2_PLACEMENT_3D ( 'NONE', #2490, #2777, #3310 ) ;
#3439 = FACE_OUTER_BOUND ( 'NONE', #3384, .T. ) ;
#3440 = DIRECTION ( 'NONE',  ( 0.000000000000000000, 0.000000000000000000, 1.000000000000000000 ) ) ;
#3441 = DIRECTION ( 'NONE',  ( -0.000000000000000000, -1.000000000000000000, -0.000000000000000000 ) ) ;
#3442 = ORIENTED_EDGE ( 'NONE', *, *, #1646, .T. ) ;
#3443 = LINE ( 'NONE', #953, #1451 ) ;
#3444 = CARTESIAN_POINT ( 'NONE',  ( 37.00000000000000711, 43.15767664977237672, -49.99999999999996447 ) ) ;
#3445 = VERTEX_POINT ( 'NONE', #991 ) ;
#3446 = ORIENTED_EDGE ( 'NONE', *, *, #3134, .F. ) ;
#3447 = CARTESIAN_POINT ( 'NONE',  ( 23.99999999999999289, 0.000000000000000000, 4.000000000000000888 ) ) ;
#3448 = LINE ( 'NONE', #2913, #3515 ) ;
#3449 = ORIENTED_EDGE ( 'NONE', *, *, #3246, .F. ) ;
#3450 = ADVANCED_FACE ( 'NONE', ( #1535 ), #2695, .F. ) ;
#3451 = EDGE_CURVE ( 'NONE', #2304, #722, #762, .T. ) ;
#3452 = CARTESIAN_POINT ( 'NONE',  ( 37.00000000000000711, 126.0000000000000000, -9.999999999999998224 ) ) ;
#3453 = AXIS2_PLACEMENT_3D ( 'NONE', #2283, #3121, #1403 ) ;
#3454 = AXIS2_PLACEMENT_3D ( 'NONE', #1492, #2815, #1219 ) ;
#3455 = EDGE_LOOP ( 'NONE', ( #1643, #1803, #1576, #2619 ) ) ;
#3456 = ORIENTED_EDGE ( 'NONE', *, *, #2219, .F. ) ;
#3457 = AXIS2_PLACEMENT_3D ( 'NONE', #3447, #708, #114 ) ;
#3458 = AXIS2_PLACEMENT_3D ( 'NONE', #2206, #820, #3592 ) ;
#3459 = VECTOR ( 'NONE', #310, 1000.000000000000000 ) ;
#3460 = EDGE_CURVE ( 'NONE', #2555, #336, #973, .T. ) ;
#3461 = LINE ( 'NONE', #2593, #908 ) ;
#3462 = CARTESIAN_POINT ( 'NONE',  ( 43.00000000000000000, 126.0000000000000000, -49.99999999999999289 ) ) ;
#3463 = CARTESIAN_POINT ( 'NONE',  ( 38.99999999999999289, 80.00000000000001421, -55.00000000000000000 ) ) ;
#3464 = ORIENTED_EDGE ( 'NONE', *, *, #2265, .T. ) ;
#3465 = FACE_OUTER_BOUND ( 'NONE', #3419, .T. ) ;
#3466 = CARTESIAN_POINT ( 'NONE',  ( 23.99999999999999289, 6.000000000000000000, -62.24999999999998579 ) ) ;
#3467 = VERTEX_POINT ( 'NONE', #2628 ) ;
#3468 = ORIENTED_EDGE ( 'NONE', *, *, #568, .F. ) ;
#3469 = VECTOR ( 'NONE', #3262, 1000.000000000000000 ) ;
#3470 = EDGE_CURVE ( 'NONE', #1140, #1958, #2081, .T. ) ;
#3471 = DIRECTION ( 'NONE',  ( -0.000000000000000000, 1.000000000000000000, -0.000000000000000000 ) ) ;
#3472 = FACE_OUTER_BOUND ( 'NONE', #2988, .T. ) ;
#3473 = ORIENTED_EDGE ( 'NONE', *, *, #3037, .F. ) ;
#3474 = CARTESIAN_POINT ( 'NONE',  ( 32.99999999999999289, 63.00000000000002842, 27.49999999999998934 ) ) ;
#3475 = EDGE_LOOP ( 'NONE', ( #3393, #2801 ) ) ;
#3476 = VERTEX_POINT ( 'NONE', #260 ) ;
#3477 = AXIS2_PLACEMENT_3D ( 'NONE', #1650, #482, #790 ) ;
#3478 = LINE ( 'NONE', #462, #1461 ) ;
#3479 = CARTESIAN_POINT ( 'NONE',  ( 9.271469970012359951, 42.05865704891015611, -3.469446951953614189E-15 ) ) ;
#3480 = ORIENTED_EDGE ( 'NONE', *, *, #1042, .F. ) ;
#3481 = VECTOR ( 'NONE', #1774, 1000.000000000000114 ) ;
#3482 = LINE ( 'NONE', #412, #2148 ) ;
#3483 = FACE_OUTER_BOUND ( 'NONE', #1524, .T. ) ;
#3484 = ORIENTED_EDGE ( 'NONE', *, *, #404, .F. ) ;
#3485 = ORIENTED_EDGE ( 'NONE', *, *, #1044, .F. ) ;
#3486 = EDGE_CURVE ( 'NONE', #2715, #1750, #6, .T. ) ;
#3487 = DIRECTION ( 'NONE',  ( 0.000000000000000000, 0.000000000000000000, 1.000000000000000000 ) ) ;
#3488 = CARTESIAN_POINT ( 'NONE',  ( 43.00000000000000000, 56.00000000000000711, 0.000000000000000000 ) ) ;
#3489 = VERTEX_POINT ( 'NONE', #1628 ) ;
#3490 = DIRECTION ( 'NONE',  ( 0.000000000000000000, 0.000000000000000000, -1.000000000000000000 ) ) ;
#3491 = AXIS2_PLACEMENT_3D ( 'NONE', #2099, #3214, #1241 ) ;
#3492 = ORIENTED_EDGE ( 'NONE', *, *, #1911, .F. ) ;
#3493 = ORIENTED_EDGE ( 'NONE', *, *, #1205, .F. ) ;
#3494 = AXIS2_PLACEMENT_3D ( 'NONE', #2132, #2933, #440 ) ;
#3495 = EDGE_CURVE ( 'NONE', #3234, #2313, #1951, .T. ) ;
#3496 = DIRECTION ( 'NONE',  ( 0.000000000000000000, 0.000000000000000000, 1.000000000000000000 ) ) ;
#3497 = CARTESIAN_POINT ( 'NONE',  ( 39.00000000000000000, 6.000000000000000000, -17.00000000000000000 ) ) ;
#3498 = ORIENTED_EDGE ( 'NONE', *, *, #3325, .F. ) ;
#3499 = EDGE_CURVE ( 'NONE', #883, #955, #2204, .T. ) ;
#3500 = FACE_OUTER_BOUND ( 'NONE', #1252, .T. ) ;
#3501 = DIRECTION ( 'NONE',  ( -1.000000000000000000, -0.000000000000000000, -0.000000000000000000 ) ) ;
#3502 = ORIENTED_EDGE ( 'NONE', *, *, #2219, .T. ) ;
#3503 = AXIS2_PLACEMENT_3D ( 'NONE', #3077, #905, #870 ) ;
#3504 = ORIENTED_EDGE ( 'NONE', *, *, #3169, .T. ) ;
#3505 = DIRECTION ( 'NONE',  ( -1.000000000000000000, 0.000000000000000000, 0.000000000000000000 ) ) ;
#3506 = FACE_OUTER_BOUND ( 'NONE', #2445, .T. ) ;
#3507 = EDGE_CURVE ( 'NONE', #1750, #1401, #3010, .T. ) ;
#3508 = ADVANCED_FACE ( 'NONE', ( #2152 ), #2784, .F. ) ;
#3509 = ORIENTED_EDGE ( 'NONE', *, *, #2748, .T. ) ;
#3510 = FACE_BOUND ( 'NONE', #2006, .T. ) ;
#3511 = VERTEX_POINT ( 'NONE', #1045 ) ;
#3512 = ORIENTED_EDGE ( 'NONE', *, *, #45, .T. ) ;
#3513 = ADVANCED_FACE ( 'NONE', ( #1061, #1608 ), #1352, .F. ) ;
#3514 = DIRECTION ( 'NONE',  ( 2.403703357979447683E-17, -1.387778780781457077E-17, 1.000000000000000000 ) ) ;
#3515 = VECTOR ( 'NONE', #1341, 1000.000000000000000 ) ;
#3516 = DIRECTION ( 'NONE',  ( -1.000000000000000000, 0.000000000000000000, -0.000000000000000000 ) ) ;
#3517 = VECTOR ( 'NONE', #812, 1000.000000000000000 ) ;
#3518 = CIRCLE ( 'NONE', #1547, 1.750000000000008438 ) ;
#3519 = CIRCLE ( 'NONE', #844, 2.000000000000015543 ) ;
#3520 = ORIENTED_EDGE ( 'NONE', *, *, #1522, .F. ) ;
#3521 = FACE_BOUND ( 'NONE', #1838, .T. ) ;
#3522 = CARTESIAN_POINT ( 'NONE',  ( 43.00000000000000000, 0.000000000000000000, 5.000000000000000888 ) ) ;
#3523 = EDGE_LOOP ( 'NONE', ( #1705, #293, #535, #2365 ) ) ;
#3524 = ADVANCED_FACE ( 'NONE', ( #818 ), #1367, .F. ) ;
#3525 = ORIENTED_EDGE ( 'NONE', *, *, #1413, .F. ) ;
#3526 = FACE_OUTER_BOUND ( 'NONE', #656, .T. ) ;
#3527 = CYLINDRICAL_SURFACE ( 'NONE', #380, 3.000000000000002665 ) ;
#3528 = CIRCLE ( 'NONE', #391, 3.000000000000002665 ) ;
#3529 = CARTESIAN_POINT ( 'NONE',  ( 43.00000000000000000, 56.00000000000000711, 34.99999999999999289 ) ) ;
#3530 = ORIENTED_EDGE ( 'NONE', *, *, #1345, .F. ) ;
#3531 = ADVANCED_FACE ( 'NONE', ( #2514 ), #275, .T. ) ;
#3532 = DIRECTION ( 'NONE',  ( 0.000000000000000000, 0.000000000000000000, -1.000000000000000000 ) ) ;
#3533 = LINE ( 'NONE', #2149, #3469 ) ;
#3534 = CARTESIAN_POINT ( 'NONE',  ( 32.99999999999999289, 136.0000000000000000, -60.00000000000000000 ) ) ;
#3535 = ORIENTED_EDGE ( 'NONE', *, *, #3122, .T. ) ;
#3536 = CARTESIAN_POINT ( 'NONE',  ( 17.99999999999999645, 0.000000000000000000, 0.000000000000000000 ) ) ;
#3537 = CIRCLE ( 'NONE', #515, 1.750000000000008438 ) ;
#3538 = CARTESIAN_POINT ( 'NONE',  ( 32.99999999999999289, 71.00000000000001421, 34.99999999999999289 ) ) ;
#3539 = DIRECTION ( 'NONE',  ( 0.000000000000000000, 0.000000000000000000, 1.000000000000000000 ) ) ;
#3540 = CARTESIAN_POINT ( 'NONE',  ( 23.99999999999999289, 6.000000000000000000, -64.00000000000000000 ) ) ;
#3541 = ORIENTED_EDGE ( 'NONE', *, *, #258, .T. ) ;
#3542 = VERTEX_POINT ( 'NONE', #3265 ) ;
#3543 = CIRCLE ( 'NONE', #2907, 2.000000000000015543 ) ;
#3544 = CARTESIAN_POINT ( 'NONE',  ( 32.99999999999999289, 71.00000000000001421, -95.00000000000001421 ) ) ;
#3545 = DIRECTION ( 'NONE',  ( 0.000000000000000000, 0.000000000000000000, 1.000000000000000000 ) ) ;
#3546 = DIRECTION ( 'NONE',  ( -1.000000000000000000, 0.000000000000000000, 1.734723475976807094E-16 ) ) ;
#3547 = VERTEX_POINT ( 'NONE', #2736 ) ;
#3548 = EDGE_CURVE ( 'NONE', #2304, #1830, #1384, .T. ) ;
#3549 = EDGE_CURVE ( 'NONE', #1146, #2961, #2188, .T. ) ;
#3550 = CARTESIAN_POINT ( 'NONE',  ( 38.99999999999999289, 80.00000000000001421, -3.249999999999996891 ) ) ;
#3551 = CARTESIAN_POINT ( 'NONE',  ( 20.99999999999999289, 0.000000000000000000, -65.00000000000000000 ) ) ;
#3552 = CARTESIAN_POINT ( 'NONE',  ( 20.99999999999999289, 6.000000000000000000, -65.00000000000000000 ) ) ;
#3553 = ORIENTED_EDGE ( 'NONE', *, *, #1582, .F. ) ;
#3554 = VECTOR ( 'NONE', #426, 1000.000000000000000 ) ;
#3555 = CARTESIAN_POINT ( 'NONE',  ( 43.00000000000000000, 6.000000000000000000, 5.000000000000000888 ) ) ;
#3556 = EDGE_CURVE ( 'NONE', #3270, #1281, #2681, .T. ) ;
#3557 = VECTOR ( 'NONE', #199, 1000.000000000000000 ) ;
#3558 = CARTESIAN_POINT ( 'NONE',  ( 23.99999999999999289, 0.000000000000000000, -64.00000000000000000 ) ) ;
#3559 = FACE_BOUND ( 'NONE', #2540, .T. ) ;
#3560 = DIRECTION ( 'NONE',  ( -0.8660254037844362651, 0.5000000000000041078, 0.000000000000000000 ) ) ;
#3561 = ORIENTED_EDGE ( 'NONE', *, *, #2878, .T. ) ;
#3562 = ORIENTED_EDGE ( 'NONE', *, *, #2750, .T. ) ;
#3563 = DIRECTION ( 'NONE',  ( 0.000000000000000000, 0.000000000000000000, -1.000000000000000000 ) ) ;
#3564 = DIRECTION ( 'NONE',  ( -0.000000000000000000, 1.000000000000000000, -0.000000000000000000 ) ) ;
#3565 = DIRECTION ( 'NONE',  ( -0.000000000000000000, 1.000000000000000000, -0.000000000000000000 ) ) ;
#3566 = ORIENTED_EDGE ( 'NONE', *, *, #835, .F. ) ;
#3567 = FACE_OUTER_BOUND ( 'NONE', #2640, .T. ) ;
#3568 = FACE_OUTER_BOUND ( 'NONE', #1979, .T. ) ;
#3569 = CARTESIAN_POINT ( 'NONE',  ( 43.00000000000000000, 131.0000000000000000, -55.00000000000000000 ) ) ;
#3570 = EDGE_LOOP ( 'NONE', ( #2269, #2978 ) ) ;
#3571 = AXIS2_PLACEMENT_3D ( 'NONE', #3569, #1626, #1642 ) ;
#3572 = DIRECTION ( 'NONE',  ( 0.000000000000000000, -0.000000000000000000, -1.000000000000000000 ) ) ;
#3573 = CARTESIAN_POINT ( 'NONE',  ( 43.00000000000000000, 80.00000000000001421, -55.00000000000000000 ) ) ;
#3574 = EDGE_CURVE ( 'NONE', #2203, #195, #1876, .T. ) ;
#3575 = CARTESIAN_POINT ( 'NONE',  ( 43.00000000000000000, 63.00000000000002842, -89.50000000000004263 ) ) ;
#3576 = DIRECTION ( 'NONE',  ( -1.000000000000000000, -0.000000000000000000, -0.000000000000000000 ) ) ;
#3577 = CIRCLE ( 'NONE', #2474, 2.000000000000015543 ) ;
#3578 = VERTEX_POINT ( 'NONE', #3334 ) ;
#3579 = EDGE_CURVE ( 'NONE', #3321, #2426, #2855, .T. ) ;
#3580 = CARTESIAN_POINT ( 'NONE',  ( 12.93172400785668863, 28.39840301106576348, -49.99999999999999289 ) ) ;
#3581 = VECTOR ( 'NONE', #1335, 1000.000000000000000 ) ;
#3582 = CARTESIAN_POINT ( 'NONE',  ( 17.99999999999999645, 6.000000000000000000, -65.00000000000000000 ) ) ;
#3583 = DIRECTION ( 'NONE',  ( 0.000000000000000000, -0.000000000000000000, 1.000000000000000000 ) ) ;
#3584 = VERTEX_POINT ( 'NONE', #3555 ) ;
#3585 = EDGE_CURVE ( 'NONE', #2715, #1673, #530, .T. ) ;
#3586 = DIRECTION ( 'NONE',  ( 0.000000000000000000, 0.000000000000000000, -1.000000000000000000 ) ) ;
#3587 = CARTESIAN_POINT ( 'NONE',  ( 9.271469970012359951, 42.05865704891015611, -3.469446951953614189E-15 ) ) ;
#3588 = CARTESIAN_POINT ( 'NONE',  ( 32.99999999999999289, 129.0000000000000284, 27.49999999999998224 ) ) ;
#3589 = VERTEX_POINT ( 'NONE', #1400 ) ;
#3590 = AXIS2_PLACEMENT_3D ( 'NONE', #1402, #3082, #569 ) ;
#3591 = DIRECTION ( 'NONE',  ( 0.5000000000000042188, 0.8660254037844362651, 0.000000000000000000 ) ) ;
#3592 = DIRECTION ( 'NONE',  ( 0.000000000000000000, 0.000000000000000000, 1.000000000000000000 ) ) ;
#3593 = ADVANCED_FACE ( 'NONE', ( #224 ), #1333, .T. ) ;
#3594 = CARTESIAN_POINT ( 'NONE',  ( 33.12787643056336861, 51.37916512459871399, 8.326672684688719659E-17 ) ) ;
#3595 = AXIS2_PLACEMENT_3D ( 'NONE', #3463, #662, #2335 ) ;
#3596 = DIRECTION ( 'NONE',  ( 0.000000000000000000, 0.000000000000000000, 1.000000000000000000 ) ) ;
#3597 = ORIENTED_EDGE ( 'NONE', *, *, #3579, .F. ) ;
#3598 = CARTESIAN_POINT ( 'NONE',  ( 0.000000000000000000, 6.000000000000000000, 0.000000000000000000 ) ) ;
#3599 = LINE ( 'NONE', #3273, #2879 ) ;
#3600 = LINE ( 'NONE', #1654, #366 ) ;
#3601 = ORIENTED_EDGE ( 'NONE', *, *, #2352, .T. ) ;
ENDSEC;
END-ISO-10303-21;
