ISO-10303-21;
HEADER;
FILE_DESCRIPTION (( 'STEP AP214' ),
    '1' );
FILE_NAME ('À×´ïµ××ù.STEP',
    '2026-07-31T09:22:20',
    ( '' ),
    ( '' ),
    'SwSTEP 2.0',
    'SolidWorks 2024',
    '' );
FILE_SCHEMA (( 'AUTOMOTIVE_DESIGN' ));
ENDSEC;

DATA;
#1 = CIRCLE ( 'NONE', #2933, 1.750000000000011990 ) ;
#2 = DIRECTION ( 'NONE',  ( -0.000000000000000000, -0.000000000000000000, -1.000000000000000000 ) ) ;
#3 = DIRECTION ( 'NONE',  ( -0.000000000000000000, -0.000000000000000000, -1.000000000000000000 ) ) ;
#4 = EDGE_LOOP ( 'NONE', ( #3572, #6518, #3653, #5124 ) ) ;
#5 = EDGE_CURVE ( 'NONE', #1893, #122, #1131, .T. ) ;
#6 = CIRCLE ( 'NONE', #234, 1.750000000000015543 ) ;
#7 = VERTEX_POINT ( 'NONE', #6237 ) ;
#8 = ORIENTED_EDGE ( 'NONE', *, *, #3342, .F. ) ;
#9 = ADVANCED_FACE ( 'NONE', ( #4739, #6304, #1565, #2574, #579 ), #6200, .F. ) ;
#10 = CARTESIAN_POINT ( 'NONE',  ( 26.00000000000001066, -60.00000000000002842, 0.000000000000000000 ) ) ;
#11 = CARTESIAN_POINT ( 'NONE',  ( 6.999999999999970690, 8.500000000000007105, 3.000000000000000000 ) ) ;
#12 = EDGE_LOOP ( 'NONE', ( #5238, #3516, #1018, #3694 ) ) ;
#13 = CARTESIAN_POINT ( 'NONE',  ( -26.99999999999998934, -4.000000000000001776, 33.99999999999999289 ) ) ;
#14 = AXIS2_PLACEMENT_3D ( 'NONE', #5264, #3692, #6215 ) ;
#15 = DIRECTION ( 'NONE',  ( 1.000000000000000000, 0.000000000000000000, 0.000000000000000000 ) ) ;
#16 = ORIENTED_EDGE ( 'NONE', *, *, #4944, .T. ) ;
#17 = ADVANCED_FACE ( 'NONE', ( #69 ), #3608, .F. ) ;
#18 = ORIENTED_EDGE ( 'NONE', *, *, #3352, .T. ) ;
#19 = CIRCLE ( 'NONE', #5464, 1.500000000000011768 ) ;
#20 = DIRECTION ( 'NONE',  ( 1.000000000000000000, 0.000000000000000000, 0.000000000000000000 ) ) ;
#21 = EDGE_CURVE ( 'NONE', #2269, #3712, #611, .T. ) ;
#22 = CARTESIAN_POINT ( 'NONE',  ( 6.938893903907228378E-15, -55.00000000000001421, 0.000000000000000000 ) ) ;
#23 = DIRECTION ( 'NONE',  ( -0.000000000000000000, -0.000000000000000000, 1.000000000000000000 ) ) ;
#24 = AXIS2_PLACEMENT_3D ( 'NONE', #2498, #5240, #5718 ) ;
#25 = DIRECTION ( 'NONE',  ( -0.000000000000000000, -0.000000000000000000, -1.000000000000000000 ) ) ;
#26 = ORIENTED_EDGE ( 'NONE', *, *, #2916, .F. ) ;
#27 = VERTEX_POINT ( 'NONE', #5691 ) ;
#28 = AXIS2_PLACEMENT_3D ( 'NONE', #880, #364, #5003 ) ;
#29 = CARTESIAN_POINT ( 'NONE',  ( 13.00000000000001066, 108.0000000000000142, 4.000000000000000000 ) ) ;
#30 = VECTOR ( 'NONE', #5922, 1000.000000000000000 ) ;
#31 = CARTESIAN_POINT ( 'NONE',  ( -40.99999999999995026, 63.99999999999991473, 8.000000000000000000 ) ) ;
#32 = LINE ( 'NONE', #3118, #2284 ) ;
#33 = ORIENTED_EDGE ( 'NONE', *, *, #460, .F. ) ;
#34 = DIRECTION ( 'NONE',  ( -0.000000000000000000, -0.000000000000000000, -1.000000000000000000 ) ) ;
#35 = ORIENTED_EDGE ( 'NONE', *, *, #2300, .F. ) ;
#36 = VECTOR ( 'NONE', #1316, 1000.000000000000000 ) ;
#37 = ORIENTED_EDGE ( 'NONE', *, *, #648, .F. ) ;
#38 = CARTESIAN_POINT ( 'NONE',  ( 20.00000000000000355, -45.00000000000000711, 4.000000000000003553 ) ) ;
#39 = DIRECTION ( 'NONE',  ( -1.000000000000000000, 0.000000000000000000, 0.000000000000000000 ) ) ;
#40 = DIRECTION ( 'NONE',  ( -0.000000000000000000, -0.000000000000000000, -1.000000000000000000 ) ) ;
#41 = VERTEX_POINT ( 'NONE', #2177 ) ;
#42 = AXIS2_PLACEMENT_3D ( 'NONE', #3147, #530, #6192 ) ;
#43 = ORIENTED_EDGE ( 'NONE', *, *, #1755, .T. ) ;
#44 = ORIENTED_EDGE ( 'NONE', *, *, #856, .F. ) ;
#45 = CARTESIAN_POINT ( 'NONE',  ( -112.2499999999999716, -54.75000000000002132, 8.000000000000001776 ) ) ;
#46 = CARTESIAN_POINT ( 'NONE',  ( -24.24999999999999289, 72.00000000000001421, 4.000000000000000000 ) ) ;
#47 = AXIS2_PLACEMENT_3D ( 'NONE', #6522, #6488, #828 ) ;
#48 = VERTEX_POINT ( 'NONE', #4255 ) ;
#49 = CARTESIAN_POINT ( 'NONE',  ( 6.999999999999992006, -55.00000000000000711, -8.572527594031465301E-16 ) ) ;
#50 = DIRECTION ( 'NONE',  ( -1.000000000000000000, 0.000000000000000000, 0.000000000000000000 ) ) ;
#51 = VERTEX_POINT ( 'NONE', #6339 ) ;
#52 = ORIENTED_EDGE ( 'NONE', *, *, #2350, .T. ) ;
#53 = AXIS2_PLACEMENT_3D ( 'NONE', #4912, #787, #281 ) ;
#54 = DIRECTION ( 'NONE',  ( -0.000000000000000000, -0.000000000000000000, 1.000000000000000000 ) ) ;
#55 = EDGE_CURVE ( 'NONE', #5221, #6454, #1982, .T. ) ;
#56 = LINE ( 'NONE', #5128, #439 ) ;
#57 = CARTESIAN_POINT ( 'NONE',  ( 51.49999999999998579, 51.50000000000000711, 1.224646799147353454E-16 ) ) ;
#58 = CIRCLE ( 'NONE', #4185, 1.500000000000015099 ) ;
#59 = EDGE_CURVE ( 'NONE', #1893, #4396, #1028, .T. ) ;
#60 = DIRECTION ( 'NONE',  ( -1.000000000000000000, 0.000000000000000000, 0.000000000000000000 ) ) ;
#61 = VERTEX_POINT ( 'NONE', #2541 ) ;
#62 = ADVANCED_FACE ( 'NONE', ( #2069, #3644, #1058, #3122, #5209, #3812, #4422, #6375, #1828, #210, #5965, #3913, #5929, #5997, #4942, #1763, #1796, #4874, #3302, #4842, #138, #3369, #277, #3847, #2715, #1265, #2276, #1699, #3777, #5865, #4808, #1234 ), #175, .T. ) ;
#63 = EDGE_LOOP ( 'NONE', ( #3721, #354 ) ) ;
#64 = FACE_OUTER_BOUND ( 'NONE', #3351, .T. ) ;
#65 = CARTESIAN_POINT ( 'NONE',  ( 20.00000000000000355, -35.00000000000000000, 4.000000000000003553 ) ) ;
#66 = DIRECTION ( 'NONE',  ( -0.000000000000000000, -0.000000000000000000, -1.000000000000000000 ) ) ;
#67 = EDGE_LOOP ( 'NONE', ( #5059, #3997 ) ) ;
#68 = CARTESIAN_POINT ( 'NONE',  ( 8.499999999999984013, 8.500000000000007105, 8.000000000000007105 ) ) ;
#69 = FACE_OUTER_BOUND ( 'NONE', #1767, .T. ) ;
#70 = VERTEX_POINT ( 'NONE', #5455 ) ;
#71 = LINE ( 'NONE', #2146, #1995 ) ;
#72 = CARTESIAN_POINT ( 'NONE',  ( 5.782411586589356455E-15, -35.00000000000000711, 8.000000000000000000 ) ) ;
#73 = AXIS2_PLACEMENT_3D ( 'NONE', #4188, #3058, #4116 ) ;
#74 = DIRECTION ( 'NONE',  ( -0.000000000000000000, -0.000000000000000000, 1.000000000000000000 ) ) ;
#75 = ORIENTED_EDGE ( 'NONE', *, *, #412, .T. ) ;
#76 = ORIENTED_EDGE ( 'NONE', *, *, #6264, .F. ) ;
#77 = VERTEX_POINT ( 'NONE', #678 ) ;
#78 = AXIS2_PLACEMENT_3D ( 'NONE', #4625, #6161, #1433 ) ;
#79 = CYLINDRICAL_SURFACE ( 'NONE', #1872, 2.500000000000015987 ) ;
#80 = CARTESIAN_POINT ( 'NONE',  ( -113.9999999999999716, -14.75000000000001243, 8.000000000000000000 ) ) ;
#81 = ORIENTED_EDGE ( 'NONE', *, *, #2579, .F. ) ;
#82 = FACE_OUTER_BOUND ( 'NONE', #312, .T. ) ;
#83 = DIRECTION ( 'NONE',  ( -0.000000000000000000, -0.000000000000000000, -1.000000000000000000 ) ) ;
#84 = AXIS2_PLACEMENT_3D ( 'NONE', #3811, #3230, #5895 ) ;
#85 = EDGE_CURVE ( 'NONE', #6235, #515, #2521, .T. ) ;
#86 = ORIENTED_EDGE ( 'NONE', *, *, #2254, .T. ) ;
#87 = ORIENTED_EDGE ( 'NONE', *, *, #5964, .F. ) ;
#88 = AXIS2_PLACEMENT_3D ( 'NONE', #2200, #5274, #2668 ) ;
#89 = EDGE_CURVE ( 'NONE', #6698, #5373, #3407, .T. ) ;
#90 = DIRECTION ( 'NONE',  ( -0.000000000000000000, -0.000000000000000000, -1.000000000000000000 ) ) ;
#91 = DIRECTION ( 'NONE',  ( -0.000000000000000000, -0.000000000000000000, 1.000000000000000000 ) ) ;
#92 = DIRECTION ( 'NONE',  ( -0.000000000000000000, -0.000000000000000000, -1.000000000000000000 ) ) ;
#93 = LINE ( 'NONE', #4688, #158 ) ;
#94 = CIRCLE ( 'NONE', #2693, 1.250000000000015099 ) ;
#95 = VERTEX_POINT ( 'NONE', #3334 ) ;
#96 = EDGE_CURVE ( 'NONE', #1246, #1577, #2100, .T. ) ;
#97 = ORIENTED_EDGE ( 'NONE', *, *, #3547, .F. ) ;
#98 = DIRECTION ( 'NONE',  ( -0.000000000000000000, -0.000000000000000000, 1.000000000000000000 ) ) ;
#99 = DIRECTION ( 'NONE',  ( -1.000000000000000000, 0.000000000000000000, 0.000000000000000000 ) ) ;
#100 = VECTOR ( 'NONE', #4667, 1000.000000000000000 ) ;
#101 = DIRECTION ( 'NONE',  ( -0.000000000000000000, -0.000000000000000000, 1.000000000000000000 ) ) ;
#102 = ORIENTED_EDGE ( 'NONE', *, *, #2706, .F. ) ;
#103 = CARTESIAN_POINT ( 'NONE',  ( -103.9999999999999432, 116.4999999999999716, 0.000000000000000000 ) ) ;
#104 = EDGE_LOOP ( 'NONE', ( #4192, #6468, #5516, #4603 ) ) ;
#105 = VERTEX_POINT ( 'NONE', #748 ) ;
#106 = DIRECTION ( 'NONE',  ( 1.000000000000000000, 0.000000000000000000, 0.000000000000000000 ) ) ;
#107 = DIRECTION ( 'NONE',  ( 1.000000000000000000, 0.000000000000000000, 0.000000000000000000 ) ) ;
#108 = FACE_OUTER_BOUND ( 'NONE', #6734, .T. ) ;
#109 = ADVANCED_FACE ( 'NONE', ( #3265 ), #2749, .F. ) ;
#110 = CIRCLE ( 'NONE', #3580, 2.100000000000013411 ) ;
#111 = DIRECTION ( 'NONE',  ( -1.000000000000000000, 0.000000000000000000, 0.000000000000000000 ) ) ;
#112 = ORIENTED_EDGE ( 'NONE', *, *, #1054, .F. ) ;
#113 = ORIENTED_EDGE ( 'NONE', *, *, #4774, .F. ) ;
#114 = ORIENTED_EDGE ( 'NONE', *, *, #3170, .T. ) ;
#115 = CIRCLE ( 'NONE', #330, 1.750000000000013323 ) ;
#116 = CARTESIAN_POINT ( 'NONE',  ( 4.047688110612549361E-15, -5.000000000000011546, 8.000000000000000000 ) ) ;
#117 = FACE_OUTER_BOUND ( 'NONE', #3563, .T. ) ;
#118 = ORIENTED_EDGE ( 'NONE', *, *, #5803, .F. ) ;
#119 = DIRECTION ( 'NONE',  ( 1.000000000000000000, 0.000000000000000000, 0.000000000000000000 ) ) ;
#120 = DIRECTION ( 'NONE',  ( -0.000000000000000000, -0.000000000000000000, -1.000000000000000000 ) ) ;
#121 = AXIS2_PLACEMENT_3D ( 'NONE', #1289, #164, #2773 ) ;
#122 = VERTEX_POINT ( 'NONE', #5420 ) ;
#123 = ORIENTED_EDGE ( 'NONE', *, *, #5262, .T. ) ;
#124 = AXIS2_PLACEMENT_3D ( 'NONE', #3486, #6531, #5480 ) ;
#125 = CARTESIAN_POINT ( 'NONE',  ( -32.99999999999998579, 0.000000000000000000, 33.99999999999999289 ) ) ;
#126 = CARTESIAN_POINT ( 'NONE',  ( -19.99999999999999289, 56.24999999999994316, 8.000000000000000000 ) ) ;
#127 = CARTESIAN_POINT ( 'NONE',  ( 23.00000000000001776, -21.50000000000000711, 1.530808498934192064E-16 ) ) ;
#128 = CARTESIAN_POINT ( 'NONE',  ( 15.10000000000003162, 72.00000000000001421, 0.000000000000000000 ) ) ;
#129 = AXIS2_PLACEMENT_3D ( 'NONE', #318, #4920, #6489 ) ;
#130 = ORIENTED_EDGE ( 'NONE', *, *, #1885, .F. ) ;
#131 = EDGE_LOOP ( 'NONE', ( #1379, #2425, #730, #6146 ) ) ;
#132 = LINE ( 'NONE', #2674, #5477 ) ;
#133 = CARTESIAN_POINT ( 'NONE',  ( -120.0000000000000000, 3.749999999999947153, 8.000000000000000000 ) ) ;
#135 = DIRECTION ( 'NONE',  ( -0.000000000000000000, -0.000000000000000000, -1.000000000000000000 ) ) ;
#134 = CIRCLE ( 'NONE', #1229, 1.750000000000015543 ) ;
#136 = EDGE_LOOP ( 'NONE', ( #525, #4301 ) ) ;
#137 = DIRECTION ( 'NONE',  ( -0.000000000000000000, -0.000000000000000000, -1.000000000000000000 ) ) ;
#138 = FACE_BOUND ( 'NONE', #6006, .T. ) ;
#139 = EDGE_CURVE ( 'NONE', #2179, #590, #2240, .T. ) ;
#140 = AXIS2_PLACEMENT_3D ( 'NONE', #3581, #5663, #5117 ) ;
#141 = VERTEX_POINT ( 'NONE', #2814 ) ;
#142 = ADVANCED_FACE ( 'NONE', ( #4324 ), #1732, .F. ) ;
#143 = CARTESIAN_POINT ( 'NONE',  ( 16.99999999999998579, -5.000000000000004441, 4.000000000000003553 ) ) ;
#144 = CARTESIAN_POINT ( 'NONE',  ( 8.499999999999984013, 8.500000000000007105, 3.000000000000000000 ) ) ;
#145 = LINE ( 'NONE', #1098, #5300 ) ;
#146 = AXIS2_PLACEMENT_3D ( 'NONE', #5408, #1218, #5850 ) ;
#147 = ADVANCED_FACE ( 'NONE', ( #242 ), #2781, .F. ) ;
#148 = CARTESIAN_POINT ( 'NONE',  ( 34.00000000000000000, -4.000000000000003553, 8.000000000000000000 ) ) ;
#149 = ADVANCED_FACE ( 'NONE', ( #3979 ), #5556, .F. ) ;
#150 = ORIENTED_EDGE ( 'NONE', *, *, #1103, .F. ) ;
#151 = ORIENTED_EDGE ( 'NONE', *, *, #6568, .T. ) ;
#152 = AXIS2_PLACEMENT_3D ( 'NONE', #1299, #4356, #5388 ) ;
#153 = VERTEX_POINT ( 'NONE', #2374 ) ;
#154 = EDGE_CURVE ( 'NONE', #2206, #5277, #2437, .T. ) ;
#155 = DIRECTION ( 'NONE',  ( 1.000000000000000000, 0.000000000000000000, -0.000000000000000000 ) ) ;
#156 = DIRECTION ( 'NONE',  ( 1.000000000000000000, 0.000000000000000000, 0.000000000000000000 ) ) ;
#157 = CARTESIAN_POINT ( 'NONE',  ( 5.782411586589357244E-15, -35.00000000000001421, -8.572527594031465301E-16 ) ) ;
#158 = VECTOR ( 'NONE', #25, 1000.000000000000000 ) ;
#159 = ORIENTED_EDGE ( 'NONE', *, *, #4520, .F. ) ;
#160 = VERTEX_POINT ( 'NONE', #5492 ) ;
#161 = VECTOR ( 'NONE', #794, 1000.000000000000000 ) ;
#162 = CARTESIAN_POINT ( 'NONE',  ( -40.99999999999995026, 80.00000000000000000, 16.00000000000000000 ) ) ;
#163 = DIRECTION ( 'NONE',  ( 1.000000000000000000, 0.000000000000000000, 0.000000000000000000 ) ) ;
#164 = DIRECTION ( 'NONE',  ( -0.000000000000000000, -0.000000000000000000, -1.000000000000000000 ) ) ;
#165 = DIRECTION ( 'NONE',  ( -1.000000000000000000, 0.000000000000000000, 0.000000000000000000 ) ) ;
#166 = CARTESIAN_POINT ( 'NONE',  ( 48.99999999999996447, 51.50000000000000711, 3.000000000000000000 ) ) ;
#167 = VECTOR ( 'NONE', #5798, 1000.000000000000000 ) ;
#168 = ORIENTED_EDGE ( 'NONE', *, *, #4720, .T. ) ;
#169 = CYLINDRICAL_SURFACE ( 'NONE', #4154, 2.100000000000013411 ) ;
#170 = DIRECTION ( 'NONE',  ( 1.000000000000000000, 0.000000000000000000, 0.000000000000000000 ) ) ;
#171 = CIRCLE ( 'NONE', #6687, 1.750000000000013767 ) ;
#172 = DIRECTION ( 'NONE',  ( -0.000000000000000000, -0.000000000000000000, -1.000000000000000000 ) ) ;
#173 = ORIENTED_EDGE ( 'NONE', *, *, #2254, .F. ) ;
#174 = CARTESIAN_POINT ( 'NONE',  ( -40.99999999999995026, 108.0000000000000142, 12.00000000000000000 ) ) ;
#175 = PLANE ( 'NONE',  #152 ) ;
#176 = ADVANCED_FACE ( 'NONE', ( #1331 ), #918, .F. ) ;
#177 = ORIENTED_EDGE ( 'NONE', *, *, #1961, .T. ) ;
#178 = DIRECTION ( 'NONE',  ( -0.000000000000000000, -0.000000000000000000, 1.000000000000000000 ) ) ;
#179 = CARTESIAN_POINT ( 'NONE',  ( 51.49999999999998579, 8.500000000000007105, 8.000000000000007105 ) ) ;
#180 = CARTESIAN_POINT ( 'NONE',  ( -116.0000000000000426, 119.9999999999999716, 0.000000000000000000 ) ) ;
#181 = ADVANCED_FACE ( 'NONE', ( #4009 ), #2949, .F. ) ;
#182 = ORIENTED_EDGE ( 'NONE', *, *, #505, .T. ) ;
#183 = ORIENTED_EDGE ( 'NONE', *, *, #6178, .T. ) ;
#184 = EDGE_CURVE ( 'NONE', #1512, #6081, #4943, .T. ) ;
#185 = VERTEX_POINT ( 'NONE', #4456 ) ;
#186 = EDGE_CURVE ( 'NONE', #6410, #3606, #3189, .T. ) ;
#187 = LINE ( 'NONE', #3379, #6677 ) ;
#188 = CARTESIAN_POINT ( 'NONE',  ( -15.99999999999999645, 60.00000000000000000, 13.00000000000000178 ) ) ;
#189 = EDGE_CURVE ( 'NONE', #5715, #6726, #6541, .T. ) ;
#190 = DIRECTION ( 'NONE',  ( -1.000000000000000000, 0.000000000000000000, 0.000000000000000000 ) ) ;
#191 = ADVANCED_FACE ( 'NONE', ( #4585 ), #430, .F. ) ;
#192 = ORIENTED_EDGE ( 'NONE', *, *, #59, .T. ) ;
#193 = VECTOR ( 'NONE', #1304, 1000.000000000000000 ) ;
#194 = ORIENTED_EDGE ( 'NONE', *, *, #1726, .T. ) ;
#195 = DIRECTION ( 'NONE',  ( -0.000000000000000000, -0.7071067811865521247, 0.7071067811865429098 ) ) ;
#196 = FACE_BOUND ( 'NONE', #6526, .T. ) ;
#197 = CIRCLE ( 'NONE', #3992, 4.000000000000000000 ) ;
#198 = CARTESIAN_POINT ( 'NONE',  ( 14.25000000000003020, 72.00000000000001421, 8.000000000000000000 ) ) ;
#199 = CARTESIAN_POINT ( 'NONE',  ( 6.360652745248292417E-15, -45.00000000000001421, 4.000000000000003553 ) ) ;
#200 = EDGE_CURVE ( 'NONE', #784, #4883, #4835, .T. ) ;
#201 = CARTESIAN_POINT ( 'NONE',  ( 6.999999999999988454, -5.000000000000004441, -8.572527594031465301E-16 ) ) ;
#202 = ORIENTED_EDGE ( 'NONE', *, *, #3246, .T. ) ;
#203 = AXIS2_PLACEMENT_3D ( 'NONE', #3110, #2097, #634 ) ;
#204 = DIRECTION ( 'NONE',  ( -0.000000000000000000, -0.000000000000000000, -1.000000000000000000 ) ) ;
#205 = CYLINDRICAL_SURFACE ( 'NONE', #1765, 3.250000000000016875 ) ;
#206 = CYLINDRICAL_SURFACE ( 'NONE', #1097, 3.000000000000012879 ) ;
#207 = EDGE_LOOP ( 'NONE', ( #5093, #6576 ) ) ;
#208 = DIRECTION ( 'NONE',  ( -0.000000000000000000, -0.000000000000000000, -1.000000000000000000 ) ) ;
#209 = AXIS2_PLACEMENT_3D ( 'NONE', #5774, #4679, #5228 ) ;
#210 = FACE_BOUND ( 'NONE', #2620, .T. ) ;
#211 = EDGE_LOOP ( 'NONE', ( #6367, #2783 ) ) ;
#212 = DIRECTION ( 'NONE',  ( -0.000000000000000000, -0.000000000000000000, 1.000000000000000000 ) ) ;
#213 = AXIS2_PLACEMENT_3D ( 'NONE', #4534, #3514, #4051 ) ;
#214 = PLANE ( 'NONE',  #3748 ) ;
#215 = CARTESIAN_POINT ( 'NONE',  ( 3.000000000000018652, -35.00000000000001421, 4.000000000000003553 ) ) ;
#216 = CIRCLE ( 'NONE', #3571, 3.000000000000012879 ) ;
#217 = VERTEX_POINT ( 'NONE', #1863 ) ;
#218 = EDGE_CURVE ( 'NONE', #1077, #2028, #262, .T. ) ;
#219 = ORIENTED_EDGE ( 'NONE', *, *, #3411, .F. ) ;
#220 = ORIENTED_EDGE ( 'NONE', *, *, #3474, .F. ) ;
#221 = DIRECTION ( 'NONE',  ( -0.000000000000000000, -0.000000000000000000, -1.000000000000000000 ) ) ;
#222 = CARTESIAN_POINT ( 'NONE',  ( 5.782411586589356455E-15, -35.00000000000000711, 4.000000000000003553 ) ) ;
#223 = CARTESIAN_POINT ( 'NONE',  ( 1.750000000000019096, -35.00000000000000711, 4.000000000000003553 ) ) ;
#224 = ORIENTED_EDGE ( 'NONE', *, *, #5964, .T. ) ;
#225 = EDGE_CURVE ( 'NONE', #3647, #2282, #2883, .T. ) ;
#226 = EDGE_LOOP ( 'NONE', ( #1070, #5500, #1406, #1168 ) ) ;
#227 = DIRECTION ( 'NONE',  ( 1.000000000000000000, 0.000000000000000000, 0.000000000000000000 ) ) ;
#228 = CARTESIAN_POINT ( 'NONE',  ( -22.99999999999997868, 72.00000000000001421, 8.000000000000000000 ) ) ;
#229 = AXIS2_PLACEMENT_3D ( 'NONE', #4453, #2880, #6602 ) ;
#230 = DIRECTION ( 'NONE',  ( -0.000000000000000000, -0.000000000000000000, -1.000000000000000000 ) ) ;
#231 = ADVANCED_FACE ( 'NONE', ( #367 ), #6030, .F. ) ;
#232 = CARTESIAN_POINT ( 'NONE',  ( -40.99999999999995026, 76.00000000000001421, 10.24999999999999112 ) ) ;
#233 = ORIENTED_EDGE ( 'NONE', *, *, #5849, .F. ) ;
#234 = AXIS2_PLACEMENT_3D ( 'NONE', #3976, #3430, #1393 ) ;
#235 = CARTESIAN_POINT ( 'NONE',  ( -31.74999999999998579, -54.75000000000002132, 4.000000000000000000 ) ) ;
#236 = EDGE_CURVE ( 'NONE', #6590, #764, #5041, .T. ) ;
#237 = LINE ( 'NONE', #6404, #2623 ) ;
#238 = DIRECTION ( 'NONE',  ( -1.000000000000000000, 0.000000000000000000, 0.000000000000000000 ) ) ;
#239 = EDGE_LOOP ( 'NONE', ( #5505, #2021, #6685, #5920 ) ) ;
#240 = DIRECTION ( 'NONE',  ( -0.000000000000000000, -0.000000000000000000, 1.000000000000000000 ) ) ;
#241 = AXIS2_PLACEMENT_3D ( 'NONE', #3998, #2396, #4481 ) ;
#242 = FACE_OUTER_BOUND ( 'NONE', #2633, .T. ) ;
#243 = ORIENTED_EDGE ( 'NONE', *, *, #4894, .F. ) ;
#244 = CYLINDRICAL_SURFACE ( 'NONE', #2500, 1.750000000000011990 ) ;
#245 = CIRCLE ( 'NONE', #2407, 1.750000000000013323 ) ;
#246 = FACE_OUTER_BOUND ( 'NONE', #6693, .T. ) ;
#247 = FACE_OUTER_BOUND ( 'NONE', #1074, .T. ) ;
#248 = CARTESIAN_POINT ( 'NONE',  ( -44.99999999999995737, 112.0000000000000000, 16.00000000000000000 ) ) ;
#249 = CIRCLE ( 'NONE', #899, 2.500000000000015987 ) ;
#250 = ORIENTED_EDGE ( 'NONE', *, *, #5432, .F. ) ;
#251 = ORIENTED_EDGE ( 'NONE', *, *, #5724, .T. ) ;
#252 = FACE_OUTER_BOUND ( 'NONE', #4983, .T. ) ;
#253 = CIRCLE ( 'NONE', #6238, 3.000000000000012879 ) ;
#254 = AXIS2_PLACEMENT_3D ( 'NONE', #299, #1978, #6535 ) ;
#255 = CARTESIAN_POINT ( 'NONE',  ( 10.90000000000000568, 72.00000000000001421, 4.000000000000000000 ) ) ;
#256 = DIRECTION ( 'NONE',  ( 0.000000000000000000, -0.000000000000000000, 1.000000000000000000 ) ) ;
#257 = VERTEX_POINT ( 'NONE', #6574 ) ;
#258 = VERTEX_POINT ( 'NONE', #399 ) ;
#259 = ORIENTED_EDGE ( 'NONE', *, *, #1045, .T. ) ;
#260 = FACE_BOUND ( 'NONE', #662, .T. ) ;
#261 = FACE_OUTER_BOUND ( 'NONE', #1300, .T. ) ;
#262 = CIRCLE ( 'NONE', #3073, 2.500000000000012434 ) ;
#263 = CARTESIAN_POINT ( 'NONE',  ( 11.75000000000001776, -35.00000000000000000, 8.000000000000000000 ) ) ;
#264 = LINE ( 'NONE', #4346, #858 ) ;
#265 = ADVANCED_FACE ( 'NONE', ( #6604 ), #6663, .F. ) ;
#266 = ADVANCED_FACE ( 'NONE', ( #3497, #2466 ), #4554, .F. ) ;
#267 = CARTESIAN_POINT ( 'NONE',  ( 10.99999999999999645, 8.500000000000007105, 1.224646799147353454E-16 ) ) ;
#268 = ORIENTED_EDGE ( 'NONE', *, *, #766, .T. ) ;
#269 = CIRCLE ( 'NONE', #5276, 5.000000000000000888 ) ;
#270 = DIRECTION ( 'NONE',  ( -1.000000000000000000, 0.000000000000000000, 0.000000000000000000 ) ) ;
#271 = EDGE_CURVE ( 'NONE', #2454, #4916, #2755, .T. ) ;
#272 = CARTESIAN_POINT ( 'NONE',  ( -113.9999999999999858, -54.75000000000002132, 8.000000000000001776 ) ) ;
#273 = EDGE_CURVE ( 'NONE', #1869, #5083, #5814, .T. ) ;
#274 = CARTESIAN_POINT ( 'NONE',  ( -36.00000000000000711, 60.00000000000000000, 33.99999999999999289 ) ) ;
#275 = CARTESIAN_POINT ( 'NONE',  ( 6.360652745248292417E-15, -45.00000000000001421, 4.000000000000003553 ) ) ;
#276 = VECTOR ( 'NONE', #1801, 1000.000000000000000 ) ;
#277 = FACE_BOUND ( 'NONE', #4744, .T. ) ;
#278 = EDGE_CURVE ( 'NONE', #4672, #5942, #4723, .T. ) ;
#279 = EDGE_LOOP ( 'NONE', ( #33, #453, #928, #1215 ) ) ;
#280 = LINE ( 'NONE', #2345, #6226 ) ;
#281 = DIRECTION ( 'NONE',  ( -1.000000000000000000, 0.000000000000000000, 0.000000000000000000 ) ) ;
#282 = CARTESIAN_POINT ( 'NONE',  ( -1.750000000000006217, -55.00000000000001421, 4.000000000000003553 ) ) ;
#283 = CARTESIAN_POINT ( 'NONE',  ( -40.99999999999995026, 0.000000000000000000, 16.00000000000000000 ) ) ;
#284 = ORIENTED_EDGE ( 'NONE', *, *, #1061, .T. ) ;
#285 = VERTEX_POINT ( 'NONE', #4618 ) ;
#286 = DIRECTION ( 'NONE',  ( -0.000000000000000000, -0.000000000000000000, -1.000000000000000000 ) ) ;
#287 = DIRECTION ( 'NONE',  ( -0.000000000000000000, -0.000000000000000000, -1.000000000000000000 ) ) ;
#288 = CARTESIAN_POINT ( 'NONE',  ( -28.75000000000001421, 64.00000000000000000, 44.00000000000000000 ) ) ;
#289 = ORIENTED_EDGE ( 'NONE', *, *, #382, .T. ) ;
#290 = VERTEX_POINT ( 'NONE', #1049 ) ;
#291 = VERTEX_POINT ( 'NONE', #461 ) ;
#292 = CARTESIAN_POINT ( 'NONE',  ( 0.000000000000000000, 0.000000000000000000, 8.000000000000000000 ) ) ;
#293 = LINE ( 'NONE', #2230, #5075 ) ;
#294 = CARTESIAN_POINT ( 'NONE',  ( -27.00000000000000355, 64.00000000000000000, 44.00000000000000000 ) ) ;
#295 = AXIS2_PLACEMENT_3D ( 'NONE', #3453, #543, #477 ) ;
#296 = DIRECTION ( 'NONE',  ( 1.000000000000000000, 0.000000000000000000, 0.000000000000000000 ) ) ;
#297 = EDGE_LOOP ( 'NONE', ( #5025, #2506 ) ) ;
#298 = EDGE_CURVE ( 'NONE', #4634, #5018, #5681, .T. ) ;
#299 = CARTESIAN_POINT ( 'NONE',  ( 10.00000000000000533, -55.00000000000000711, 4.000000000000003553 ) ) ;
#300 = AXIS2_PLACEMENT_3D ( 'NONE', #5869, #688, #5359 ) ;
#301 = CARTESIAN_POINT ( 'NONE',  ( 23.00000000000001421, -5.000000000000004441, 4.000000000000003553 ) ) ;
#302 = CARTESIAN_POINT ( 'NONE',  ( -40.99999999999995026, 76.00000000000001421, 13.75000000000001599 ) ) ;
#303 = CARTESIAN_POINT ( 'NONE',  ( 0.000000000000000000, 68.00000000000000000, 33.99999999999999289 ) ) ;
#304 = CARTESIAN_POINT ( 'NONE',  ( 4.047688110612549361E-15, -5.000000000000011546, 8.000000000000000000 ) ) ;
#305 = CIRCLE ( 'NONE', #1288, 3.000000000000012879 ) ;
#306 = EDGE_LOOP ( 'NONE', ( #4731, #5159 ) ) ;
#307 = CARTESIAN_POINT ( 'NONE',  ( 8.499999999999984013, 51.50000000000000711, 3.000000000000000000 ) ) ;
#308 = CYLINDRICAL_SURFACE ( 'NONE', #3204, 2.500000000000015987 ) ;
#309 = AXIS2_PLACEMENT_3D ( 'NONE', #1956, #2058, #4101 ) ;
#310 = CYLINDRICAL_SURFACE ( 'NONE', #4473, 2.100000000000011635 ) ;
#311 = DIRECTION ( 'NONE',  ( 1.000000000000000000, 0.000000000000000000, 0.000000000000000000 ) ) ;
#312 = EDGE_LOOP ( 'NONE', ( #6331, #2358, #4746, #5825 ) ) ;
#313 = VECTOR ( 'NONE', #5157, 1000.000000000000000 ) ;
#314 = ORIENTED_EDGE ( 'NONE', *, *, #1668, .F. ) ;
#315 = CARTESIAN_POINT ( 'NONE',  ( 10.00000000000000355, -5.000000000000004441, 4.000000000000003553 ) ) ;
#316 = EDGE_CURVE ( 'NONE', #5671, #1077, #93, .T. ) ;
#317 = AXIS2_PLACEMENT_3D ( 'NONE', #2477, #830, #4505 ) ;
#318 = CARTESIAN_POINT ( 'NONE',  ( 10.00000000000000533, -55.00000000000000711, 0.000000000000000000 ) ) ;
#319 = CYLINDRICAL_SURFACE ( 'NONE', #2700, 1.500000000000015099 ) ;
#320 = EDGE_LOOP ( 'NONE', ( #2084, #4133 ) ) ;
#321 = ORIENTED_EDGE ( 'NONE', *, *, #4555, .T. ) ;
#322 = EDGE_LOOP ( 'NONE', ( #2626, #6057, #3490, #2134, #2988, #1730, #3148, #346, #5725, #3434, #4710, #341, #2210, #2565, #4354, #4652, #3098, #904, #1173, #5301, #6683, #3517 ) ) ;
#323 = FACE_BOUND ( 'NONE', #6552, .T. ) ;
#324 = CARTESIAN_POINT ( 'NONE',  ( -48.49999999999995026, 116.4999999999999716, 3.000000000000000000 ) ) ;
#325 = DIRECTION ( 'NONE',  ( -0.000000000000000000, -0.000000000000000000, 1.000000000000000000 ) ) ;
#326 = CARTESIAN_POINT ( 'NONE',  ( -113.9999999999999858, -54.75000000000002132, 4.000000000000000000 ) ) ;
#327 = VECTOR ( 'NONE', #3137, 1000.000000000000000 ) ;
#328 = DIRECTION ( 'NONE',  ( 1.000000000000000000, 0.000000000000000000, 0.000000000000000000 ) ) ;
#329 = EDGE_LOOP ( 'NONE', ( #363, #2400 ) ) ;
#330 = AXIS2_PLACEMENT_3D ( 'NONE', #6504, #5961, #778 ) ;
#331 = DIRECTION ( 'NONE',  ( -0.000000000000000000, -0.000000000000000000, 1.000000000000000000 ) ) ;
#332 = CYLINDRICAL_SURFACE ( 'NONE', #6320, 3.000000000000012879 ) ;
#333 = DIRECTION ( 'NONE',  ( -0.000000000000000000, -0.000000000000000000, -1.000000000000000000 ) ) ;
#334 = CARTESIAN_POINT ( 'NONE',  ( -40.99999999999988631, -3.556183125752441291E-14, 16.00000000000000000 ) ) ;
#335 = AXIS2_PLACEMENT_3D ( 'NONE', #4581, #6661, #6061 ) ;
#336 = EDGE_LOOP ( 'NONE', ( #2515, #5840 ) ) ;
#337 = FACE_OUTER_BOUND ( 'NONE', #3409, .T. ) ;
#338 = CARTESIAN_POINT ( 'NONE',  ( 60.00000000000000000, -60.00000000000002842, 0.000000000000000000 ) ) ;
#340 = DIRECTION ( 'NONE',  ( -1.000000000000000000, 0.000000000000000000, 0.000000000000000000 ) ) ;
#339 = AXIS2_PLACEMENT_3D ( 'NONE', #2660, #4857, #1247 ) ;
#341 = ORIENTED_EDGE ( 'NONE', *, *, #3081, .T. ) ;
#342 = FACE_BOUND ( 'NONE', #4839, .T. ) ;
#343 = VECTOR ( 'NONE', #1039, 1000.000000000000000 ) ;
#344 = EDGE_LOOP ( 'NONE', ( #2723, #586, #2762, #2014 ) ) ;
#345 = VECTOR ( 'NONE', #1646, 1000.000000000000000 ) ;
#346 = ORIENTED_EDGE ( 'NONE', *, *, #758, .T. ) ;
#347 = DIRECTION ( 'NONE',  ( 1.000000000000000000, 0.000000000000000000, 0.000000000000000000 ) ) ;
#348 = CARTESIAN_POINT ( 'NONE',  ( -22.99999999999997868, 72.00000000000001421, 0.000000000000000000 ) ) ;
#349 = EDGE_CURVE ( 'NONE', #6612, #2732, #1621, .T. ) ;
#350 = VECTOR ( 'NONE', #370, 1000.000000000000000 ) ;
#351 = FACE_OUTER_BOUND ( 'NONE', #6646, .T. ) ;
#352 = ORIENTED_EDGE ( 'NONE', *, *, #1267, .F. ) ;
#353 = EDGE_CURVE ( 'NONE', #6141, #3712, #6575, .T. ) ;
#354 = ORIENTED_EDGE ( 'NONE', *, *, #6631, .F. ) ;
#355 = AXIS2_PLACEMENT_3D ( 'NONE', #674, #1953, #4032 ) ;
#356 = VERTEX_POINT ( 'NONE', #2098 ) ;
#357 = CIRCLE ( 'NONE', #4047, 4.000000000000003553 ) ;
#358 = LINE ( 'NONE', #5986, #36 ) ;
#359 = ORIENTED_EDGE ( 'NONE', *, *, #2757, .F. ) ;
#360 = DIRECTION ( 'NONE',  ( 1.000000000000000000, 0.000000000000000000, -0.000000000000000000 ) ) ;
#361 = AXIS2_PLACEMENT_3D ( 'NONE', #5086, #3519, #6720 ) ;
#362 = DIRECTION ( 'NONE',  ( 1.000000000000000000, 0.000000000000000000, 0.000000000000000000 ) ) ;
#363 = ORIENTED_EDGE ( 'NONE', *, *, #2300, .T. ) ;
#364 = DIRECTION ( 'NONE',  ( -0.000000000000000000, -0.000000000000000000, 1.000000000000000000 ) ) ;
#365 = FACE_OUTER_BOUND ( 'NONE', #2769, .T. ) ;
#366 = DIRECTION ( 'NONE',  ( 1.000000000000000000, 0.000000000000000000, 0.000000000000000000 ) ) ;
#367 = FACE_OUTER_BOUND ( 'NONE', #5760, .T. ) ;
#368 = AXIS2_PLACEMENT_3D ( 'NONE', #3111, #2133, #6260 ) ;
#369 = ORIENTED_EDGE ( 'NONE', *, *, #6664, .T. ) ;
#370 = DIRECTION ( 'NONE',  ( -0.000000000000000000, -0.000000000000000000, -1.000000000000000000 ) ) ;
#371 = LINE ( 'NONE', #3404, #4850 ) ;
#372 = AXIS2_PLACEMENT_3D ( 'NONE', #4483, #4998, #5550 ) ;
#373 = CARTESIAN_POINT ( 'NONE',  ( 20.00000000000000355, -21.50000000000000711, 8.000000000000001776 ) ) ;
#374 = CARTESIAN_POINT ( 'NONE',  ( 20.00000000000000355, -35.00000000000000000, 8.000000000000000000 ) ) ;
#375 = AXIS2_PLACEMENT_3D ( 'NONE', #5077, #6613, #3959 ) ;
#376 = ORIENTED_EDGE ( 'NONE', *, *, #2103, .T. ) ;
#377 = DIRECTION ( 'NONE',  ( -0.000000000000000000, -0.000000000000000000, 1.000000000000000000 ) ) ;
#378 = ADVANCED_FACE ( 'NONE', ( #6154 ), #1586, .F. ) ;
#379 = VECTOR ( 'NONE', #5241, 1000.000000000000000 ) ;
#380 = DIRECTION ( 'NONE',  ( -1.000000000000000000, 0.000000000000000000, 0.000000000000000000 ) ) ;
#381 = ORIENTED_EDGE ( 'NONE', *, *, #2697, .F. ) ;
#382 = EDGE_CURVE ( 'NONE', #1577, #1246, #5921, .T. ) ;
#383 = ORIENTED_EDGE ( 'NONE', *, *, #2827, .T. ) ;
#384 = VERTEX_POINT ( 'NONE', #1083 ) ;
#385 = EDGE_CURVE ( 'NONE', #2454, #2935, #3634, .T. ) ;
#386 = EDGE_CURVE ( 'NONE', #6312, #4852, #2525, .T. ) ;
#387 = FACE_BOUND ( 'NONE', #820, .T. ) ;
#388 = EDGE_CURVE ( 'NONE', #4619, #913, #3561, .T. ) ;
#389 = ORIENTED_EDGE ( 'NONE', *, *, #3855, .F. ) ;
#390 = DIRECTION ( 'NONE',  ( 0.000000000000000000, 0.000000000000000000, 1.000000000000000000 ) ) ;
#391 = DIRECTION ( 'NONE',  ( 0.000000000000000000, 0.000000000000000000, 1.000000000000000000 ) ) ;
#392 = CARTESIAN_POINT ( 'NONE',  ( -33.00000000000000000, 65.00000000000000000, 33.99999999999999289 ) ) ;
#393 = ORIENTED_EDGE ( 'NONE', *, *, #2997, .F. ) ;
#394 = DIRECTION ( 'NONE',  ( -0.000000000000000000, 0.000000000000000000, 1.000000000000000000 ) ) ;
#395 = CIRCLE ( 'NONE', #3660, 3.000000000000012879 ) ;
#396 = EDGE_CURVE ( 'NONE', #4494, #5290, #2059, .T. ) ;
#397 = CARTESIAN_POINT ( 'NONE',  ( -29.99999999999997158, -14.75000000000001243, 0.000000000000000000 ) ) ;
#398 = CARTESIAN_POINT ( 'NONE',  ( 6.999999999999990230, -35.00000000000000000, 0.000000000000000000 ) ) ;
#399 = CARTESIAN_POINT ( 'NONE',  ( -10.99999999999999645, 60.00000000000000000, 8.000000000000000000 ) ) ;
#400 = AXIS2_PLACEMENT_3D ( 'NONE', #6672, #926, #405 ) ;
#401 = EDGE_LOOP ( 'NONE', ( #5106, #4096, #5008, #1275 ) ) ;
#402 = DIRECTION ( 'NONE',  ( 4.625929269271485914E-16, -1.000000000000000000, 0.000000000000000000 ) ) ;
#403 = DIRECTION ( 'NONE',  ( -1.000000000000000000, 0.000000000000000000, 0.000000000000000000 ) ) ;
#404 = DIRECTION ( 'NONE',  ( -0.000000000000000000, -0.000000000000000000, 1.000000000000000000 ) ) ;
#405 = DIRECTION ( 'NONE',  ( 1.000000000000000000, 0.000000000000000000, 0.000000000000000000 ) ) ;
#406 = AXIS2_PLACEMENT_3D ( 'NONE', #3528, #3043, #4007 ) ;
#407 = ORIENTED_EDGE ( 'NONE', *, *, #1603, .T. ) ;
#408 = CIRCLE ( 'NONE', #1717, 1.750000000000015543 ) ;
#409 = DIRECTION ( 'NONE',  ( -0.000000000000000000, -0.000000000000000000, -1.000000000000000000 ) ) ;
#410 = CARTESIAN_POINT ( 'NONE',  ( 30.00000000000000000, 115.9999999999999574, 8.000000000000000000 ) ) ;
#411 = CIRCLE ( 'NONE', #6519, 1.750000000000008438 ) ;
#412 = EDGE_CURVE ( 'NONE', #4055, #3240, #5782, .T. ) ;
#413 = ORIENTED_EDGE ( 'NONE', *, *, #5437, .T. ) ;
#414 = ORIENTED_EDGE ( 'NONE', *, *, #1494, .T. ) ;
#415 = ORIENTED_EDGE ( 'NONE', *, *, #4226, .T. ) ;
#416 = CARTESIAN_POINT ( 'NONE',  ( -26.74999999999995737, -14.75000000000001243, 0.000000000000000000 ) ) ;
#417 = AXIS2_PLACEMENT_3D ( 'NONE', #6587, #2004, #6614 ) ;
#418 = CARTESIAN_POINT ( 'NONE',  ( -13.74999999999999822, 43.00000000000000000, 33.99999999999999289 ) ) ;
#419 = ORIENTED_EDGE ( 'NONE', *, *, #4206, .F. ) ;
#420 = CARTESIAN_POINT ( 'NONE',  ( 48.99999999999996447, 51.50000000000000711, 1.224646799147353454E-16 ) ) ;
#421 = FACE_OUTER_BOUND ( 'NONE', #4118, .T. ) ;
#422 = EDGE_CURVE ( 'NONE', #70, #1714, #4394, .T. ) ;
#423 = ORIENTED_EDGE ( 'NONE', *, *, #719, .F. ) ;
#424 = EDGE_CURVE ( 'NONE', #5202, #1091, #4601, .T. ) ;
#425 = ORIENTED_EDGE ( 'NONE', *, *, #1889, .T. ) ;
#426 = EDGE_CURVE ( 'NONE', #290, #5313, #3187, .T. ) ;
#427 = CARTESIAN_POINT ( 'NONE',  ( -3.000000000000006217, -55.00000000000001421, -8.572527594031465301E-16 ) ) ;
#428 = DIRECTION ( 'NONE',  ( 1.000000000000000000, 0.000000000000000000, 0.000000000000000000 ) ) ;
#429 = DIRECTION ( 'NONE',  ( -0.000000000000000000, -0.000000000000000000, -1.000000000000000000 ) ) ;
#430 = CYLINDRICAL_SURFACE ( 'NONE', #3852, 3.250000000000016875 ) ;
#431 = EDGE_CURVE ( 'NONE', #3354, #1091, #5645, .T. ) ;
#432 = CIRCLE ( 'NONE', #1210, 2.500000000000012434 ) ;
#433 = ORIENTED_EDGE ( 'NONE', *, *, #3090, .F. ) ;
#434 = CARTESIAN_POINT ( 'NONE',  ( -22.99999999999998579, 108.0000000000000142, 8.000000000000000000 ) ) ;
#435 = CARTESIAN_POINT ( 'NONE',  ( 8.499999999999984013, 51.50000000000000711, 8.000000000000007105 ) ) ;
#436 = DIRECTION ( 'NONE',  ( -0.000000000000000000, -0.000000000000000000, -1.000000000000000000 ) ) ;
#437 = ORIENTED_EDGE ( 'NONE', *, *, #2260, .T. ) ;
#438 = DIRECTION ( 'NONE',  ( -0.000000000000000000, -0.000000000000000000, -1.000000000000000000 ) ) ;
#439 = VECTOR ( 'NONE', #3559, 1000.000000000000000 ) ;
#440 = VERTEX_POINT ( 'NONE', #4139 ) ;
#441 = DIRECTION ( 'NONE',  ( -0.000000000000000000, -1.000000000000000000, -0.000000000000000000 ) ) ;
#442 = DIRECTION ( 'NONE',  ( 1.000000000000000000, 0.000000000000000000, 0.000000000000000000 ) ) ;
#443 = FACE_OUTER_BOUND ( 'NONE', #6706, .T. ) ;
#444 = VERTEX_POINT ( 'NONE', #6467 ) ;
#445 = ORIENTED_EDGE ( 'NONE', *, *, #1022, .T. ) ;
#446 = ORIENTED_EDGE ( 'NONE', *, *, #4387, .F. ) ;
#447 = CARTESIAN_POINT ( 'NONE',  ( -29.99999999999997158, -14.75000000000001243, 4.000000000000000000 ) ) ;
#448 = AXIS2_PLACEMENT_3D ( 'NONE', #4143, #3050, #5686 ) ;
#449 = CARTESIAN_POINT ( 'NONE',  ( -44.99999999999995737, 88.00000000000009948, 8.000000000000000000 ) ) ;
#450 = VERTEX_POINT ( 'NONE', #5309 ) ;
#451 = CARTESIAN_POINT ( 'NONE',  ( 1.750000000000020206, -55.00000000000001421, 4.000000000000003553 ) ) ;
#452 = CARTESIAN_POINT ( 'NONE',  ( 16.99999999999998934, -55.00000000000000711, -8.572527594031465301E-16 ) ) ;
#453 = ORIENTED_EDGE ( 'NONE', *, *, #2990, .F. ) ;
#454 = AXIS2_PLACEMENT_3D ( 'NONE', #4802, #4938, #743 ) ;
#455 = CIRCLE ( 'NONE', #3059, 2.500000000000015987 ) ;
#456 = VERTEX_POINT ( 'NONE', #166 ) ;
#457 = PLANE ( 'NONE',  #3947 ) ;
#458 = FACE_OUTER_BOUND ( 'NONE', #4031, .T. ) ;
#459 = LINE ( 'NONE', #1517, #4098 ) ;
#460 = EDGE_CURVE ( 'NONE', #6267, #2859, #2807, .T. ) ;
#461 = CARTESIAN_POINT ( 'NONE',  ( 23.00000000000001776, -35.00000000000000000, 4.000000000000003553 ) ) ;
#462 = ORIENTED_EDGE ( 'NONE', *, *, #4733, .T. ) ;
#463 = EDGE_CURVE ( 'NONE', #1790, #160, #2108, .T. ) ;
#464 = VERTEX_POINT ( 'NONE', #3736 ) ;
#465 = DIRECTION ( 'NONE',  ( -1.000000000000000000, 0.000000000000000000, 0.000000000000000000 ) ) ;
#466 = EDGE_CURVE ( 'NONE', #6425, #1629, #2298, .T. ) ;
#467 = CARTESIAN_POINT ( 'NONE',  ( -26.99999999999998934, -4.000000000000001776, 33.99999999999999289 ) ) ;
#468 = CARTESIAN_POINT ( 'NONE',  ( 13.00000000000001066, 108.0000000000000142, 4.000000000000000000 ) ) ;
#469 = ORIENTED_EDGE ( 'NONE', *, *, #4807, .T. ) ;
#470 = DIRECTION ( 'NONE',  ( 0.000000000000000000, -0.7071067811865434649, 0.7071067811865515695 ) ) ;
#471 = AXIS2_PLACEMENT_3D ( 'NONE', #304, #1365, #1989 ) ;
#472 = ADVANCED_FACE ( 'NONE', ( #4280, #3802 ), #6400, .F. ) ;
#473 = EDGE_LOOP ( 'NONE', ( #1562, #4825 ) ) ;
#474 = EDGE_LOOP ( 'NONE', ( #5207, #1128 ) ) ;
#475 = AXIS2_PLACEMENT_3D ( 'NONE', #3315, #4368, #4532 ) ;
#476 = FACE_OUTER_BOUND ( 'NONE', #4348, .T. ) ;
#477 = DIRECTION ( 'NONE',  ( -1.000000000000000000, 0.000000000000000000, 0.000000000000000000 ) ) ;
#478 = CARTESIAN_POINT ( 'NONE',  ( 13.00000000000001776, 72.00000000000001421, 8.000000000000000000 ) ) ;
#479 = AXIS2_PLACEMENT_3D ( 'NONE', #2112, #3094, #1063 ) ;
#480 = VERTEX_POINT ( 'NONE', #5413 ) ;
#481 = ORIENTED_EDGE ( 'NONE', *, *, #3879, .F. ) ;
#482 = VERTEX_POINT ( 'NONE', #3871 ) ;
#483 = LINE ( 'NONE', #6500, #3614 ) ;
#484 = VECTOR ( 'NONE', #6196, 1000.000000000000000 ) ;
#485 = CARTESIAN_POINT ( 'NONE',  ( -120.0000000000000000, 3.749999999999947153, 8.000000000000000000 ) ) ;
#486 = EDGE_LOOP ( 'NONE', ( #1184, #359 ) ) ;
#487 = LINE ( 'NONE', #5189, #3046 ) ;
#488 = DIRECTION ( 'NONE',  ( 1.000000000000000000, -0.000000000000000000, -0.000000000000000000 ) ) ;
#489 = ORIENTED_EDGE ( 'NONE', *, *, #4126, .T. ) ;
#490 = ORIENTED_EDGE ( 'NONE', *, *, #1045, .F. ) ;
#491 = DIRECTION ( 'NONE',  ( -0.000000000000000000, -0.000000000000000000, 1.000000000000000000 ) ) ;
#492 = DIRECTION ( 'NONE',  ( -0.000000000000000000, -0.000000000000000000, 1.000000000000000000 ) ) ;
#493 = DIRECTION ( 'NONE',  ( -1.000000000000000000, 0.000000000000000000, 0.000000000000000000 ) ) ;
#494 = DIRECTION ( 'NONE',  ( -1.000000000000000000, 0.000000000000000000, 0.000000000000000000 ) ) ;
#495 = ORIENTED_EDGE ( 'NONE', *, *, #4961, .T. ) ;
#496 = ORIENTED_EDGE ( 'NONE', *, *, #625, .T. ) ;
#497 = CARTESIAN_POINT ( 'NONE',  ( 10.00000000000000178, -5.000000000000004441, 4.000000000000003553 ) ) ;
#498 = AXIS2_PLACEMENT_3D ( 'NONE', #5696, #5511, #2036 ) ;
#499 = CARTESIAN_POINT ( 'NONE',  ( -28.75000000000001421, 64.00000000000000000, 33.99999999999999289 ) ) ;
#500 = FACE_OUTER_BOUND ( 'NONE', #4798, .T. ) ;
#501 = VERTEX_POINT ( 'NONE', #201 ) ;
#502 = PLANE ( 'NONE',  #78 ) ;
#503 = ORIENTED_EDGE ( 'NONE', *, *, #3926, .F. ) ;
#504 = CIRCLE ( 'NONE', #6501, 1.750000000000015543 ) ;
#505 = EDGE_CURVE ( 'NONE', #2157, #5327, #5596, .T. ) ;
#506 = ORIENTED_EDGE ( 'NONE', *, *, #5518, .T. ) ;
#507 = EDGE_CURVE ( 'NONE', #3667, #934, #5855, .T. ) ;
#508 = LINE ( 'NONE', #2614, #167 ) ;
#509 = AXIS2_PLACEMENT_3D ( 'NONE', #68, #137, #1595 ) ;
#510 = CARTESIAN_POINT ( 'NONE',  ( 18.24999999999998579, -5.000000000000004441, 8.000000000000000000 ) ) ;
#511 = ADVANCED_FACE ( 'NONE', ( #6327, #4383 ), #773, .F. ) ;
#512 = FACE_OUTER_BOUND ( 'NONE', #5698, .T. ) ;
#513 = ORIENTED_EDGE ( 'NONE', *, *, #4675, .T. ) ;
#514 = AXIS2_PLACEMENT_3D ( 'NONE', #3367, #5453, #816 ) ;
#515 = VERTEX_POINT ( 'NONE', #2233 ) ;
#516 = EDGE_LOOP ( 'NONE', ( #649, #697, #3249, #1284 ) ) ;
#517 = ADVANCED_FACE ( 'NONE', ( #5887 ), #5446, .F. ) ;
#518 = CARTESIAN_POINT ( 'NONE',  ( -33.00000000000000000, 63.00000000000000000, 44.00000000000000000 ) ) ;
#519 = FACE_OUTER_BOUND ( 'NONE', #3283, .T. ) ;
#520 = VECTOR ( 'NONE', #5342, 1000.000000000000000 ) ;
#521 = ORIENTED_EDGE ( 'NONE', *, *, #5520, .F. ) ;
#522 = DIRECTION ( 'NONE',  ( -0.000000000000000000, -0.000000000000000000, 1.000000000000000000 ) ) ;
#523 = PLANE ( 'NONE',  #209 ) ;
#524 = ORIENTED_EDGE ( 'NONE', *, *, #3077, .T. ) ;
#525 = ORIENTED_EDGE ( 'NONE', *, *, #842, .T. ) ;
#526 = AXIS2_PLACEMENT_3D ( 'NONE', #3586, #5090, #6595 ) ;
#527 = LINE ( 'NONE', #2016, #911 ) ;
#528 = DIRECTION ( 'NONE',  ( -1.000000000000000000, 0.000000000000000000, 0.000000000000000000 ) ) ;
#529 = DIRECTION ( 'NONE',  ( -0.000000000000000000, -0.000000000000000000, -1.000000000000000000 ) ) ;
#530 = DIRECTION ( 'NONE',  ( -0.000000000000000000, -0.000000000000000000, -1.000000000000000000 ) ) ;
#531 = ORIENTED_EDGE ( 'NONE', *, *, #1467, .T. ) ;
#532 = ORIENTED_EDGE ( 'NONE', *, *, #5724, .F. ) ;
#533 = DIRECTION ( 'NONE',  ( -0.000000000000000000, -0.000000000000000000, -1.000000000000000000 ) ) ;
#534 = CARTESIAN_POINT ( 'NONE',  ( -31.74999999999998579, -54.75000000000002132, 8.000000000000001776 ) ) ;
#535 = DIRECTION ( 'NONE',  ( 0.000000000000000000, -0.000000000000000000, 1.000000000000000000 ) ) ;
#536 = VERTEX_POINT ( 'NONE', #2840 ) ;
#537 = CARTESIAN_POINT ( 'NONE',  ( -119.9999999999999858, 60.00000000000000000, 44.00000000000000000 ) ) ;
#538 = VERTEX_POINT ( 'NONE', #2704 ) ;
#539 = AXIS2_PLACEMENT_3D ( 'NONE', #1644, #3725, #3690 ) ;
#540 = VERTEX_POINT ( 'NONE', #267 ) ;
#541 = DIRECTION ( 'NONE',  ( 1.000000000000000000, -0.000000000000000000, -0.000000000000000000 ) ) ;
#542 = CIRCLE ( 'NONE', #229, 3.000000000000012879 ) ;
#543 = DIRECTION ( 'NONE',  ( -0.000000000000000000, -0.000000000000000000, -1.000000000000000000 ) ) ;
#544 = ADVANCED_FACE ( 'NONE', ( #1656 ), #1222, .F. ) ;
#545 = DIRECTION ( 'NONE',  ( -1.000000000000000000, 0.000000000000000000, 0.000000000000000000 ) ) ;
#546 = EDGE_CURVE ( 'NONE', #3569, #4411, #5387, .T. ) ;
#547 = ORIENTED_EDGE ( 'NONE', *, *, #1668, .T. ) ;
#548 = CIRCLE ( 'NONE', #5998, 2.500000000000015987 ) ;
#549 = ORIENTED_EDGE ( 'NONE', *, *, #5002, .F. ) ;
#550 = ORIENTED_EDGE ( 'NONE', *, *, #4423, .T. ) ;
#551 = EDGE_CURVE ( 'NONE', #2062, #2005, #4900, .T. ) ;
#552 = DIRECTION ( 'NONE',  ( -1.000000000000000000, 0.000000000000000000, 0.000000000000000000 ) ) ;
#553 = EDGE_CURVE ( 'NONE', #2832, #4542, #4174, .T. ) ;
#554 = CARTESIAN_POINT ( 'NONE',  ( -32.99999999999998579, 0.000000000000000000, 33.99999999999999289 ) ) ;
#555 = ORIENTED_EDGE ( 'NONE', *, *, #2993, .T. ) ;
#556 = CARTESIAN_POINT ( 'NONE',  ( -106.4999999999999574, 67.49999999999997158, 8.000000000000000000 ) ) ;
#557 = AXIS2_PLACEMENT_3D ( 'NONE', #4515, #325, #874 ) ;
#558 = CARTESIAN_POINT ( 'NONE',  ( -29.99999999999997158, -54.75000000000002132, 4.000000000000000000 ) ) ;
#559 = EDGE_CURVE ( 'NONE', #6454, #5221, #3312, .T. ) ;
#560 = EDGE_LOOP ( 'NONE', ( #5880, #1478 ) ) ;
#561 = ORIENTED_EDGE ( 'NONE', *, *, #4216, .T. ) ;
#562 = AXIS2_PLACEMENT_3D ( 'NONE', #2730, #3212, #5539 ) ;
#563 = DIRECTION ( 'NONE',  ( -0.000000000000000000, -0.000000000000000000, 1.000000000000000000 ) ) ;
#564 = LINE ( 'NONE', #2598, #4799 ) ;
#565 = CARTESIAN_POINT ( 'NONE',  ( -106.4999999999999574, 116.4999999999999716, 3.000000000000000000 ) ) ;
#566 = AXIS2_PLACEMENT_3D ( 'NONE', #2463, #4005, #2878 ) ;
#567 = AXIS2_PLACEMENT_3D ( 'NONE', #6033, #4178, #6735 ) ;
#568 = CARTESIAN_POINT ( 'NONE',  ( 16.99999999999998934, -45.00000000000000711, 0.000000000000000000 ) ) ;
#569 = ORIENTED_EDGE ( 'NONE', *, *, #1514, .T. ) ;
#570 = ORIENTED_EDGE ( 'NONE', *, *, #6419, .T. ) ;
#571 = CIRCLE ( 'NONE', #1343, 1.750000000000013767 ) ;
#572 = LINE ( 'NONE', #4654, #5248 ) ;
#573 = AXIS2_PLACEMENT_3D ( 'NONE', #5770, #4820, #3689 ) ;
#574 = LINE ( 'NONE', #5687, #484 ) ;
#575 = FACE_OUTER_BOUND ( 'NONE', #6193, .T. ) ;
#576 = ORIENTED_EDGE ( 'NONE', *, *, #4077, .T. ) ;
#577 = CYLINDRICAL_SURFACE ( 'NONE', #3345, 1.250000000000011546 ) ;
#578 = APPLICATION_CONTEXT ( 'automotive_design' ) ;
#579 = FACE_OUTER_BOUND ( 'NONE', #4538, .T. ) ;
#580 = EDGE_LOOP ( 'NONE', ( #2219, #6479, #2808, #3031 ) ) ;
#581 = CARTESIAN_POINT ( 'NONE',  ( -21.74999999999996447, 72.00000000000001421, 8.000000000000000000 ) ) ;
#582 = DIRECTION ( 'NONE',  ( 1.000000000000000000, 0.000000000000000000, 0.000000000000000000 ) ) ;
#583 = DIRECTION ( 'NONE',  ( 1.000000000000000000, 0.000000000000000000, 0.000000000000000000 ) ) ;
#584 = VERTEX_POINT ( 'NONE', #6432 ) ;
#585 = ORIENTED_EDGE ( 'NONE', *, *, #3815, .T. ) ;
#586 = ORIENTED_EDGE ( 'NONE', *, *, #5937, .T. ) ;
#587 = FACE_OUTER_BOUND ( 'NONE', #1465, .T. ) ;
#588 = LINE ( 'NONE', #4785, #2172 ) ;
#589 = AXIS2_PLACEMENT_3D ( 'NONE', #3769, #3256, #1256 ) ;
#590 = VERTEX_POINT ( 'NONE', #809 ) ;
#591 = DIRECTION ( 'NONE',  ( -0.000000000000000000, -0.000000000000000000, 1.000000000000000000 ) ) ;
#592 = CARTESIAN_POINT ( 'NONE',  ( 10.00000000000000178, -5.000000000000004441, 4.000000000000003553 ) ) ;
#593 = ADVANCED_FACE ( 'NONE', ( #1921 ), #2431, .F. ) ;
#594 = ORIENTED_EDGE ( 'NONE', *, *, #4083, .F. ) ;
#595 = PRODUCT_RELATED_PRODUCT_CATEGORY ( 'part', '', ( #5487 ) ) ;
#596 = ORIENTED_EDGE ( 'NONE', *, *, #1397, .T. ) ;
#597 = VECTOR ( 'NONE', #5459, 1000.000000000000000 ) ;
#598 = EDGE_CURVE ( 'NONE', #5984, #2968, #5053, .T. ) ;
#599 = LINE ( 'NONE', #162, #3507 ) ;
#600 = DIRECTION ( 'NONE',  ( -0.000000000000000000, -0.000000000000000000, -1.000000000000000000 ) ) ;
#601 = DIRECTION ( 'NONE',  ( 1.301042606982604138E-15, 1.000000000000000000, 0.000000000000000000 ) ) ;
#602 = CARTESIAN_POINT ( 'NONE',  ( 3.000000000000016875, -5.000000000000011546, 0.000000000000000000 ) ) ;
#603 = EDGE_LOOP ( 'NONE', ( #4906, #1907, #692, #2078 ) ) ;
#604 = VERTEX_POINT ( 'NONE', #392 ) ;
#605 = LINE ( 'NONE', #2171, #2847 ) ;
#606 = EDGE_CURVE ( 'NONE', #4071, #6621, #269, .T. ) ;
#607 = DIRECTION ( 'NONE',  ( 1.000000000000000000, 0.000000000000000000, 0.000000000000000000 ) ) ;
#608 = FACE_BOUND ( 'NONE', #3598, .T. ) ;
#609 = ORIENTED_EDGE ( 'NONE', *, *, #2997, .T. ) ;
#610 = CARTESIAN_POINT ( 'NONE',  ( 51.49999999999998579, 8.500000000000007105, 3.000000000000000000 ) ) ;
#611 = LINE ( 'NONE', #1597, #1245 ) ;
#612 = EDGE_LOOP ( 'NONE', ( #3531, #1411, #3294, #118 ) ) ;
#613 = CARTESIAN_POINT ( 'NONE',  ( -44.99999999999995026, 108.0000000000000142, 13.75000000000000888 ) ) ;
#614 = CARTESIAN_POINT ( 'NONE',  ( 20.00000000000000355, -45.00000000000000711, 0.000000000000000000 ) ) ;
#615 = CIRCLE ( 'NONE', #4200, 2.500000000000015987 ) ;
#616 = CARTESIAN_POINT ( 'NONE',  ( 1.110223024625156343E-15, -7.999999999999998224, 33.99999999999999289 ) ) ;
#617 = ORIENTED_EDGE ( 'NONE', *, *, #1188, .T. ) ;
#618 = ORIENTED_EDGE ( 'NONE', *, *, #4423, .F. ) ;
#619 = ORIENTED_EDGE ( 'NONE', *, *, #2741, .F. ) ;
#620 = CIRCLE ( 'NONE', #2787, 2.100000000000015188 ) ;
#621 = DIRECTION ( 'NONE',  ( -0.000000000000000000, -0.000000000000000000, 1.000000000000000000 ) ) ;
#622 = DIRECTION ( 'NONE',  ( -0.000000000000000000, -0.000000000000000000, -1.000000000000000000 ) ) ;
#623 = ORIENTED_EDGE ( 'NONE', *, *, #4673, .T. ) ;
#624 = FACE_OUTER_BOUND ( 'NONE', #2690, .T. ) ;
#625 = EDGE_CURVE ( 'NONE', #515, #6235, #4289, .T. ) ;
#626 = CARTESIAN_POINT ( 'NONE',  ( 4.047688110612550150E-15, -5.000000000000011546, 4.000000000000003553 ) ) ;
#627 = CIRCLE ( 'NONE', #514, 3.000000000000012879 ) ;
#628 = VERTEX_POINT ( 'NONE', #1387 ) ;
#629 = ORIENTED_EDGE ( 'NONE', *, *, #2585, .T. ) ;
#630 = AXIS2_PLACEMENT_3D ( 'NONE', #4415, #5513, #2266 ) ;
#631 = FACE_BOUND ( 'NONE', #473, .T. ) ;
#632 = ADVANCED_FACE ( 'NONE', ( #6569 ), #3938, .F. ) ;
#633 = DIRECTION ( 'NONE',  ( -0.000000000000000000, -0.000000000000000000, -1.000000000000000000 ) ) ;
#634 = DIRECTION ( 'NONE',  ( -1.000000000000000000, 0.000000000000000000, 0.000000000000000000 ) ) ;
#635 = CARTESIAN_POINT ( 'NONE',  ( 60.00000000000000000, 0.000000000000000000, 0.000000000000000000 ) ) ;
#636 = AXIS2_PLACEMENT_3D ( 'NONE', #5947, #4988, #380 ) ;
#637 = EDGE_LOOP ( 'NONE', ( #5914, #3729, #6110, #1122 ) ) ;
#638 = ORIENTED_EDGE ( 'NONE', *, *, #2039, .T. ) ;
#639 = CARTESIAN_POINT ( 'NONE',  ( 49.99999999999997158, 51.50000000000000711, 0.000000000000000000 ) ) ;
#640 = ADVANCED_FACE ( 'NONE', ( #5579 ), #1450, .F. ) ;
#641 = FACE_OUTER_BOUND ( 'NONE', #6095, .T. ) ;
#642 = VECTOR ( 'NONE', #3961, 1000.000000000000000 ) ;
#643 = ADVANCED_FACE ( 'NONE', ( #6624 ), #4517, .F. ) ;
#644 = DIRECTION ( 'NONE',  ( -0.000000000000000000, -0.000000000000000000, -1.000000000000000000 ) ) ;
#645 = ORIENTED_EDGE ( 'NONE', *, *, #1386, .T. ) ;
#646 = CARTESIAN_POINT ( 'NONE',  ( -108.9999999999999716, 116.4999999999999716, 0.000000000000000000 ) ) ;
#647 = DIRECTION ( 'NONE',  ( -0.000000000000000000, -0.000000000000000000, -1.000000000000000000 ) ) ;
#648 = EDGE_CURVE ( 'NONE', #2918, #3021, #5601, .T. ) ;
#649 = ORIENTED_EDGE ( 'NONE', *, *, #1188, .F. ) ;
#650 = CARTESIAN_POINT ( 'NONE',  ( -48.49999999999993605, 67.49999999999997158, 8.000000000000000000 ) ) ;
#651 = DIRECTION ( 'NONE',  ( -0.000000000000000000, -0.000000000000000000, -1.000000000000000000 ) ) ;
#652 = DIRECTION ( 'NONE',  ( -1.000000000000000000, 0.000000000000000000, 0.000000000000000000 ) ) ;
#653 = CIRCLE ( 'NONE', #5559, 3.000000000000012879 ) ;
#654 = VERTEX_POINT ( 'NONE', #4001 ) ;
#655 = ORIENTED_EDGE ( 'NONE', *, *, #1061, .F. ) ;
#656 = ORIENTED_EDGE ( 'NONE', *, *, #5337, .T. ) ;
#657 = EDGE_LOOP ( 'NONE', ( #2829, #5184 ) ) ;
#658 = CARTESIAN_POINT ( 'NONE',  ( -44.99999999999995737, 76.00000000000001421, 10.24999999999999112 ) ) ;
#659 = CARTESIAN_POINT ( 'NONE',  ( 30.00000000000000000, -60.00000000000001421, 0.000000000000000000 ) ) ;
#660 = AXIS2_PLACEMENT_3D ( 'NONE', #4864, #4793, #4313 ) ;
#661 = EDGE_LOOP ( 'NONE', ( #3755, #2227, #1706, #902 ) ) ;
#662 = EDGE_LOOP ( 'NONE', ( #1142, #1774 ) ) ;
#663 = VECTOR ( 'NONE', #2255, 1000.000000000000000 ) ;
#665 = CYLINDRICAL_SURFACE ( 'NONE', #1443, 2.100000000000013411 ) ;
#664 = CIRCLE ( 'NONE', #3807, 3.250000000000016875 ) ;
#666 = DIRECTION ( 'NONE',  ( -0.000000000000000000, -0.000000000000000000, 1.000000000000000000 ) ) ;
#667 = EDGE_CURVE ( 'NONE', #3263, #983, #6035, .T. ) ;
#668 = CARTESIAN_POINT ( 'NONE',  ( 6.938893903907228378E-15, -55.00000000000001421, 8.000000000000000000 ) ) ;
#669 = CARTESIAN_POINT ( 'NONE',  ( 10.00000000000000533, -55.00000000000000711, 4.000000000000003553 ) ) ;
#670 = CARTESIAN_POINT ( 'NONE',  ( -26.99999999999998934, -4.000000000000001776, 44.00000000000000000 ) ) ;
#671 = VECTOR ( 'NONE', #4877, 1000.000000000000000 ) ;
#672 = ORIENTED_EDGE ( 'NONE', *, *, #6221, .F. ) ;
#673 = DIRECTION ( 'NONE',  ( -0.000000000000000000, -0.000000000000000000, -1.000000000000000000 ) ) ;
#674 = CARTESIAN_POINT ( 'NONE',  ( -29.99999999999997158, -54.75000000000002132, 0.000000000000000000 ) ) ;
#675 = CARTESIAN_POINT ( 'NONE',  ( 6.999999999999987566, -21.50000000000001066, 4.000000000000000000 ) ) ;
#676 = VERTEX_POINT ( 'NONE', #1949 ) ;
#677 = CARTESIAN_POINT ( 'NONE',  ( -104.9999999999999432, 67.49999999999997158, 8.000000000000000000 ) ) ;
#678 = CARTESIAN_POINT ( 'NONE',  ( -8.000000000000092371, -5.000000000000003553, 33.99999999999999289 ) ) ;
#679 = ADVANCED_FACE ( 'NONE', ( #4449 ), #2399, .T. ) ;
#680 = CIRCLE ( 'NONE', #4153, 1.750000000000013767 ) ;
#681 = EDGE_CURVE ( 'NONE', #5331, #1790, #5483, .T. ) ;
#682 = VECTOR ( 'NONE', #6280, 1000.000000000000000 ) ;
#683 = ORIENTED_EDGE ( 'NONE', *, *, #848, .T. ) ;
#684 = CARTESIAN_POINT ( 'NONE',  ( -28.24999999999995737, -54.75000000000002132, 8.000000000000001776 ) ) ;
#685 = EDGE_CURVE ( 'NONE', #6046, #1323, #1251, .T. ) ;
#686 = DIRECTION ( 'NONE',  ( -0.000000000000000000, -0.000000000000000000, -1.000000000000000000 ) ) ;
#687 = ADVANCED_FACE ( 'NONE', ( #6498 ), #3524, .F. ) ;
#688 = DIRECTION ( 'NONE',  ( -0.000000000000000000, -0.000000000000000000, -1.000000000000000000 ) ) ;
#689 = CIRCLE ( 'NONE', #4826, 1.250000000000015099 ) ;
#690 = ORIENTED_EDGE ( 'NONE', *, *, #3716, .T. ) ;
#691 = ORIENTED_EDGE ( 'NONE', *, *, #811, .T. ) ;
#692 = ORIENTED_EDGE ( 'NONE', *, *, #1235, .T. ) ;
#693 = CARTESIAN_POINT ( 'NONE',  ( 34.00000000000000000, 0.000000000000000000, 0.000000000000000000 ) ) ;
#694 = CARTESIAN_POINT ( 'NONE',  ( -46.99999999999992184, 67.49999999999997158, 3.000000000000000000 ) ) ;
#695 = DIRECTION ( 'NONE',  ( -1.000000000000000000, 0.000000000000000000, 0.000000000000000000 ) ) ;
#696 = AXIS2_PLACEMENT_3D ( 'NONE', #4796, #4933, #739 ) ;
#697 = ORIENTED_EDGE ( 'NONE', *, *, #349, .T. ) ;
#698 = ORIENTED_EDGE ( 'NONE', *, *, #4291, .F. ) ;
#699 = AXIS2_PLACEMENT_3D ( 'NONE', #943, #2333, #6596 ) ;
#700 = CARTESIAN_POINT ( 'NONE',  ( -40.99999999999995026, 88.00000000000009948, 8.000000000000000000 ) ) ;
#701 = CARTESIAN_POINT ( 'NONE',  ( 51.49999999999998579, 51.50000000000000711, 3.000000000000000000 ) ) ;
#702 = DIRECTION ( 'NONE',  ( -1.000000000000000000, 0.000000000000000000, 0.000000000000000000 ) ) ;
#703 = DIRECTION ( 'NONE',  ( 1.000000000000000000, 0.000000000000000000, 0.000000000000000000 ) ) ;
#704 = DIRECTION ( 'NONE',  ( -1.000000000000000000, 0.000000000000000000, 0.000000000000000000 ) ) ;
#705 = VECTOR ( 'NONE', #441, 1000.000000000000000 ) ;
#706 = ORIENTED_EDGE ( 'NONE', *, *, #4395, .T. ) ;
#707 = DIRECTION ( 'NONE',  ( 0.000000000000000000, -0.000000000000000000, 1.000000000000000000 ) ) ;
#708 = DIRECTION ( 'NONE',  ( -0.000000000000000000, -0.000000000000000000, -1.000000000000000000 ) ) ;
#709 = AXIS2_PLACEMENT_3D ( 'NONE', #338, #1965, #1461 ) ;
#710 = DIRECTION ( 'NONE',  ( -0.000000000000000000, -0.000000000000000000, 1.000000000000000000 ) ) ;
#711 = VERTEX_POINT ( 'NONE', #3392 ) ;
#712 = DIRECTION ( 'NONE',  ( -0.000000000000000000, -0.000000000000000000, -1.000000000000000000 ) ) ;
#713 = ADVANCED_FACE ( 'NONE', ( #5611 ), #1820, .F. ) ;
#714 = CARTESIAN_POINT ( 'NONE',  ( -33.00000000000000000, 0.000000000000000000, 33.99999999999999289 ) ) ;
#715 = VERTEX_POINT ( 'NONE', #3424 ) ;
#716 = CARTESIAN_POINT ( 'NONE',  ( -115.7500000000000000, -54.75000000000002132, 8.000000000000000000 ) ) ;
#717 = PLANE ( 'NONE',  #2222 ) ;
#718 = CYLINDRICAL_SURFACE ( 'NONE', #5078, 1.500000000000015099 ) ;
#719 = EDGE_CURVE ( 'NONE', #2314, #3263, #5515, .T. ) ;
#720 = EDGE_CURVE ( 'NONE', #1414, #676, #1140, .T. ) ;
#721 = ADVANCED_FACE ( 'NONE', ( #1838 ), #3412, .T. ) ;
#722 = ORIENTED_EDGE ( 'NONE', *, *, #2131, .T. ) ;
#723 = ORIENTED_EDGE ( 'NONE', *, *, #4206, .T. ) ;
#724 = EDGE_LOOP ( 'NONE', ( #801, #3190, #1312, #6321 ) ) ;
#725 = CARTESIAN_POINT ( 'NONE',  ( -20.89999999999997016, 108.0000000000000142, 1.224646799147356350E-17 ) ) ;
#726 = EDGE_CURVE ( 'NONE', #2759, #70, #5501, .T. ) ;
#727 = AXIS2_PLACEMENT_3D ( 'NONE', #72, #2786, #2216 ) ;
#728 = CYLINDRICAL_SURFACE ( 'NONE', #4145, 3.000000000000013323 ) ;
#729 = LINE ( 'NONE', #6459, #1723 ) ;
#730 = ORIENTED_EDGE ( 'NONE', *, *, #6521, .T. ) ;
#731 = CIRCLE ( 'NONE', #5959, 3.000000000000002665 ) ;
#732 = EDGE_CURVE ( 'NONE', #3438, #2448, #3079, .T. ) ;
#733 = ORIENTED_EDGE ( 'NONE', *, *, #4111, .T. ) ;
#734 = CARTESIAN_POINT ( 'NONE',  ( -108.9999999999999716, 67.49999999999997158, 1.224646799147353454E-16 ) ) ;
#735 = DIRECTION ( 'NONE',  ( 1.000000000000000000, 0.000000000000000000, 0.000000000000000000 ) ) ;
#736 = CIRCLE ( 'NONE', #1493, 1.500000000000015099 ) ;
#737 = LINE ( 'NONE', #1157, #1104 ) ;
#738 = DIRECTION ( 'NONE',  ( 1.000000000000000000, -0.000000000000000000, -0.000000000000000000 ) ) ;
#739 = DIRECTION ( 'NONE',  ( 1.000000000000000000, 0.000000000000000000, 0.000000000000000000 ) ) ;
#740 = EDGE_LOOP ( 'NONE', ( #5192, #6150, #1984, #965 ) ) ;
#741 = VECTOR ( 'NONE', #601, 1000.000000000000000 ) ;
#742 = CARTESIAN_POINT ( 'NONE',  ( 3.000000000000007550, -21.50000000000001066, 4.000000000000000000 ) ) ;
#743 = DIRECTION ( 'NONE',  ( 1.000000000000000000, 0.000000000000000000, 0.000000000000000000 ) ) ;
#744 = CARTESIAN_POINT ( 'NONE',  ( 8.499999999999984013, 51.50000000000000711, 0.000000000000000000 ) ) ;
#745 = ORIENTED_EDGE ( 'NONE', *, *, #4291, .T. ) ;
#746 = CARTESIAN_POINT ( 'NONE',  ( -44.99999999999995737, 104.0000000000000142, 16.00000000000000000 ) ) ;
#747 = CIRCLE ( 'NONE', #3016, 3.000000000000012879 ) ;
#748 = CARTESIAN_POINT ( 'NONE',  ( -115.7500000000000000, -54.75000000000002132, 4.000000000000000000 ) ) ;
#749 = EDGE_LOOP ( 'NONE', ( #1588, #4199 ) ) ;
#750 = CARTESIAN_POINT ( 'NONE',  ( 8.499999999999984013, 8.500000000000007105, 3.000000000000000000 ) ) ;
#751 = CIRCLE ( 'NONE', #3907, 1.250000000000013323 ) ;
#752 = CARTESIAN_POINT ( 'NONE',  ( -8.000000000000092371, -5.000000000000003553, 44.00000000000000000 ) ) ;
#753 = FACE_OUTER_BOUND ( 'NONE', #5659, .T. ) ;
#754 = CYLINDRICAL_SURFACE ( 'NONE', #3888, 2.100000000000013411 ) ;
#755 = VERTEX_POINT ( 'NONE', #725 ) ;
#756 = EDGE_LOOP ( 'NONE', ( #2187, #6109 ) ) ;
#757 = DIRECTION ( 'NONE',  ( -0.000000000000000000, -0.000000000000000000, 1.000000000000000000 ) ) ;
#758 = EDGE_CURVE ( 'NONE', #4071, #4640, #4334, .T. ) ;
#759 = CARTESIAN_POINT ( 'NONE',  ( -106.4999999999999574, 67.49999999999997158, 1.224646799147353454E-16 ) ) ;
#760 = DIRECTION ( 'NONE',  ( 0.000000000000000000, 0.000000000000000000, 1.000000000000000000 ) ) ;
#761 = VERTEX_POINT ( 'NONE', #1308 ) ;
#762 = ADVANCED_FACE ( 'NONE', ( #252 ), #1776, .F. ) ;
#763 = CIRCLE ( 'NONE', #879, 3.000000000000012879 ) ;
#764 = VERTEX_POINT ( 'NONE', #5944 ) ;
#765 = ORIENTED_EDGE ( 'NONE', *, *, #3547, .T. ) ;
#766 = EDGE_CURVE ( 'NONE', #4568, #185, #2793, .T. ) ;
#767 = PLANE ( 'NONE',  #2630 ) ;
#768 = DIRECTION ( 'NONE',  ( -8.673617379884035472E-16, 1.000000000000000000, 0.000000000000000000 ) ) ;
#769 = ADVANCED_FACE ( 'NONE', ( #2252 ), #2322, .F. ) ;
#770 = CYLINDRICAL_SURFACE ( 'NONE', #6104, 1.250000000000015099 ) ;
#771 = AXIS2_PLACEMENT_3D ( 'NONE', #1690, #1254, #3325 ) ;
#772 = CARTESIAN_POINT ( 'NONE',  ( -104.9999999999999432, 67.49999999999997158, 3.000000000000000000 ) ) ;
#773 = PLANE ( 'NONE',  #5380 ) ;
#774 = VERTEX_POINT ( 'NONE', #5908 ) ;
#775 = CIRCLE ( 'NONE', #335, 3.250000000000016875 ) ;
#776 = CYLINDRICAL_SURFACE ( 'NONE', #1009, 2.999999999999999112 ) ;
#777 = LINE ( 'NONE', #1792, #3291 ) ;
#778 = DIRECTION ( 'NONE',  ( 1.000000000000000000, 0.000000000000000000, 0.000000000000000000 ) ) ;
#779 = ORIENTED_EDGE ( 'NONE', *, *, #1551, .F. ) ;
#780 = DIRECTION ( 'NONE',  ( -0.000000000000000000, -0.000000000000000000, -1.000000000000000000 ) ) ;
#781 = DIRECTION ( 'NONE',  ( -1.000000000000000000, 0.000000000000000000, 0.000000000000000000 ) ) ;
#782 = AXIS2_PLACEMENT_3D ( 'NONE', #3177, #6283, #1075 ) ;
#783 = DIRECTION ( 'NONE',  ( 1.000000000000000000, 0.000000000000000000, 0.000000000000000000 ) ) ;
#784 = VERTEX_POINT ( 'NONE', #4405 ) ;
#785 = LINE ( 'NONE', #716, #6650 ) ;
#786 = CIRCLE ( 'NONE', #6220, 1.750000000000013767 ) ;
#787 = DIRECTION ( 'NONE',  ( -0.000000000000000000, -0.000000000000000000, -1.000000000000000000 ) ) ;
#788 = DIRECTION ( 'NONE',  ( -0.000000000000000000, -0.000000000000000000, 1.000000000000000000 ) ) ;
#789 = DIRECTION ( 'NONE',  ( 0.000000000000000000, 0.000000000000000000, 1.000000000000000000 ) ) ;
#790 = CIRCLE ( 'NONE', #4927, 2.999999999999999112 ) ;
#791 = ORIENTED_EDGE ( 'NONE', *, *, #5465, .F. ) ;
#792 = ORIENTED_EDGE ( 'NONE', *, *, #6270, .F. ) ;
#793 = ADVANCED_FACE ( 'NONE', ( #4886 ), #1278, .F. ) ;
#794 = DIRECTION ( 'NONE',  ( -1.000000000000000000, 0.000000000000000000, 0.000000000000000000 ) ) ;
#795 = DIRECTION ( 'NONE',  ( -0.000000000000000000, -0.000000000000000000, -1.000000000000000000 ) ) ;
#796 = CARTESIAN_POINT ( 'NONE',  ( -35.99999999999999289, -3.000000000000000000, 8.000000000000000000 ) ) ;
#797 = ADVANCED_FACE ( 'NONE', ( #1342 ), #4855, .T. ) ;
#798 = EDGE_LOOP ( 'NONE', ( #569, #4775, #3601, #6103 ) ) ;
#799 = PRODUCT_DEFINITION_SHAPE ( 'NONE', 'NONE',  #5931 ) ;
#800 = ORIENTED_EDGE ( 'NONE', *, *, #6553, .T. ) ;
#801 = ORIENTED_EDGE ( 'NONE', *, *, #2595, .F. ) ;
#802 = CARTESIAN_POINT ( 'NONE',  ( 6.938893903907228378E-15, -55.00000000000001421, 4.000000000000003553 ) ) ;
#803 = CARTESIAN_POINT ( 'NONE',  ( -48.49999999999995026, 116.4999999999999716, 3.000000000000000000 ) ) ;
#804 = VECTOR ( 'NONE', #2670, 1000.000000000000000 ) ;
#805 = ADVANCED_FACE ( 'NONE', ( #3346 ), #2861, .T. ) ;
#806 = CARTESIAN_POINT ( 'NONE',  ( -45.99999999999992184, 67.49999999999997158, 0.000000000000000000 ) ) ;
#807 = FACE_OUTER_BOUND ( 'NONE', #1487, .T. ) ;
#808 = EDGE_CURVE ( 'NONE', #4267, #1538, #187, .T. ) ;
#809 = CARTESIAN_POINT ( 'NONE',  ( 54.00000000000000000, 8.500000000000007105, 1.224646799147353454E-16 ) ) ;
#810 = VERTEX_POINT ( 'NONE', #5365 ) ;
#811 = EDGE_CURVE ( 'NONE', #482, #4867, #3859, .T. ) ;
#812 = AXIS2_PLACEMENT_3D ( 'NONE', #1722, #5378, #704 ) ;
#813 = FACE_OUTER_BOUND ( 'NONE', #2234, .T. ) ;
#814 = CARTESIAN_POINT ( 'NONE',  ( 10.99999999999999645, 51.50000000000000711, 3.000000000000000000 ) ) ;
#815 = CARTESIAN_POINT ( 'NONE',  ( 11.75000000000000711, 72.00000000000001421, 8.000000000000000000 ) ) ;
#816 = DIRECTION ( 'NONE',  ( -1.000000000000000000, 0.000000000000000000, 0.000000000000000000 ) ) ;
#817 = AXIS2_PLACEMENT_3D ( 'NONE', #4020, #377, #1374 ) ;
#818 = CARTESIAN_POINT ( 'NONE',  ( -40.99999999999995026, 76.00000000000001421, 12.00000000000000000 ) ) ;
#819 = ADVANCED_FACE ( 'NONE', ( #1742 ), #3824, .F. ) ;
#820 = EDGE_LOOP ( 'NONE', ( #2618, #4109 ) ) ;
#821 = VECTOR ( 'NONE', #2984, 1000.000000000000000 ) ;
#822 = DIRECTION ( 'NONE',  ( -1.000000000000000000, 0.000000000000000000, 0.000000000000000000 ) ) ;
#823 = CARTESIAN_POINT ( 'NONE',  ( -30.00000000000000355, 65.00000000000000000, 33.99999999999999289 ) ) ;
#824 = DIRECTION ( 'NONE',  ( -0.000000000000000000, -0.000000000000000000, -1.000000000000000000 ) ) ;
#825 = CARTESIAN_POINT ( 'NONE',  ( -115.7499999999999858, -14.75000000000001243, 8.000000000000000000 ) ) ;
#826 = VERTEX_POINT ( 'NONE', #6678 ) ;
#827 = VERTEX_POINT ( 'NONE', #4563 ) ;
#828 = DIRECTION ( 'NONE',  ( 1.000000000000000000, 0.000000000000000000, 0.000000000000000000 ) ) ;
#829 = FACE_OUTER_BOUND ( 'NONE', #2489, .T. ) ;
#830 = DIRECTION ( 'NONE',  ( -0.000000000000000000, -0.000000000000000000, -1.000000000000000000 ) ) ;
#831 = EDGE_LOOP ( 'NONE', ( #779, #5151 ) ) ;
#832 = ORIENTED_EDGE ( 'NONE', *, *, #5402, .T. ) ;
#833 = ORIENTED_EDGE ( 'NONE', *, *, #298, .T. ) ;
#834 = ADVANCED_FACE ( 'NONE', ( #2989 ), #4597, .F. ) ;
#835 = FACE_BOUND ( 'NONE', #306, .T. ) ;
#836 = DIRECTION ( 'NONE',  ( 1.000000000000000000, 0.000000000000000000, 0.000000000000000000 ) ) ;
#837 = DIRECTION ( 'NONE',  ( -0.000000000000000000, -0.000000000000000000, -1.000000000000000000 ) ) ;
#838 = DIRECTION ( 'NONE',  ( -0.000000000000000000, -0.000000000000000000, -1.000000000000000000 ) ) ;
#839 = AXIS2_PLACEMENT_3D ( 'NONE', #614, #2756, #5799 ) ;
#840 = DIRECTION ( 'NONE',  ( -0.000000000000000000, -0.000000000000000000, -1.000000000000000000 ) ) ;
#841 = ORIENTED_EDGE ( 'NONE', *, *, #6631, .T. ) ;
#842 = EDGE_CURVE ( 'NONE', #2759, #1556, #2530, .T. ) ;
#843 = CARTESIAN_POINT ( 'NONE',  ( -50.99999999999995737, 67.49999999999997158, 3.000000000000000000 ) ) ;
#844 = AXIS2_PLACEMENT_3D ( 'NONE', #2819, #1905, #789 ) ;
#845 = EDGE_CURVE ( 'NONE', #1761, #217, #994, .T. ) ;
#846 = CYLINDRICAL_SURFACE ( 'NONE', #4039, 2.500000000000012434 ) ;
#847 = DIRECTION ( 'NONE',  ( -1.000000000000000000, 0.000000000000000000, 0.000000000000000000 ) ) ;
#848 = EDGE_CURVE ( 'NONE', #5329, #5291, #6139, .T. ) ;
#849 = DIRECTION ( 'NONE',  ( -0.000000000000000000, -0.000000000000000000, -1.000000000000000000 ) ) ;
#850 = ADVANCED_FACE ( 'NONE', ( #6041 ), #3022, .F. ) ;
#851 = DIRECTION ( 'NONE',  ( -0.000000000000000000, -0.000000000000000000, -1.000000000000000000 ) ) ;
#852 = AXIS2_PLACEMENT_3D ( 'NONE', #275, #5927, #4454 ) ;
#853 = EDGE_CURVE ( 'NONE', #3207, #440, #1908, .T. ) ;
#854 = ORIENTED_EDGE ( 'NONE', *, *, #1191, .F. ) ;
#855 = CARTESIAN_POINT ( 'NONE',  ( 48.99999999999996447, 51.50000000000000711, 0.000000000000000000 ) ) ;
#856 = EDGE_CURVE ( 'NONE', #6317, #1623, #5499, .T. ) ;
#857 = DIRECTION ( 'NONE',  ( -0.000000000000000000, -0.000000000000000000, -1.000000000000000000 ) ) ;
#858 = VECTOR ( 'NONE', #4865, 1000.000000000000000 ) ;
#859 = CARTESIAN_POINT ( 'NONE',  ( 21.75000000000001776, -35.00000000000000000, 8.000000000000000000 ) ) ;
#860 = CARTESIAN_POINT ( 'NONE',  ( 8.499999999999984013, 51.50000000000000711, 0.000000000000000000 ) ) ;
#861 = EDGE_CURVE ( 'NONE', #4267, #5661, #2334, .T. ) ;
#862 = EDGE_LOOP ( 'NONE', ( #150, #2822 ) ) ;
#863 = CIRCLE ( 'NONE', #962, 2.100000000000011635 ) ;
#864 = EDGE_LOOP ( 'NONE', ( #3426, #2277, #4910, #5862 ) ) ;
#865 = DIRECTION ( 'NONE',  ( -0.000000000000000000, -0.000000000000000000, -1.000000000000000000 ) ) ;
#866 = CIRCLE ( 'NONE', #5870, 4.000000000000000000 ) ;
#867 = CARTESIAN_POINT ( 'NONE',  ( 30.00000000000000711, 64.00000000000000000, 0.000000000000000000 ) ) ;
#868 = DIRECTION ( 'NONE',  ( 1.000000000000000000, 0.000000000000000000, 0.000000000000000000 ) ) ;
#869 = ORIENTED_EDGE ( 'NONE', *, *, #6178, .F. ) ;
#870 = ORIENTED_EDGE ( 'NONE', *, *, #2958, .F. ) ;
#871 = ORIENTED_EDGE ( 'NONE', *, *, #2532, .F. ) ;
#872 = PLANE ( 'NONE',  #2311 ) ;
#873 = CYLINDRICAL_SURFACE ( 'NONE', #4530, 3.000000000000012879 ) ;
#874 = DIRECTION ( 'NONE',  ( 1.000000000000000000, 0.000000000000000000, 0.000000000000000000 ) ) ;
#875 = CARTESIAN_POINT ( 'NONE',  ( -35.99999999999999289, -3.000000000000000000, 33.99999999999999289 ) ) ;
#876 = AXIS2_PLACEMENT_3D ( 'NONE', #3101, #5187, #1508 ) ;
#877 = DIRECTION ( 'NONE',  ( -0.000000000000000000, -0.000000000000000000, -1.000000000000000000 ) ) ;
#878 = ORIENTED_EDGE ( 'NONE', *, *, #4008, .T. ) ;
#879 = AXIS2_PLACEMENT_3D ( 'NONE', #5861, #5039, #2369 ) ;
#880 = CARTESIAN_POINT ( 'NONE',  ( -48.49999999999995026, 116.4999999999999716, 8.000000000000000000 ) ) ;
#881 = CARTESIAN_POINT ( 'NONE',  ( 6.360652745248292417E-15, -45.00000000000001421, -8.572527594031465301E-16 ) ) ;
#882 = LINE ( 'NONE', #6662, #2147 ) ;
#883 = DIRECTION ( 'NONE',  ( -1.000000000000000000, 0.000000000000000000, 0.000000000000000000 ) ) ;
#884 = DIRECTION ( 'NONE',  ( -1.000000000000000000, 0.000000000000000000, 0.000000000000000000 ) ) ;
#885 = ORIENTED_EDGE ( 'NONE', *, *, #5815, .T. ) ;
#886 = EDGE_CURVE ( 'NONE', #2282, #4222, #5110, .T. ) ;
#887 = CARTESIAN_POINT ( 'NONE',  ( 20.00000000000000355, -45.00000000000000711, 4.000000000000003553 ) ) ;
#888 = CARTESIAN_POINT ( 'NONE',  ( 18.24999999999998934, -5.000000000000004441, 8.000000000000000000 ) ) ;
#890 = LINE ( 'NONE', #6036, #3477 ) ;
#889 = VECTOR ( 'NONE', #5156, 1000.000000000000000 ) ;
#891 = DIRECTION ( 'NONE',  ( 1.000000000000000000, -0.000000000000000000, -0.000000000000000000 ) ) ;
#892 = EDGE_CURVE ( 'NONE', #2699, #5379, #927, .T. ) ;
#893 = AXIS2_PLACEMENT_3D ( 'NONE', #6586, #5023, #4407 ) ;
#894 = VERTEX_POINT ( 'NONE', #960 ) ;
#895 = EDGE_CURVE ( 'NONE', #1527, #2023, #2960, .T. ) ;
#896 = EDGE_CURVE ( 'NONE', #2106, #6312, #5538, .T. ) ;
#897 = DIRECTION ( 'NONE',  ( -0.000000000000000000, -0.000000000000000000, -1.000000000000000000 ) ) ;
#898 = CARTESIAN_POINT ( 'NONE',  ( 8.499999999999984013, 51.50000000000000711, 1.224646799147353454E-16 ) ) ;
#899 = AXIS2_PLACEMENT_3D ( 'NONE', #4249, #2303, #5415 ) ;
#900 = LINE ( 'NONE', #1974, #3361 ) ;
#901 = ORIENTED_EDGE ( 'NONE', *, *, #2566, .T. ) ;
#902 = ORIENTED_EDGE ( 'NONE', *, *, #3716, .F. ) ;
#903 = CIRCLE ( 'NONE', #6014, 3.000000000000012879 ) ;
#904 = ORIENTED_EDGE ( 'NONE', *, *, #1099, .T. ) ;
#905 = EDGE_CURVE ( 'NONE', #584, #1811, #6480, .T. ) ;
#906 = AXIS2_PLACEMENT_3D ( 'NONE', #1195, #2809, #4386 ) ;
#907 = DIRECTION ( 'NONE',  ( 0.000000000000000000, 0.000000000000000000, -1.000000000000000000 ) ) ;
#908 = ORIENTED_EDGE ( 'NONE', *, *, #808, .T. ) ;
#909 = CARTESIAN_POINT ( 'NONE',  ( -33.24999999999998579, -14.75000000000001243, 1.836970198721029688E-16 ) ) ;
#910 = CARTESIAN_POINT ( 'NONE',  ( -11.00000000000000178, 65.00000000000000000, 33.99999999999999289 ) ) ;
#911 = VECTOR ( 'NONE', #5195, 1000.000000000000000 ) ;
#912 = CARTESIAN_POINT ( 'NONE',  ( -8.000000000000085265, 1.040834085586094354E-14, 33.99999999999999289 ) ) ;
#913 = VERTEX_POINT ( 'NONE', #2507 ) ;
#914 = AXIS2_PLACEMENT_3D ( 'NONE', #714, #6507, #4908 ) ;
#915 = DIRECTION ( 'NONE',  ( -0.000000000000000000, -1.000000000000000000, -0.000000000000000000 ) ) ;
#916 = FACE_OUTER_BOUND ( 'NONE', #4992, .T. ) ;
#917 = DIRECTION ( 'NONE',  ( 0.000000000000000000, -0.7071067811865507924, -0.7071067811865441310 ) ) ;
#918 = CYLINDRICAL_SURFACE ( 'NONE', #2860, 2.500000000000015987 ) ;
#919 = AXIS2_PLACEMENT_3D ( 'NONE', #4393, #2342, #3880 ) ;
#920 = ORIENTED_EDGE ( 'NONE', *, *, #5849, .T. ) ;
#921 = DIRECTION ( 'NONE',  ( 1.000000000000000000, 0.000000000000000000, -0.000000000000000000 ) ) ;
#922 = CARTESIAN_POINT ( 'NONE',  ( -48.49999999999995026, 116.4999999999999716, 1.224646799147353454E-16 ) ) ;
#923 = VECTOR ( 'NONE', #5343, 1000.000000000000000 ) ;
#924 = DIRECTION ( 'NONE',  ( -0.000000000000000000, -0.000000000000000000, -1.000000000000000000 ) ) ;
#925 = EDGE_CURVE ( 'NONE', #4165, #2007, #5160, .T. ) ;
#926 = DIRECTION ( 'NONE',  ( -0.000000000000000000, -0.000000000000000000, -1.000000000000000000 ) ) ;
#927 = CIRCLE ( 'NONE', #5823, 1.500000000000015099 ) ;
#928 = ORIENTED_EDGE ( 'NONE', *, *, #2697, .T. ) ;
#929 = DIRECTION ( 'NONE',  ( -0.000000000000000000, -0.000000000000000000, 1.000000000000000000 ) ) ;
#930 = EDGE_CURVE ( 'NONE', #4396, #5899, #4510, .T. ) ;
#931 = CIRCLE ( 'NONE', #3092, 3.000000000000012879 ) ;
#932 = DIRECTION ( 'NONE',  ( 1.000000000000000000, 0.000000000000000000, 0.000000000000000000 ) ) ;
#933 = EDGE_CURVE ( 'NONE', #4266, #4764, #1570, .T. ) ;
#934 = VERTEX_POINT ( 'NONE', #2445 ) ;
#935 = ORIENTED_EDGE ( 'NONE', *, *, #4507, .T. ) ;
#936 = ORIENTED_EDGE ( 'NONE', *, *, #5716, .T. ) ;
#937 = ADVANCED_FACE ( 'NONE', ( #6554 ), #1436, .F. ) ;
#938 = CARTESIAN_POINT ( 'NONE',  ( -36.00000000000000711, 60.00000000000000000, 44.00000000000000000 ) ) ;
#939 = VERTEX_POINT ( 'NONE', #3513 ) ;
#940 = CARTESIAN_POINT ( 'NONE',  ( 23.00000000000001421, -5.000000000000004441, 0.000000000000000000 ) ) ;
#941 = CARTESIAN_POINT ( 'NONE',  ( 20.00000000000000355, -35.00000000000000000, 4.000000000000003553 ) ) ;
#942 = EDGE_CURVE ( 'NONE', #2926, #934, #4735, .T. ) ;
#943 = CARTESIAN_POINT ( 'NONE',  ( -48.49999999999993605, 67.49999999999997158, 1.224646799147353454E-16 ) ) ;
#944 = EDGE_LOOP ( 'NONE', ( #3619, #3113, #1106, #2447, #2640, #3197, #3922, #2357, #1216, #5239, #3866, #5102, #5758, #3239 ) ) ;
#945 = FACE_OUTER_BOUND ( 'NONE', #4716, .T. ) ;
#946 = VECTOR ( 'NONE', #1287, 1000.000000000000000 ) ;
#947 = CARTESIAN_POINT ( 'NONE',  ( -107.9999999999999716, 116.4999999999999716, 3.000000000000000000 ) ) ;
#948 = DIRECTION ( 'NONE',  ( 1.000000000000000000, -0.000000000000000000, -0.000000000000000000 ) ) ;
#949 = DIRECTION ( 'NONE',  ( 1.000000000000000000, 0.000000000000000000, 0.000000000000000000 ) ) ;
#950 = CIRCLE ( 'NONE', #400, 1.500000000000015099 ) ;
#951 = ORIENTED_EDGE ( 'NONE', *, *, #3214, .T. ) ;
#952 = CARTESIAN_POINT ( 'NONE',  ( -3.000000000000006661, -45.00000000000001421, 0.000000000000000000 ) ) ;
#953 = DIRECTION ( 'NONE',  ( -1.000000000000000000, 0.000000000000000000, 0.000000000000000000 ) ) ;
#954 = LINE ( 'NONE', #2922, #5769 ) ;
#955 = ORIENTED_EDGE ( 'NONE', *, *, #2027, .T. ) ;
#956 = DIRECTION ( 'NONE',  ( -1.000000000000000000, 0.000000000000000000, 0.000000000000000000 ) ) ;
#957 = CIRCLE ( 'NONE', #6611, 1.500000000000015099 ) ;
#958 = VERTEX_POINT ( 'NONE', #6203 ) ;
#959 = VECTOR ( 'NONE', #948, 1000.000000000000000 ) ;
#960 = CARTESIAN_POINT ( 'NONE',  ( -120.0000000000000000, 56.24999999999993605, 8.000000000000000000 ) ) ;
#961 = CYLINDRICAL_SURFACE ( 'NONE', #1197, 1.750000000000015543 ) ;
#962 = AXIS2_PLACEMENT_3D ( 'NONE', #2796, #1810, #2767 ) ;
#963 = ORIENTED_EDGE ( 'NONE', *, *, #2008, .F. ) ;
#964 = ORIENTED_EDGE ( 'NONE', *, *, #6391, .F. ) ;
#965 = ORIENTED_EDGE ( 'NONE', *, *, #6133, .F. ) ;
#966 = CARTESIAN_POINT ( 'NONE',  ( -27.00000000000000355, 64.00000000000000000, 33.99999999999999289 ) ) ;
#967 = EDGE_CURVE ( 'NONE', #3061, #1527, #6709, .T. ) ;
#968 = VECTOR ( 'NONE', #5764, 1000.000000000000000 ) ;
#969 = CARTESIAN_POINT ( 'NONE',  ( -29.99999999999997158, -14.75000000000001243, 4.000000000000000000 ) ) ;
#970 = ORIENTED_EDGE ( 'NONE', *, *, #5506, .F. ) ;
#971 = DIRECTION ( 'NONE',  ( -0.000000000000000000, -0.000000000000000000, -1.000000000000000000 ) ) ;
#972 = CYLINDRICAL_SURFACE ( 'NONE', #6294, 1.750000000000011990 ) ;
#973 = EDGE_CURVE ( 'NONE', #4619, #5222, #6365, .T. ) ;
#974 = VERTEX_POINT ( 'NONE', #5251 ) ;
#975 = ADVANCED_FACE ( 'NONE', ( #6307 ), #1634, .F. ) ;
#976 = ORIENTED_EDGE ( 'NONE', *, *, #1503, .F. ) ;
#977 = ADVANCED_FACE ( 'NONE', ( #476, #3200 ), #1031, .F. ) ;
#978 = DIRECTION ( 'NONE',  ( 1.000000000000000000, 0.000000000000000000, 0.000000000000000000 ) ) ;
#979 = CARTESIAN_POINT ( 'NONE',  ( -25.09999999999999076, 72.00000000000001421, 4.000000000000000000 ) ) ;
#980 = AXIS2_PLACEMENT_3D ( 'NONE', #3405, #5461, #5496 ) ;
#981 = DIRECTION ( 'NONE',  ( -0.000000000000000000, -0.000000000000000000, 1.000000000000000000 ) ) ;
#982 = DIRECTION ( 'NONE',  ( -0.000000000000000000, -0.000000000000000000, -1.000000000000000000 ) ) ;
#983 = VERTEX_POINT ( 'NONE', #581 ) ;
#984 = CIRCLE ( 'NONE', #3698, 2.500000000000015987 ) ;
#985 = EDGE_LOOP ( 'NONE', ( #2611, #1160, #5439, #1937 ) ) ;
#986 = DIRECTION ( 'NONE',  ( 0.000000000000000000, 1.000000000000000000, -0.000000000000000000 ) ) ;
#987 = CARTESIAN_POINT ( 'NONE',  ( -11.99999999999998579, 17.00000000000000000, 44.00000000000000000 ) ) ;
#988 = DIRECTION ( 'NONE',  ( -1.000000000000000000, 0.000000000000000000, 0.000000000000000000 ) ) ;
#989 = ORIENTED_EDGE ( 'NONE', *, *, #6712, .T. ) ;
#990 = CARTESIAN_POINT ( 'NONE',  ( 49.99999999999997158, 51.50000000000000711, 3.000000000000000000 ) ) ;
#991 = VECTOR ( 'NONE', #6290, 1000.000000000000000 ) ;
#992 = ORIENTED_EDGE ( 'NONE', *, *, #3544, .F. ) ;
#993 = CIRCLE ( 'NONE', #3597, 1.750000000000015543 ) ;
#994 = LINE ( 'NONE', #5598, #2218 ) ;
#995 = DIRECTION ( 'NONE',  ( -1.000000000000000000, 0.000000000000000000, 0.000000000000000000 ) ) ;
#996 = FACE_OUTER_BOUND ( 'NONE', #226, .T. ) ;
#997 = ORIENTED_EDGE ( 'NONE', *, *, #5394, .T. ) ;
#998 = EDGE_LOOP ( 'NONE', ( #1161, #219 ) ) ;
#999 = EDGE_LOOP ( 'NONE', ( #3311, #202 ) ) ;
#1000 = CARTESIAN_POINT ( 'NONE',  ( -44.99999999999995737, 95.99999999999991473, 8.000000000000000000 ) ) ;
#1001 = CIRCLE ( 'NONE', #5130, 2.100000000000013411 ) ;
#1002 = FACE_OUTER_BOUND ( 'NONE', #4960, .T. ) ;
#1003 = VERTEX_POINT ( 'NONE', #613 ) ;
#1004 = CARTESIAN_POINT ( 'NONE',  ( -29.99999999999997158, -14.75000000000001243, 8.000000000000000000 ) ) ;
#1005 = EDGE_CURVE ( 'NONE', #4048, #257, #1095, .T. ) ;
#1006 = DIRECTION ( 'NONE',  ( -0.000000000000000000, -0.000000000000000000, -1.000000000000000000 ) ) ;
#1007 = VERTEX_POINT ( 'NONE', #4703 ) ;
#1008 = VECTOR ( 'NONE', #3152, 1000.000000000000000 ) ;
#1009 = AXIS2_PLACEMENT_3D ( 'NONE', #2910, #6026, #270 ) ;
#1010 = ORIENTED_EDGE ( 'NONE', *, *, #648, .T. ) ;
#1011 = EDGE_CURVE ( 'NONE', #4572, #2512, #5057, .T. ) ;
#1012 = DIRECTION ( 'NONE',  ( -0.000000000000000000, -0.000000000000000000, 1.000000000000000000 ) ) ;
#1013 = CIRCLE ( 'NONE', #1772, 1.750000000000011990 ) ;
#1014 = CARTESIAN_POINT ( 'NONE',  ( -120.0000000000000000, 56.24999999999993605, 44.00000000000000000 ) ) ;
#1015 = CARTESIAN_POINT ( 'NONE',  ( -50.99999999999997158, 116.4999999999999716, 3.000000000000000000 ) ) ;
#1016 = EDGE_CURVE ( 'NONE', #1306, #185, #508, .T. ) ;
#1017 = DIRECTION ( 'NONE',  ( -1.000000000000000000, 0.000000000000000000, 0.000000000000000000 ) ) ;
#1018 = ORIENTED_EDGE ( 'NONE', *, *, #4550, .T. ) ;
#1019 = AXIS2_PLACEMENT_3D ( 'NONE', #5897, #2310, #6409 ) ;
#1020 = EDGE_LOOP ( 'NONE', ( #4433, #4317, #706, #3093 ) ) ;
#1021 = FACE_BOUND ( 'NONE', #6499, .T. ) ;
#1022 = EDGE_CURVE ( 'NONE', #711, #5957, #4064, .T. ) ;
#1023 = CARTESIAN_POINT ( 'NONE',  ( -107.9999999999999716, 116.4999999999999716, 8.000000000000000000 ) ) ;
#1024 = DIRECTION ( 'NONE',  ( -1.000000000000000000, 0.000000000000000000, 0.000000000000000000 ) ) ;
#1025 = ORIENTED_EDGE ( 'NONE', *, *, #5509, .T. ) ;
#1026 = DIRECTION ( 'NONE',  ( 0.000000000000000000, 0.000000000000000000, -1.000000000000000000 ) ) ;
#1027 = VECTOR ( 'NONE', #4069, 1000.000000000000000 ) ;
#1028 = LINE ( 'NONE', #5174, #5805 ) ;
#1029 = EDGE_CURVE ( 'NONE', #5362, #5684, #2115, .T. ) ;
#1030 = ORIENTED_EDGE ( 'NONE', *, *, #6204, .F. ) ;
#1031 = PLANE ( 'NONE',  #2537 ) ;
#1032 = DIRECTION ( 'NONE',  ( -0.000000000000000000, -0.000000000000000000, -1.000000000000000000 ) ) ;
#1033 = LINE ( 'NONE', #1569, #100 ) ;
#1034 = AXIS2_PLACEMENT_3D ( 'NONE', #6482, #3372, #1769 ) ;
#1035 = ORIENTED_EDGE ( 'NONE', *, *, #1726, .F. ) ;
#1036 = ORIENTED_EDGE ( 'NONE', *, *, #4666, .T. ) ;
#1037 = VERTEX_POINT ( 'NONE', #1134 ) ;
#1038 = CARTESIAN_POINT ( 'NONE',  ( -113.9999999999999858, -54.75000000000002132, 4.000000000000000000 ) ) ;
#1039 = DIRECTION ( 'NONE',  ( -0.000000000000000000, -0.000000000000000000, 1.000000000000000000 ) ) ;
#1040 = EDGE_LOOP ( 'NONE', ( #2994, #192, #5544, #1612 ) ) ;
#1041 = DIRECTION ( 'NONE',  ( 1.000000000000000000, 0.000000000000000000, 0.000000000000000000 ) ) ;
#1042 = PLANE ( 'NONE',  #3125 ) ;
#1043 = ORIENTED_EDGE ( 'NONE', *, *, #3255, .F. ) ;
#1044 = ORIENTED_EDGE ( 'NONE', *, *, #5304, .T. ) ;
#1045 = EDGE_CURVE ( 'NONE', #464, #2060, #3611, .T. ) ;
#1046 = DIRECTION ( 'NONE',  ( 1.000000000000000000, 0.000000000000000000, 0.000000000000000000 ) ) ;
#1047 = LINE ( 'NONE', #2129, #991 ) ;
#1048 = CARTESIAN_POINT ( 'NONE',  ( -112.2499999999999716, -54.75000000000002132, 8.000000000000000000 ) ) ;
#1049 = CARTESIAN_POINT ( 'NONE',  ( 9.999999999999994671, 51.50000000000000711, 8.000000000000007105 ) ) ;
#1050 = ORIENTED_EDGE ( 'NONE', *, *, #3538, .F. ) ;
#1051 = VERTEX_POINT ( 'NONE', #1670 ) ;
#1052 = DIRECTION ( 'NONE',  ( -0.000000000000000000, -0.000000000000000000, 1.000000000000000000 ) ) ;
#1053 = LINE ( 'NONE', #31, #1688 ) ;
#1054 = EDGE_CURVE ( 'NONE', #3525, #6140, #5177, .T. ) ;
#1055 = DIRECTION ( 'NONE',  ( 1.000000000000000000, -0.000000000000000000, -0.000000000000000000 ) ) ;
#1056 = VERTEX_POINT ( 'NONE', #4260 ) ;
#1057 = DIRECTION ( 'NONE',  ( -0.000000000000000000, -0.000000000000000000, -1.000000000000000000 ) ) ;
#1058 = FACE_BOUND ( 'NONE', #6360, .T. ) ;
#1059 = ADVANCED_FACE ( 'NONE', ( #6272 ), #1600, .F. ) ;
#1060 = CIRCLE ( 'NONE', #4432, 1.750000000000015543 ) ;
#1061 = EDGE_CURVE ( 'NONE', #1003, #1244, #71, .T. ) ;
#1062 = ORIENTED_EDGE ( 'NONE', *, *, #4797, .F. ) ;
#1063 = DIRECTION ( 'NONE',  ( 1.000000000000000000, 0.000000000000000000, 0.000000000000000000 ) ) ;
#1064 = EDGE_CURVE ( 'NONE', #77, #3669, #5606, .T. ) ;
#1065 = CYLINDRICAL_SURFACE ( 'NONE', #2894, 1.750000000000011990 ) ;
#1066 = CARTESIAN_POINT ( 'NONE',  ( 13.00000000000001776, 72.00000000000001421, 8.000000000000000000 ) ) ;
#1067 = ORIENTED_EDGE ( 'NONE', *, *, #1947, .F. ) ;
#1068 = CIRCLE ( 'NONE', #88, 1.750000000000008438 ) ;
#1069 = ORIENTED_EDGE ( 'NONE', *, *, #184, .T. ) ;
#1070 = ORIENTED_EDGE ( 'NONE', *, *, #5402, .F. ) ;
#1071 = LINE ( 'NONE', #518, #6562 ) ;
#1072 = CARTESIAN_POINT ( 'NONE',  ( -31.74999999999998579, -14.75000000000001243, 4.000000000000000000 ) ) ;
#1073 = VECTOR ( 'NONE', #120, 1000.000000000000000 ) ;
#1074 = EDGE_LOOP ( 'NONE', ( #1658, #3183, #5493, #3485 ) ) ;
#1075 = DIRECTION ( 'NONE',  ( 1.000000000000000000, 0.000000000000000000, 0.000000000000000000 ) ) ;
#1076 = LINE ( 'NONE', #2051, #2040 ) ;
#1077 = VERTEX_POINT ( 'NONE', #3751 ) ;
#1078 = ORIENTED_EDGE ( 'NONE', *, *, #4046, .F. ) ;
#1079 = CIRCLE ( 'NONE', #417, 1.250000000000013323 ) ;
#1080 = DIRECTION ( 'NONE',  ( -0.000000000000000000, -0.000000000000000000, -1.000000000000000000 ) ) ;
#1081 = FACE_OUTER_BOUND ( 'NONE', #798, .T. ) ;
#1082 = DIRECTION ( 'NONE',  ( -1.000000000000000000, 0.000000000000000000, 0.000000000000000000 ) ) ;
#1083 = CARTESIAN_POINT ( 'NONE',  ( 10.99999999999999645, 8.500000000000007105, 3.000000000000000000 ) ) ;
#1084 = ORIENTED_EDGE ( 'NONE', *, *, #3316, .T. ) ;
#1085 = ORIENTED_EDGE ( 'NONE', *, *, #6462, .T. ) ;
#1086 = CARTESIAN_POINT ( 'NONE',  ( 13.00000000000001066, 108.0000000000000142, 1.224646799147356350E-17 ) ) ;
#1087 = DIRECTION ( 'NONE',  ( 1.000000000000000000, 0.000000000000000000, 0.000000000000000000 ) ) ;
#1088 = DIRECTION ( 'NONE',  ( 0.000000000000000000, 0.000000000000000000, 1.000000000000000000 ) ) ;
#1089 = ORIENTED_EDGE ( 'NONE', *, *, #896, .F. ) ;
#1090 = DIRECTION ( 'NONE',  ( -1.000000000000000000, 0.000000000000000000, 0.000000000000000000 ) ) ;
#1091 = VERTEX_POINT ( 'NONE', #2545 ) ;
#1092 = CIRCLE ( 'NONE', #5223, 1.750000000000013767 ) ;
#1093 = ADVANCED_FACE ( 'NONE', ( #5835, #5213 ), #214, .F. ) ;
#1094 = ORIENTED_EDGE ( 'NONE', *, *, #2044, .T. ) ;
#1095 = LINE ( 'NONE', #3714, #1257 ) ;
#1096 = ADVANCED_FACE ( 'NONE', ( #5936, #2817 ), #717, .T. ) ;
#1097 = AXIS2_PLACEMENT_3D ( 'NONE', #4286, #644, #1793 ) ;
#1098 = CARTESIAN_POINT ( 'NONE',  ( 18.24999999999998934, -45.00000000000000711, 8.000000000000000000 ) ) ;
#1099 = EDGE_CURVE ( 'NONE', #4974, #761, #3529, .T. ) ;
#1100 = CARTESIAN_POINT ( 'NONE',  ( -5.837290253120440868E-15, -21.50000000000001066, 8.000000000000001776 ) ) ;
#1101 = EDGE_CURVE ( 'NONE', #4292, #4038, #3781, .T. ) ;
#1102 = EDGE_LOOP ( 'NONE', ( #4782, #3792 ) ) ;
#1103 = EDGE_CURVE ( 'NONE', #2170, #3257, #6039, .T. ) ;
#1104 = VECTOR ( 'NONE', #4414, 1000.000000000000000 ) ;
#1105 = EDGE_LOOP ( 'NONE', ( #4669, #5438 ) ) ;
#1106 = ORIENTED_EDGE ( 'NONE', *, *, #4209, .F. ) ;
#1107 = DIRECTION ( 'NONE',  ( 0.000000000000000000, 0.000000000000000000, 1.000000000000000000 ) ) ;
#1108 = DIRECTION ( 'NONE',  ( -1.000000000000000000, 0.000000000000000000, 0.000000000000000000 ) ) ;
#1109 = VERTEX_POINT ( 'NONE', #4428 ) ;
#1110 = LINE ( 'NONE', #2123, #3160 ) ;
#1111 = DIRECTION ( 'NONE',  ( -0.000000000000000000, -0.000000000000000000, -1.000000000000000000 ) ) ;
#1112 = EDGE_LOOP ( 'NONE', ( #6652, #617 ) ) ;
#1113 = EDGE_CURVE ( 'NONE', #4364, #2307, #4844, .T. ) ;
#1114 = ORIENTED_EDGE ( 'NONE', *, *, #6517, .F. ) ;
#1115 = AXIS2_PLACEMENT_3D ( 'NONE', #3337, #3269, #5356 ) ;
#1116 = CARTESIAN_POINT ( 'NONE',  ( -117.2500000000000000, -54.75000000000002132, 1.836970198721029688E-16 ) ) ;
#1117 = CARTESIAN_POINT ( 'NONE',  ( -45.99999999999992184, 67.49999999999997158, 1.224646799147353454E-16 ) ) ;
#1118 = DIRECTION ( 'NONE',  ( 1.000000000000000000, 8.673617379884035472E-16, -0.000000000000000000 ) ) ;
#1119 = AXIS2_PLACEMENT_3D ( 'NONE', #6058, #4970, #4452 ) ;
#1120 = AXIS2_PLACEMENT_3D ( 'NONE', #2744, #6368, #2708 ) ;
#1121 = CARTESIAN_POINT ( 'NONE',  ( -3.000000000000007550, -35.00000000000001421, 0.000000000000000000 ) ) ;
#1122 = ORIENTED_EDGE ( 'NONE', *, *, #4894, .T. ) ;
#1123 = ORIENTED_EDGE ( 'NONE', *, *, #4847, .F. ) ;
#1124 = AXIS2_PLACEMENT_3D ( 'NONE', #2597, #54, #2127 ) ;
#1125 = CARTESIAN_POINT ( 'NONE',  ( -119.9999999999999858, 0.000000000000000000, 44.00000000000000000 ) ) ;
#1126 = DIRECTION ( 'NONE',  ( -1.000000000000000000, 0.000000000000000000, 0.000000000000000000 ) ) ;
#1127 = CARTESIAN_POINT ( 'NONE',  ( 20.00000000000000000, -5.000000000000004441, 4.000000000000003553 ) ) ;
#1128 = ORIENTED_EDGE ( 'NONE', *, *, #2928, .F. ) ;
#1129 = CARTESIAN_POINT ( 'NONE',  ( -46.99999999999993605, 116.4999999999999716, 3.000000000000000000 ) ) ;
#1130 = VERTEX_POINT ( 'NONE', #752 ) ;
#1131 = CIRCLE ( 'NONE', #6025, 1.750000000000013323 ) ;
#1132 = ORIENTED_EDGE ( 'NONE', *, *, #4305, .F. ) ;
#1133 = ADVANCED_FACE ( 'NONE', ( #2347 ), #5868, .F. ) ;
#1134 = CARTESIAN_POINT ( 'NONE',  ( 8.249999999999991118, -45.00000000000000711, 8.000000000000000000 ) ) ;
#1135 = AXIS2_PLACEMENT_3D ( 'NONE', #5748, #2020, #494 ) ;
#1136 = CYLINDRICAL_SURFACE ( 'NONE', #839, 3.000000000000012879 ) ;
#1137 = CARTESIAN_POINT ( 'NONE',  ( -44.99999999999995026, 0.000000000000000000, 8.000000000000000000 ) ) ;
#1138 = EDGE_LOOP ( 'NONE', ( #5617, #2812, #5941, #314 ) ) ;
#1139 = ADVANCED_FACE ( 'NONE', ( #246 ), #1302, .F. ) ;
#1140 = CIRCLE ( 'NONE', #1457, 1.750000000000015543 ) ;
#1141 = EDGE_LOOP ( 'NONE', ( #6185, #2351, #3273, #4092 ) ) ;
#1142 = ORIENTED_EDGE ( 'NONE', *, *, #6169, .F. ) ;
#1143 = EDGE_CURVE ( 'NONE', #5567, #6141, #3818, .T. ) ;
#1144 = DIRECTION ( 'NONE',  ( 8.673617379884035472E-16, -1.000000000000000000, 0.000000000000000000 ) ) ;
#1145 = CARTESIAN_POINT ( 'NONE',  ( 15.10000000000002451, 108.0000000000000142, 1.224646799147356350E-17 ) ) ;
#1146 = EDGE_CURVE ( 'NONE', #2062, #5371, #2279, .T. ) ;
#1147 = CIRCLE ( 'NONE', #3860, 1.750000000000015543 ) ;
#1148 = EDGE_LOOP ( 'NONE', ( #2995, #5476, #4990, #5734 ) ) ;
#1149 = CARTESIAN_POINT ( 'NONE',  ( -13.74999999999999822, 17.00000000000000000, 33.99999999999999289 ) ) ;
#1150 = DIRECTION ( 'NONE',  ( -1.000000000000000000, 0.000000000000000000, 0.000000000000000000 ) ) ;
#1151 = EDGE_LOOP ( 'NONE', ( #4645, #2438, #5624, #6286 ) ) ;
#1152 = EDGE_LOOP ( 'NONE', ( #920, #6156 ) ) ;
#1153 = AXIS2_PLACEMENT_3D ( 'NONE', #2173, #3639, #3117 ) ;
#1154 = EDGE_CURVE ( 'NONE', #5661, #4267, #1147, .T. ) ;
#1155 = FACE_BOUND ( 'NONE', #6452, .T. ) ;
#1156 = EDGE_CURVE ( 'NONE', #48, #6172, #3884, .T. ) ;
#1157 = CARTESIAN_POINT ( 'NONE',  ( 21.75000000000001776, -35.00000000000000000, 8.000000000000000000 ) ) ;
#1158 = DIRECTION ( 'NONE',  ( 1.000000000000000000, 0.000000000000000000, 0.000000000000000000 ) ) ;
#1159 = DIRECTION ( 'NONE',  ( -0.000000000000000000, -0.000000000000000000, 1.000000000000000000 ) ) ;
#1160 = ORIENTED_EDGE ( 'NONE', *, *, #973, .F. ) ;
#1161 = ORIENTED_EDGE ( 'NONE', *, *, #4429, .F. ) ;
#1162 = DIRECTION ( 'NONE',  ( 0.000000000000000000, 1.000000000000000000, 0.000000000000000000 ) ) ;
#1163 = DIRECTION ( 'NONE',  ( 1.000000000000000000, 0.000000000000000000, 0.000000000000000000 ) ) ;
#1164 = FACE_OUTER_BOUND ( 'NONE', #5796, .T. ) ;
#1165 = ORIENTED_EDGE ( 'NONE', *, *, #1506, .F. ) ;
#1166 = DIRECTION ( 'NONE',  ( 0.000000000000000000, -1.000000000000000000, 0.000000000000000000 ) ) ;
#1167 = DIRECTION ( 'NONE',  ( -1.000000000000000000, 0.000000000000000000, 0.000000000000000000 ) ) ;
#1168 = ORIENTED_EDGE ( 'NONE', *, *, #4256, .F. ) ;
#1169 = DIRECTION ( 'NONE',  ( -0.000000000000000000, -0.000000000000000000, 1.000000000000000000 ) ) ;
#1170 = CARTESIAN_POINT ( 'NONE',  ( 4.047688110612550150E-15, -5.000000000000011546, 4.000000000000003553 ) ) ;
#1171 = FACE_OUTER_BOUND ( 'NONE', #985, .T. ) ;
#1172 = AXIS2_PLACEMENT_3D ( 'NONE', #3287, #666, #6495 ) ;
#1173 = ORIENTED_EDGE ( 'NONE', *, *, #4981, .F. ) ;
#1174 = EDGE_LOOP ( 'NONE', ( #3038, #425, #4539, #5292 ) ) ;
#1175 = ORIENTED_EDGE ( 'NONE', *, *, #2595, .T. ) ;
#1176 = EDGE_CURVE ( 'NONE', #3908, #2673, #931, .T. ) ;
#1177 = DIRECTION ( 'NONE',  ( -0.000000000000000000, -0.000000000000000000, -1.000000000000000000 ) ) ;
#1178 = EDGE_CURVE ( 'NONE', #4055, #3590, #1239, .T. ) ;
#1179 = ORIENTED_EDGE ( 'NONE', *, *, #1920, .F. ) ;
#1180 = CARTESIAN_POINT ( 'NONE',  ( 51.49999999999998579, 51.50000000000000711, 3.000000000000000000 ) ) ;
#1181 = DIRECTION ( 'NONE',  ( -0.000000000000000000, -0.000000000000000000, 1.000000000000000000 ) ) ;
#1182 = AXIS2_PLACEMENT_3D ( 'NONE', #6268, #5757, #1090 ) ;
#1183 = ORIENTED_EDGE ( 'NONE', *, *, #1101, .F. ) ;
#1184 = ORIENTED_EDGE ( 'NONE', *, *, #2504, .F. ) ;
#1185 = EDGE_CURVE ( 'NONE', #5313, #6726, #4068, .T. ) ;
#1186 = AXIS2_PLACEMENT_3D ( 'NONE', #669, #4832, #2232 ) ;
#1187 = LINE ( 'NONE', #5338, #5253 ) ;
#1188 = EDGE_CURVE ( 'NONE', #6612, #4953, #58, .T. ) ;
#1189 = FACE_OUTER_BOUND ( 'NONE', #5440, .T. ) ;
#1190 = CARTESIAN_POINT ( 'NONE',  ( -119.9999999999999716, -56.00000000000002132, 1.040834085586084257E-14 ) ) ;
#1191 = EDGE_CURVE ( 'NONE', #1605, #384, #3646, .T. ) ;
#1192 = DIRECTION ( 'NONE',  ( 1.000000000000000000, 0.000000000000000000, 0.000000000000000000 ) ) ;
#1193 = ORIENTED_EDGE ( 'NONE', *, *, #895, .F. ) ;
#1194 = EDGE_CURVE ( 'NONE', #141, #536, #171, .T. ) ;
#1195 = CARTESIAN_POINT ( 'NONE',  ( 8.499999999999984013, 8.500000000000007105, 0.000000000000000000 ) ) ;
#1196 = DIRECTION ( 'NONE',  ( -1.000000000000000000, 0.000000000000000000, 0.000000000000000000 ) ) ;
#1197 = AXIS2_PLACEMENT_3D ( 'NONE', #3539, #1409, #3024 ) ;
#1198 = CARTESIAN_POINT ( 'NONE',  ( -3.000000000000009326, -5.000000000000011546, 0.000000000000000000 ) ) ;
#1199 = EDGE_LOOP ( 'NONE', ( #5967, #5551 ) ) ;
#1200 = DIRECTION ( 'NONE',  ( -1.000000000000000000, 0.000000000000000000, 0.000000000000000000 ) ) ;
#1201 = CARTESIAN_POINT ( 'NONE',  ( 20.00000000000000000, -5.000000000000004441, 4.000000000000003553 ) ) ;
#1202 = ORIENTED_EDGE ( 'NONE', *, *, #4550, .F. ) ;
#1203 = DIRECTION ( 'NONE',  ( -0.000000000000000000, -0.000000000000000000, -1.000000000000000000 ) ) ;
#1204 = DIRECTION ( 'NONE',  ( -0.000000000000000000, -0.000000000000000000, -1.000000000000000000 ) ) ;
#1205 = CARTESIAN_POINT ( 'NONE',  ( 34.00000000000000000, 0.000000000000000000, 0.000000000000000000 ) ) ;
#1206 = AXIS2_PLACEMENT_3D ( 'NONE', #4978, #2888, #5425 ) ;
#1207 = EDGE_LOOP ( 'NONE', ( #489, #3549 ) ) ;
#1208 = EDGE_LOOP ( 'NONE', ( #4596, #3366 ) ) ;
#1209 = ORIENTED_EDGE ( 'NONE', *, *, #3762, .T. ) ;
#1210 = AXIS2_PLACEMENT_3D ( 'NONE', #2026, #66, #1592 ) ;
#1211 = DIRECTION ( 'NONE',  ( 0.000000000000000000, 1.000000000000000000, -0.000000000000000000 ) ) ;
#1212 = LINE ( 'NONE', #2794, #4472 ) ;
#1213 = DIRECTION ( 'NONE',  ( -1.000000000000000000, 0.000000000000000000, 0.000000000000000000 ) ) ;
#1214 = VECTOR ( 'NONE', #2199, 1000.000000000000000 ) ;
#1215 = ORIENTED_EDGE ( 'NONE', *, *, #1535, .T. ) ;
#1216 = ORIENTED_EDGE ( 'NONE', *, *, #6330, .T. ) ;
#1217 = CIRCLE ( 'NONE', #2186, 2.999999999999999112 ) ;
#1218 = DIRECTION ( 'NONE',  ( -0.000000000000000000, -0.000000000000000000, 1.000000000000000000 ) ) ;
#1219 = DIRECTION ( 'NONE',  ( 1.000000000000000000, 0.000000000000000000, 0.000000000000000000 ) ) ;
#1220 = FACE_OUTER_BOUND ( 'NONE', #5574, .T. ) ;
#1221 = CARTESIAN_POINT ( 'NONE',  ( -8.000000000000092371, -5.000000000000003553, 33.99999999999999289 ) ) ;
#1222 = CYLINDRICAL_SURFACE ( 'NONE', #589, 1.750000000000015543 ) ;
#1223 = AXIS2_PLACEMENT_3D ( 'NONE', #1408, #2421, #4987 ) ;
#1224 = ORIENTED_EDGE ( 'NONE', *, *, #1649, .T. ) ;
#1225 = EDGE_CURVE ( 'NONE', #1577, #6218, #6098, .T. ) ;
#1226 = CARTESIAN_POINT ( 'NONE',  ( 48.99999999999996447, 8.500000000000007105, 0.000000000000000000 ) ) ;
#1227 = EDGE_CURVE ( 'NONE', #5155, #2145, #3971, .T. ) ;
#1228 = DIRECTION ( 'NONE',  ( 4.625929269271485914E-16, -1.000000000000000000, 0.000000000000000000 ) ) ;
#1230 = CARTESIAN_POINT ( 'NONE',  ( -113.9999999999999858, -54.75000000000002132, 1.836970198721029688E-16 ) ) ;
#1229 = AXIS2_PLACEMENT_3D ( 'NONE', #6607, #3469, #2983 ) ;
#1231 = EDGE_CURVE ( 'NONE', #7, #1512, #371, .T. ) ;
#1232 = ORIENTED_EDGE ( 'NONE', *, *, #5597, .T. ) ;
#1233 = DIRECTION ( 'NONE',  ( -0.000000000000000000, -0.000000000000000000, 1.000000000000000000 ) ) ;
#1234 = FACE_BOUND ( 'NONE', #4059, .T. ) ;
#1235 = EDGE_CURVE ( 'NONE', #3188, #827, #4617, .T. ) ;
#1236 = AXIS2_PLACEMENT_3D ( 'NONE', #4604, #6649, #4451 ) ;
#1237 = ORIENTED_EDGE ( 'NONE', *, *, #4892, .F. ) ;
#1238 = LINE ( 'NONE', #2816, #4584 ) ;
#1239 = LINE ( 'NONE', #1831, #6585 ) ;
#1240 = CARTESIAN_POINT ( 'NONE',  ( 20.00000000000000355, -45.00000000000000711, 4.000000000000003553 ) ) ;
#1241 = AXIS2_PLACEMENT_3D ( 'NONE', #5029, #2900, #4412 ) ;
#1242 = ADVANCED_FACE ( 'NONE', ( #6636 ), #5104, .F. ) ;
#1243 = ORIENTED_EDGE ( 'NONE', *, *, #1715, .T. ) ;
#1244 = VERTEX_POINT ( 'NONE', #4977 ) ;
#1245 = VECTOR ( 'NONE', #2680, 1000.000000000000000 ) ;
#1246 = VERTEX_POINT ( 'NONE', #6128 ) ;
#1247 = DIRECTION ( 'NONE',  ( -1.000000000000000000, 0.000000000000000000, 0.000000000000000000 ) ) ;
#1248 = CARTESIAN_POINT ( 'NONE',  ( 11.75000000000001421, -21.50000000000001066, 8.000000000000000000 ) ) ;
#1249 = EDGE_LOOP ( 'NONE', ( #2897, #5751, #6372, #1970 ) ) ;
#1250 = VERTEX_POINT ( 'NONE', #1429 ) ;
#1251 = CIRCLE ( 'NONE', #3196, 1.750000000000015543 ) ;
#1252 = FACE_OUTER_BOUND ( 'NONE', #322, .T. ) ;
#1253 = LINE ( 'NONE', #3324, #4424 ) ;
#1254 = DIRECTION ( 'NONE',  ( -0.000000000000000000, -0.000000000000000000, 1.000000000000000000 ) ) ;
#1255 = DIRECTION ( 'NONE',  ( -0.000000000000000000, -0.000000000000000000, 1.000000000000000000 ) ) ;
#1256 = DIRECTION ( 'NONE',  ( 1.000000000000000000, 0.000000000000000000, 0.000000000000000000 ) ) ;
#1257 = VECTOR ( 'NONE', #1531, 1000.000000000000000 ) ;
#1258 = ORIENTED_EDGE ( 'NONE', *, *, #4429, .T. ) ;
#1259 = FACE_OUTER_BOUND ( 'NONE', #5977, .T. ) ;
#1260 = LINE ( 'NONE', #5923, #2738 ) ;
#1261 = CIRCLE ( 'NONE', #2120, 1.750000000000011990 ) ;
#1262 = CYLINDRICAL_SURFACE ( 'NONE', #5229, 1.750000000000008438 ) ;
#1263 = ORIENTED_EDGE ( 'NONE', *, *, #5670, .F. ) ;
#1264 = CARTESIAN_POINT ( 'NONE',  ( 10.00000000000000355, -35.00000000000000000, -8.572527594031465301E-16 ) ) ;
#1265 = FACE_BOUND ( 'NONE', #4624, .T. ) ;
#1266 = EDGE_LOOP ( 'NONE', ( #976, #383, #2352, #5188 ) ) ;
#1267 = EDGE_CURVE ( 'NONE', #4611, #3726, #3471, .T. ) ;
#1268 = DIRECTION ( 'NONE',  ( -0.000000000000000000, -0.000000000000000000, 1.000000000000000000 ) ) ;
#1269 = DIRECTION ( 'NONE',  ( 1.000000000000000000, 0.000000000000000000, 0.000000000000000000 ) ) ;
#1270 = EDGE_CURVE ( 'NONE', #1246, #3864, #4042, .T. ) ;
#1271 = DIRECTION ( 'NONE',  ( -1.000000000000000000, 0.000000000000000000, 0.000000000000000000 ) ) ;
#1272 = CYLINDRICAL_SURFACE ( 'NONE', #3003, 2.500000000000015987 ) ;
#1273 = EDGE_CURVE ( 'NONE', #290, #5715, #1901, .T. ) ;
#1274 = ORIENTED_EDGE ( 'NONE', *, *, #4986, .F. ) ;
#1275 = ORIENTED_EDGE ( 'NONE', *, *, #5398, .F. ) ;
#1276 = ORIENTED_EDGE ( 'NONE', *, *, #6433, .F. ) ;
#1277 = EDGE_CURVE ( 'NONE', #2259, #5542, #5011, .T. ) ;
#1278 = CYLINDRICAL_SURFACE ( 'NONE', #1990, 3.000000000000012879 ) ;
#1279 = AXIS2_PLACEMENT_3D ( 'NONE', #1704, #3237, #582 ) ;
#1280 = DIRECTION ( 'NONE',  ( 0.000000000000000000, 0.000000000000000000, -1.000000000000000000 ) ) ;
#1281 = FACE_BOUND ( 'NONE', #5200, .T. ) ;
#1282 = VERTEX_POINT ( 'NONE', #2470 ) ;
#1283 = CIRCLE ( 'NONE', #300, 2.100000000000011635 ) ;
#1284 = ORIENTED_EDGE ( 'NONE', *, *, #2664, .F. ) ;
#1285 = ORIENTED_EDGE ( 'NONE', *, *, #2827, .F. ) ;
#1286 = DIRECTION ( 'NONE',  ( -0.000000000000000000, -0.000000000000000000, -1.000000000000000000 ) ) ;
#1287 = DIRECTION ( 'NONE',  ( -1.000000000000000000, 0.000000000000000000, 0.000000000000000000 ) ) ;
#1288 = AXIS2_PLACEMENT_3D ( 'NONE', #4522, #5068, #493 ) ;
#1289 = CARTESIAN_POINT ( 'NONE',  ( -113.9999999999999716, -14.75000000000001243, 1.836970198721029688E-16 ) ) ;
#1290 = DIRECTION ( 'NONE',  ( 1.000000000000000000, 0.000000000000000000, 0.000000000000000000 ) ) ;
#1291 = CARTESIAN_POINT ( 'NONE',  ( -106.4999999999999574, 67.49999999999997158, 0.000000000000000000 ) ) ;
#1292 = ORIENTED_EDGE ( 'NONE', *, *, #3631, .F. ) ;
#1293 = CARTESIAN_POINT ( 'NONE',  ( -48.49999999999993605, 67.49999999999997158, 3.000000000000000000 ) ) ;
#1294 = CARTESIAN_POINT ( 'NONE',  ( -48.49999999999993605, 67.49999999999997158, 8.000000000000000000 ) ) ;
#1295 = DIRECTION ( 'NONE',  ( -1.000000000000000000, 0.000000000000000000, 0.000000000000000000 ) ) ;
#1296 = ORIENTED_EDGE ( 'NONE', *, *, #2613, .F. ) ;
#1297 = CARTESIAN_POINT ( 'NONE',  ( 10.00000000000000355, -35.00000000000000000, 0.000000000000000000 ) ) ;
#1298 = AXIS2_PLACEMENT_3D ( 'NONE', #626, #3140, #2194 ) ;
#1299 = CARTESIAN_POINT ( 'NONE',  ( 0.000000000000000000, 0.000000000000000000, 0.000000000000000000 ) ) ;
#1300 = EDGE_LOOP ( 'NONE', ( #3964, #1314, #4476, #1258 ) ) ;
#1301 = DIRECTION ( 'NONE',  ( -0.000000000000000000, -0.000000000000000000, 1.000000000000000000 ) ) ;
#1302 = CYLINDRICAL_SURFACE ( 'NONE', #3199, 3.000000000000012879 ) ;
#1303 = DIRECTION ( 'NONE',  ( -0.000000000000000000, -0.000000000000000000, -1.000000000000000000 ) ) ;
#1304 = DIRECTION ( 'NONE',  ( -0.000000000000000000, -0.000000000000000000, 1.000000000000000000 ) ) ;
#1305 = ORIENTED_EDGE ( 'NONE', *, *, #6059, .F. ) ;
#1306 = VERTEX_POINT ( 'NONE', #6578 ) ;
#1307 = EDGE_CURVE ( 'NONE', #6235, #4771, #3436, .T. ) ;
#1308 = CARTESIAN_POINT ( 'NONE',  ( 30.00000000000000711, 64.00000000000000000, 8.000000000000000000 ) ) ;
#1309 = VECTOR ( 'NONE', #2538, 1000.000000000000000 ) ;
#1310 = DIRECTION ( 'NONE',  ( -0.000000000000000000, -0.000000000000000000, -1.000000000000000000 ) ) ;
#1311 = DIRECTION ( 'NONE',  ( -1.000000000000000000, -1.387778780781445676E-16, 0.000000000000000000 ) ) ;
#1312 = ORIENTED_EDGE ( 'NONE', *, *, #726, .T. ) ;
#1313 = AXIS2_PLACEMENT_3D ( 'NONE', #4736, #2606, #5206 ) ;
#1314 = ORIENTED_EDGE ( 'NONE', *, *, #5302, .T. ) ;
#1315 = ORIENTED_EDGE ( 'NONE', *, *, #424, .T. ) ;
#1316 = DIRECTION ( 'NONE',  ( 1.000000000000000000, -0.000000000000000000, -0.000000000000000000 ) ) ;
#1317 = CARTESIAN_POINT ( 'NONE',  ( -44.99999999999995737, 95.99999999999991473, 8.000000000000000000 ) ) ;
#1318 =( NAMED_UNIT ( * ) SI_UNIT ( $, .STERADIAN. ) SOLID_ANGLE_UNIT ( ) );
#1319 = AXIS2_PLACEMENT_3D ( 'NONE', #5273, #91, #2636 ) ;
#1320 = CARTESIAN_POINT ( 'NONE',  ( 21.75000000000001776, -55.00000000000000711, 4.000000000000003553 ) ) ;
#1321 = ADVANCED_FACE ( 'NONE', ( #3503 ), #308, .F. ) ;
#1322 = DIRECTION ( 'NONE',  ( -0.000000000000000000, -0.000000000000000000, -1.000000000000000000 ) ) ;
#1323 = VERTEX_POINT ( 'NONE', #2887 ) ;
#1324 = AXIS2_PLACEMENT_3D ( 'NONE', #5773, #591, #6653 ) ;
#1325 = LINE ( 'NONE', #5486, #6457 ) ;
#1326 = DIRECTION ( 'NONE',  ( 1.000000000000000000, 0.000000000000000000, 0.000000000000000000 ) ) ;
#1327 = CARTESIAN_POINT ( 'NONE',  ( -48.49999999999995026, 116.4999999999999716, 3.000000000000000000 ) ) ;
#1328 = DIRECTION ( 'NONE',  ( 0.000000000000000000, 0.000000000000000000, -1.000000000000000000 ) ) ;
#1329 = CARTESIAN_POINT ( 'NONE',  ( 0.000000000000000000, 0.000000000000000000, 0.000000000000000000 ) ) ;
#1330 = CIRCLE ( 'NONE', #5788, 1.500000000000015099 ) ;
#1331 = FACE_OUTER_BOUND ( 'NONE', #2248, .T. ) ;
#1332 = ORIENTED_EDGE ( 'NONE', *, *, #139, .F. ) ;
#1333 = DIRECTION ( 'NONE',  ( -1.000000000000000000, 0.000000000000000000, 0.000000000000000000 ) ) ;
#1334 = CIRCLE ( 'NONE', #6451, 4.000000000000000000 ) ;
#1335 = CARTESIAN_POINT ( 'NONE',  ( -44.99999999999992895, 119.9999999999999716, 8.000000000000000000 ) ) ;
#1336 = DIRECTION ( 'NONE',  ( -1.000000000000000000, 0.000000000000000000, 0.000000000000000000 ) ) ;
#1337 = LINE ( 'NONE', #825, #6166 ) ;
#1338 = AXIS2_PLACEMENT_3D ( 'NONE', #2676, #4179, #5787 ) ;
#1339 = CIRCLE ( 'NONE', #2090, 3.250000000000016875 ) ;
#1340 = ORIENTED_EDGE ( 'NONE', *, *, #2291, .T. ) ;
#1341 = ORIENTED_EDGE ( 'NONE', *, *, #186, .T. ) ;
#1342 = FACE_OUTER_BOUND ( 'NONE', #5027, .T. ) ;
#1343 = AXIS2_PLACEMENT_3D ( 'NONE', #3621, #5607, #2483 ) ;
#1344 = FACE_BOUND ( 'NONE', #3822, .T. ) ;
#1345 = CARTESIAN_POINT ( 'NONE',  ( -5.837290253120440868E-15, -21.50000000000001066, 4.000000000000000000 ) ) ;
#1346 = ORIENTED_EDGE ( 'NONE', *, *, #3252, .T. ) ;
#1347 = ADVANCED_FACE ( 'NONE', ( #4459 ), #6034, .T. ) ;
#1348 = VERTEX_POINT ( 'NONE', #1335 ) ;
#1349 = ORIENTED_EDGE ( 'NONE', *, *, #856, .T. ) ;
#1350 = FACE_BOUND ( 'NONE', #1199, .T. ) ;
#1351 = DIRECTION ( 'NONE',  ( 1.000000000000000000, 8.673617379884035472E-16, -0.000000000000000000 ) ) ;
#1352 = VECTOR ( 'NONE', #3837, 1000.000000000000000 ) ;
#1353 = DIRECTION ( 'NONE',  ( -0.000000000000000000, -0.000000000000000000, -1.000000000000000000 ) ) ;
#1354 = CARTESIAN_POINT ( 'NONE',  ( 8.249999999999985789, -21.50000000000001066, 8.000000000000000000 ) ) ;
#1355 = DIRECTION ( 'NONE',  ( -0.000000000000000000, -0.000000000000000000, -1.000000000000000000 ) ) ;
#1356 = EDGE_CURVE ( 'NONE', #515, #4477, #5529, .T. ) ;
#1357 = ORIENTED_EDGE ( 'NONE', *, *, #5506, .T. ) ;
#1358 = AXIS2_PLACEMENT_3D ( 'NONE', #1938, #2476, #1875 ) ;
#1359 = DIRECTION ( 'NONE',  ( 1.000000000000000000, 0.000000000000000000, 0.000000000000000000 ) ) ;
#1360 = ADVANCED_FACE ( 'NONE', ( #1994 ), #5495, .T. ) ;
#1361 = DIRECTION ( 'NONE',  ( 1.000000000000000000, 0.000000000000000000, 0.000000000000000000 ) ) ;
#1362 = DIRECTION ( 'NONE',  ( -1.000000000000000000, 0.000000000000000000, 0.000000000000000000 ) ) ;
#1363 = DIRECTION ( 'NONE',  ( -1.000000000000000000, 0.000000000000000000, 0.000000000000000000 ) ) ;
#1364 = VECTOR ( 'NONE', #4741, 1000.000000000000000 ) ;
#1365 = DIRECTION ( 'NONE',  ( -0.000000000000000000, -0.000000000000000000, 1.000000000000000000 ) ) ;
#1366 = ORIENTED_EDGE ( 'NONE', *, *, #5002, .T. ) ;
#1367 = AXIS2_PLACEMENT_3D ( 'NONE', #1400, #2379, #2953 ) ;
#1368 = CYLINDRICAL_SURFACE ( 'NONE', #4264, 2.100000000000011635 ) ;
#1369 = DIRECTION ( 'NONE',  ( -0.000000000000000000, -0.000000000000000000, -1.000000000000000000 ) ) ;
#1370 = CARTESIAN_POINT ( 'NONE',  ( -25.10000000000000142, 108.0000000000000142, 1.224646799147356350E-17 ) ) ;
#1371 = PLANE ( 'NONE',  #6064 ) ;
#1372 = EDGE_LOOP ( 'NONE', ( #3025, #18, #5168, #1202 ) ) ;
#1373 = EDGE_LOOP ( 'NONE', ( #3067, #6559, #5726, #4766 ) ) ;
#1374 = DIRECTION ( 'NONE',  ( 1.000000000000000000, 0.000000000000000000, 0.000000000000000000 ) ) ;
#1375 = DIRECTION ( 'NONE',  ( -1.000000000000000000, 0.000000000000000000, 0.000000000000000000 ) ) ;
#1376 = FACE_OUTER_BOUND ( 'NONE', #6558, .T. ) ;
#1377 = ORIENTED_EDGE ( 'NONE', *, *, #2371, .F. ) ;
#1378 = EDGE_CURVE ( 'NONE', #3980, #6692, #6042, .T. ) ;
#1379 = ORIENTED_EDGE ( 'NONE', *, *, #6474, .F. ) ;
#1380 = VERTEX_POINT ( 'NONE', #4496 ) ;
#1381 = FACE_BOUND ( 'NONE', #5701, .T. ) ;
#1382 = CARTESIAN_POINT ( 'NONE',  ( -106.4999999999999574, 67.49999999999997158, 3.000000000000000000 ) ) ;
#1383 = LINE ( 'NONE', #806, #6441 ) ;
#1384 = LINE ( 'NONE', #4609, #313 ) ;
#1385 = VECTOR ( 'NONE', #5903, 1000.000000000000000 ) ;
#1386 = EDGE_CURVE ( 'NONE', #1323, #1472, #1903, .T. ) ;
#1387 = CARTESIAN_POINT ( 'NONE',  ( 6.999999999999971578, 8.500000000000007105, 8.000000000000007105 ) ) ;
#1388 = ORIENTED_EDGE ( 'NONE', *, *, #236, .T. ) ;
#1389 = EDGE_CURVE ( 'NONE', #48, #291, #6259, .T. ) ;
#1390 = EDGE_CURVE ( 'NONE', #764, #2023, #1053, .T. ) ;
#1391 = VECTOR ( 'NONE', #3462, 1000.000000000000000 ) ;
#1392 = PLANE ( 'NONE',  #4706 ) ;
#1393 = DIRECTION ( 'NONE',  ( 1.000000000000000000, 0.000000000000000000, 0.000000000000000000 ) ) ;
#1394 = CARTESIAN_POINT ( 'NONE',  ( -40.99999999999995026, 112.0000000000000000, 16.00000000000000000 ) ) ;
#1395 = EDGE_CURVE ( 'NONE', #5327, #2157, #3322, .T. ) ;
#1396 = CARTESIAN_POINT ( 'NONE',  ( -120.0000000000000568, 115.9999999999999574, 1.040834085586084257E-14 ) ) ;
#1397 = EDGE_CURVE ( 'NONE', #6004, #5646, #5170, .T. ) ;
#1398 = ORIENTED_EDGE ( 'NONE', *, *, #6664, .F. ) ;
#1399 = DIRECTION ( 'NONE',  ( -0.000000000000000000, -0.000000000000000000, -1.000000000000000000 ) ) ;
#1400 = CARTESIAN_POINT ( 'NONE',  ( -113.9999999999999716, -14.75000000000001243, 1.836970198721029688E-16 ) ) ;
#1401 = VECTOR ( 'NONE', #4379, 1000.000000000000000 ) ;
#1402 = CARTESIAN_POINT ( 'NONE',  ( -44.99999999999995737, 112.0000000000000000, 16.00000000000000000 ) ) ;
#1403 = CARTESIAN_POINT ( 'NONE',  ( -40.99999999999995026, 108.0000000000000142, 12.00000000000000000 ) ) ;
#1404 = EDGE_CURVE ( 'NONE', #6417, #536, #3051, .T. ) ;
#1405 = CIRCLE ( 'NONE', #1298, 3.000000000000012879 ) ;
#1406 = ORIENTED_EDGE ( 'NONE', *, *, #5558, .T. ) ;
#1407 = DIRECTION ( 'NONE',  ( 1.000000000000000000, 0.000000000000000000, 0.000000000000000000 ) ) ;
#1408 = CARTESIAN_POINT ( 'NONE',  ( -106.4999999999999574, 67.49999999999997158, 3.000000000000000000 ) ) ;
#1409 = DIRECTION ( 'NONE',  ( -0.000000000000000000, -0.000000000000000000, 1.000000000000000000 ) ) ;
#1410 = VERTEX_POINT ( 'NONE', #5719 ) ;
#1411 = ORIENTED_EDGE ( 'NONE', *, *, #3803, .T. ) ;
#1412 = EDGE_LOOP ( 'NONE', ( #3304, #1036, #1357, #3027 ) ) ;
#1413 = CARTESIAN_POINT ( 'NONE',  ( 30.00000000000000000, 120.0000000000000000, 0.000000000000000000 ) ) ;
#1414 = VERTEX_POINT ( 'NONE', #2025 ) ;
#1415 = CARTESIAN_POINT ( 'NONE',  ( -110.7499999999999716, -54.75000000000002132, 4.000000000000000000 ) ) ;
#1416 = CARTESIAN_POINT ( 'NONE',  ( 10.89999999999999858, 108.0000000000000142, 1.224646799147356350E-17 ) ) ;
#1417 = AXIS2_PLACEMENT_3D ( 'NONE', #5138, #6099, #3504 ) ;
#1418 = DIRECTION ( 'NONE',  ( 0.000000000000000000, 0.000000000000000000, 1.000000000000000000 ) ) ;
#1419 = ORIENTED_EDGE ( 'NONE', *, *, #1785, .T. ) ;
#1420 = AXIS2_PLACEMENT_3D ( 'NONE', #744, #2339, #4420 ) ;
#1421 = CARTESIAN_POINT ( 'NONE',  ( 10.00000000000000000, -21.50000000000001066, 8.000000000000000000 ) ) ;
#1422 = CARTESIAN_POINT ( 'NONE',  ( 1.750000000000007327, -21.50000000000001066, 8.000000000000000000 ) ) ;
#1423 = DIRECTION ( 'NONE',  ( -0.000000000000000000, -0.000000000000000000, -1.000000000000000000 ) ) ;
#1424 = DIRECTION ( 'NONE',  ( -1.000000000000000000, 0.000000000000000000, 0.000000000000000000 ) ) ;
#1425 = CIRCLE ( 'NONE', #5021, 1.750000000000015543 ) ;
#1426 = EDGE_CURVE ( 'NONE', #5841, #6181, #1261, .T. ) ;
#1427 = ORIENTED_EDGE ( 'NONE', *, *, #4338, .F. ) ;
#1428 = DIRECTION ( 'NONE',  ( -0.000000000000000000, -0.000000000000000000, -1.000000000000000000 ) ) ;
#1429 = CARTESIAN_POINT ( 'NONE',  ( -26.74999999999995737, -14.75000000000001243, 1.836970198721029688E-16 ) ) ;
#1431 = CARTESIAN_POINT ( 'NONE',  ( 14.25000000000002309, 108.0000000000000142, 4.000000000000000000 ) ) ;
#1430 = MECHANICAL_DESIGN_GEOMETRIC_PRESENTATION_REPRESENTATION (  '', ( #5345 ), #6323 ) ;
#1432 = ORIENTED_EDGE ( 'NONE', *, *, #1389, .T. ) ;
#1433 = DIRECTION ( 'NONE',  ( 0.000000000000000000, 0.000000000000000000, 1.000000000000000000 ) ) ;
#1434 = AXIS2_PLACEMENT_3D ( 'NONE', #5369, #3318, #6421 ) ;
#1435 = ORIENTED_EDGE ( 'NONE', *, *, #6349, .F. ) ;
#1436 = CYLINDRICAL_SURFACE ( 'NONE', #3317, 1.500000000000015099 ) ;
#1437 = EDGE_CURVE ( 'NONE', #480, #1380, #2982, .T. ) ;
#1438 = CIRCLE ( 'NONE', #4700, 2.500000000000012434 ) ;
#1439 = AXIS2_PLACEMENT_3D ( 'NONE', #1488, #2641, #4732 ) ;
#1440 = CARTESIAN_POINT ( 'NONE',  ( -32.99999999999998579, -5.000000000000002665, 44.00000000000000000 ) ) ;
#1441 = ORIENTED_EDGE ( 'NONE', *, *, #3813, .T. ) ;
#1442 = ORIENTED_EDGE ( 'NONE', *, *, #1458, .F. ) ;
#1443 = AXIS2_PLACEMENT_3D ( 'NONE', #2665, #90, #3831 ) ;
#1444 = ORIENTED_EDGE ( 'NONE', *, *, #3885, .T. ) ;
#1445 = VECTOR ( 'NONE', #1144, 1000.000000000000000 ) ;
#1446 = CARTESIAN_POINT ( 'NONE',  ( 6.360652745248292417E-15, -45.00000000000001421, 8.000000000000000000 ) ) ;
#1447 = ORIENTED_EDGE ( 'NONE', *, *, #4892, .T. ) ;
#1448 = CARTESIAN_POINT ( 'NONE',  ( -5.837290253120440868E-15, -21.50000000000001066, 0.000000000000000000 ) ) ;
#1449 = CARTESIAN_POINT ( 'NONE',  ( -40.99999999999995026, 108.0000000000000142, 12.00000000000000000 ) ) ;
#1450 = CYLINDRICAL_SURFACE ( 'NONE', #4058, 1.750000000000015543 ) ;
#1451 = ORIENTED_EDGE ( 'NONE', *, *, #2244, .T. ) ;
#1452 = VECTOR ( 'NONE', #4492, 1000.000000000000000 ) ;
#1453 = CARTESIAN_POINT ( 'NONE',  ( -40.99999999999995026, 112.0000000000000000, 16.00000000000000000 ) ) ;
#1454 = LINE ( 'NONE', #1482, #2609 ) ;
#1455 = FACE_OUTER_BOUND ( 'NONE', #1141, .T. ) ;
#1456 = DIRECTION ( 'NONE',  ( -0.000000000000000000, -0.000000000000000000, -1.000000000000000000 ) ) ;
#1457 = AXIS2_PLACEMENT_3D ( 'NONE', #2824, #221, #6385 ) ;
#1458 = EDGE_CURVE ( 'NONE', #4918, #5646, #5828, .T. ) ;
#1459 = ORIENTED_EDGE ( 'NONE', *, *, #5435, .T. ) ;
#1460 = CARTESIAN_POINT ( 'NONE',  ( 11.74999999999999822, 108.0000000000000142, 8.000000000000000000 ) ) ;
#1461 = DIRECTION ( 'NONE',  ( 0.000000000000000000, -0.000000000000000000, -1.000000000000000000 ) ) ;
#1462 = EDGE_CURVE ( 'NONE', #1617, #5767, #574, .T. ) ;
#1463 = DIRECTION ( 'NONE',  ( -0.000000000000000000, -0.000000000000000000, -1.000000000000000000 ) ) ;
#1464 = DIRECTION ( 'NONE',  ( -0.000000000000000000, -0.000000000000000000, -1.000000000000000000 ) ) ;
#1465 = EDGE_LOOP ( 'NONE', ( #1332, #2327, #1693, #469 ) ) ;
#1466 = CARTESIAN_POINT ( 'NONE',  ( 10.00000000000000000, -21.50000000000001066, 4.000000000000000000 ) ) ;
#1467 = EDGE_CURVE ( 'NONE', #1528, #538, #2104, .T. ) ;
#1468 = CARTESIAN_POINT ( 'NONE',  ( -46.99999999999992184, 67.49999999999997158, 8.000000000000000000 ) ) ;
#1469 = ORIENTED_EDGE ( 'NONE', *, *, #6707, .F. ) ;
#1470 = EDGE_CURVE ( 'NONE', #2992, #501, #4374, .T. ) ;
#1471 = EDGE_LOOP ( 'NONE', ( #5776, #1873 ) ) ;
#1472 = VERTEX_POINT ( 'NONE', #4734 ) ;
#1473 = LINE ( 'NONE', #1643, #5909 ) ;
#1474 = CARTESIAN_POINT ( 'NONE',  ( -33.00000000000000000, 63.00000000000000000, 44.00000000000000000 ) ) ;
#1475 = ORIENTED_EDGE ( 'NONE', *, *, #625, .F. ) ;
#1476 = DIRECTION ( 'NONE',  ( 1.000000000000000000, 0.000000000000000000, 0.000000000000000000 ) ) ;
#1477 = CARTESIAN_POINT ( 'NONE',  ( 20.00000000000000355, -45.00000000000000711, 4.000000000000003553 ) ) ;
#1478 = ORIENTED_EDGE ( 'NONE', *, *, #3266, .F. ) ;
#1479 = EDGE_LOOP ( 'NONE', ( #1377, #4712 ) ) ;
#1480 = DIRECTION ( 'NONE',  ( 1.000000000000000000, 0.000000000000000000, 0.000000000000000000 ) ) ;
#1481 = AXIS2_PLACEMENT_3D ( 'NONE', #5030, #5656, #6241 ) ;
#1482 = CARTESIAN_POINT ( 'NONE',  ( -19.99999999999999289, 56.24999999999994316, 44.00000000000000000 ) ) ;
#1483 = LINE ( 'NONE', #6603, #3892 ) ;
#1484 = DIRECTION ( 'NONE',  ( -1.000000000000000000, 0.000000000000000000, 0.000000000000000000 ) ) ;
#1485 = ORIENTED_EDGE ( 'NONE', *, *, #942, .F. ) ;
#1486 = AXIS2_PLACEMENT_3D ( 'NONE', #5426, #3854, #1870 ) ;
#1487 = EDGE_LOOP ( 'NONE', ( #5055, #4063, #6079, #4800 ) ) ;
#1488 = CARTESIAN_POINT ( 'NONE',  ( 20.00000000000000000, -5.000000000000004441, 8.000000000000000000 ) ) ;
#1489 = CARTESIAN_POINT ( 'NONE',  ( 5.999999999999970690, 8.500000000000007105, 1.224646799147353454E-16 ) ) ;
#1490 = CYLINDRICAL_SURFACE ( 'NONE', #1530, 1.750000000000011990 ) ;
#1491 = ORIENTED_EDGE ( 'NONE', *, *, #5809, .F. ) ;
#1492 = CARTESIAN_POINT ( 'NONE',  ( -26.74999999999995737, -54.75000000000002132, 0.000000000000000000 ) ) ;
#1493 = AXIS2_PLACEMENT_3D ( 'NONE', #3846, #849, #6062 ) ;
#1494 = EDGE_CURVE ( 'NONE', #1804, #5671, #1438, .T. ) ;
#1495 = ORIENTED_EDGE ( 'NONE', *, *, #2182, .T. ) ;
#1496 = AXIS2_PLACEMENT_3D ( 'NONE', #5307, #1620, #1158 ) ;
#1497 = EDGE_CURVE ( 'NONE', #2968, #2576, #3603, .T. ) ;
#1498 = DIRECTION ( 'NONE',  ( -1.000000000000000000, 0.000000000000000000, 0.000000000000000000 ) ) ;
#1499 = DIRECTION ( 'NONE',  ( -0.000000000000000000, -0.000000000000000000, 1.000000000000000000 ) ) ;
#1500 = LINE ( 'NONE', #3576, #6191 ) ;
#1501 = AXIS2_PLACEMENT_3D ( 'NONE', #592, #1684, #5190 ) ;
#1502 = ORIENTED_EDGE ( 'NONE', *, *, #4126, .F. ) ;
#1503 = EDGE_CURVE ( 'NONE', #6186, #141, #4622, .T. ) ;
#1504 = VERTEX_POINT ( 'NONE', #499 ) ;
#1505 = VERTEX_POINT ( 'NONE', #1489 ) ;
#1506 = EDGE_CURVE ( 'NONE', #2007, #4165, #6560, .T. ) ;
#1507 = CARTESIAN_POINT ( 'NONE',  ( 11.75000000000000533, 72.00000000000001421, 8.000000000000000000 ) ) ;
#1508 = DIRECTION ( 'NONE',  ( 0.000000000000000000, 0.000000000000000000, -1.000000000000000000 ) ) ;
#1509 = ORIENTED_EDGE ( 'NONE', *, *, #4302, .F. ) ;
#1510 = DIRECTION ( 'NONE',  ( 1.000000000000000000, 0.000000000000000000, 0.000000000000000000 ) ) ;
#1511 = DIRECTION ( 'NONE',  ( -0.000000000000000000, -0.000000000000000000, -1.000000000000000000 ) ) ;
#1512 = VERTEX_POINT ( 'NONE', #4655 ) ;
#1513 = DIRECTION ( 'NONE',  ( -1.000000000000000000, 0.000000000000000000, 0.000000000000000000 ) ) ;
#1514 = EDGE_CURVE ( 'NONE', #1623, #6317, #6656, .T. ) ;
#1515 = DIRECTION ( 'NONE',  ( 1.000000000000000000, 0.000000000000000000, 0.000000000000000000 ) ) ;
#1516 = CIRCLE ( 'NONE', #1417, 1.750000000000013767 ) ;
#1517 = CARTESIAN_POINT ( 'NONE',  ( 23.00000000000001776, -45.00000000000000711, 0.000000000000000000 ) ) ;
#1518 = DIRECTION ( 'NONE',  ( -1.000000000000000000, 0.000000000000000000, 0.000000000000000000 ) ) ;
#1519 = ORIENTED_EDGE ( 'NONE', *, *, #2656, .F. ) ;
#1520 = AXIS2_PLACEMENT_3D ( 'NONE', #2174, #5789, #2677 ) ;
#1521 = ORIENTED_EDGE ( 'NONE', *, *, #1178, .F. ) ;
#1522 = DIRECTION ( 'NONE',  ( 0.000000000000000000, 0.000000000000000000, -1.000000000000000000 ) ) ;
#1523 = DIRECTION ( 'NONE',  ( -0.000000000000000000, -0.000000000000000000, 1.000000000000000000 ) ) ;
#1524 = LINE ( 'NONE', #5316, #1309 ) ;
#1525 = ORIENTED_EDGE ( 'NONE', *, *, #5268, .T. ) ;
#1526 = DIRECTION ( 'NONE',  ( -0.000000000000000000, -0.000000000000000000, -1.000000000000000000 ) ) ;
#1527 = VERTEX_POINT ( 'NONE', #3192 ) ;
#1528 = VERTEX_POINT ( 'NONE', #2642 ) ;
#1529 = CIRCLE ( 'NONE', #2401, 1.250000000000015099 ) ;
#1530 = AXIS2_PLACEMENT_3D ( 'NONE', #6129, #1934, #4528 ) ;
#1531 = DIRECTION ( 'NONE',  ( -0.000000000000000000, -0.000000000000000000, 1.000000000000000000 ) ) ;
#1532 = CARTESIAN_POINT ( 'NONE',  ( 3.000000000000008882, -21.50000000000001066, 1.530808498934192064E-16 ) ) ;
#1533 = CARTESIAN_POINT ( 'NONE',  ( 30.00000000000000000, -60.00000000000001421, 8.000000000000000000 ) ) ;
#1534 = VECTOR ( 'NONE', #795, 1000.000000000000000 ) ;
#1535 = EDGE_CURVE ( 'NONE', #5172, #2859, #5247, .T. ) ;
#1536 = ORIENTED_EDGE ( 'NONE', *, *, #4720, .F. ) ;
#1537 = ORIENTED_EDGE ( 'NONE', *, *, #3084, .F. ) ;
#1538 = VERTEX_POINT ( 'NONE', #534 ) ;
#1539 = CARTESIAN_POINT ( 'NONE',  ( 11.75000000000000000, 108.0000000000000142, 4.000000000000000000 ) ) ;
#1540 = AXIS2_PLACEMENT_3D ( 'NONE', #434, #1052, #4587 ) ;
#1541 = FACE_OUTER_BOUND ( 'NONE', #5043, .T. ) ;
#1542 = EDGE_LOOP ( 'NONE', ( #2196, #5843, #1923, #6684 ) ) ;
#1543 = DIRECTION ( 'NONE',  ( 0.000000000000000000, -0.000000000000000000, -1.000000000000000000 ) ) ;
#1544 = DIRECTION ( 'NONE',  ( 1.000000000000000000, 0.000000000000000000, -0.000000000000000000 ) ) ;
#1545 = VERTEX_POINT ( 'NONE', #2605 ) ;
#1546 = AXIS2_PLACEMENT_3D ( 'NONE', #1421, #1925, #1326 ) ;
#1547 = AXIS2_PLACEMENT_3D ( 'NONE', #1679, #1177, #5294 ) ;
#1548 = ORIENTED_EDGE ( 'NONE', *, *, #3762, .F. ) ;
#1549 = DIRECTION ( 'NONE',  ( -1.000000000000000000, 0.000000000000000000, 0.000000000000000000 ) ) ;
#1550 = CIRCLE ( 'NONE', #4158, 3.000000000000012879 ) ;
#1551 = EDGE_CURVE ( 'NONE', #6382, #3071, #4925, .T. ) ;
#1552 = CYLINDRICAL_SURFACE ( 'NONE', #3710, 1.500000000000015099 ) ;
#1553 = LINE ( 'NONE', #5821, #2577 ) ;
#1554 = ADVANCED_FACE ( 'NONE', ( #4285 ), #4870, .F. ) ;
#1555 = CARTESIAN_POINT ( 'NONE',  ( 54.00000000000000000, 51.50000000000000711, 0.000000000000000000 ) ) ;
#1556 = VERTEX_POINT ( 'NONE', #1695 ) ;
#1557 = EDGE_CURVE ( 'NONE', #257, #6336, #4821, .T. ) ;
#1558 = ORIENTED_EDGE ( 'NONE', *, *, #1378, .T. ) ;
#1559 = LINE ( 'NONE', #6297, #6118 ) ;
#1560 = DIRECTION ( 'NONE',  ( -0.000000000000000000, -0.7071067811865507924, -0.7071067811865441310 ) ) ;
#1561 = CARTESIAN_POINT ( 'NONE',  ( 8.249999999999985789, -21.50000000000001066, 8.000000000000001776 ) ) ;
#1562 = ORIENTED_EDGE ( 'NONE', *, *, #4969, .F. ) ;
#1563 = CARTESIAN_POINT ( 'NONE',  ( -35.99999999999999289, -3.000000000000000000, 44.00000000000000000 ) ) ;
#1564 = VECTOR ( 'NONE', #5822, 1000.000000000000000 ) ;
#1565 = FACE_BOUND ( 'NONE', #1645, .T. ) ;
#1566 = ORIENTED_EDGE ( 'NONE', *, *, #2543, .F. ) ;
#1567 = DIRECTION ( 'NONE',  ( -0.000000000000000000, -0.000000000000000000, -1.000000000000000000 ) ) ;
#1568 = FACE_OUTER_BOUND ( 'NONE', #4274, .T. ) ;
#1569 = CARTESIAN_POINT ( 'NONE',  ( 0.000000000000000000, 112.0000000000000000, 16.00000000000000000 ) ) ;
#1570 = CIRCLE ( 'NONE', #2436, 3.000000000000012879 ) ;
#1571 = VERTEX_POINT ( 'NONE', #4352 ) ;
#1572 = ORIENTED_EDGE ( 'NONE', *, *, #507, .F. ) ;
#1573 = ORIENTED_EDGE ( 'NONE', *, *, #667, .T. ) ;
#1574 = DIRECTION ( 'NONE',  ( -0.000000000000000000, -0.000000000000000000, -1.000000000000000000 ) ) ;
#1575 = AXIS2_PLACEMENT_3D ( 'NONE', #823, #6545, #1867 ) ;
#1576 = DIRECTION ( 'NONE',  ( -0.000000000000000000, -0.000000000000000000, 1.000000000000000000 ) ) ;
#1577 = VERTEX_POINT ( 'NONE', #6369 ) ;
#1578 = CARTESIAN_POINT ( 'NONE',  ( -11.00000000000009237, -5.000000000000000000, 33.99999999999999289 ) ) ;
#1579 = CARTESIAN_POINT ( 'NONE',  ( -117.2500000000000000, -14.75000000000001243, 4.000000000000000000 ) ) ;
#1580 = ORIENTED_EDGE ( 'NONE', *, *, #5398, .T. ) ;
#1581 = ORIENTED_EDGE ( 'NONE', *, *, #3467, .F. ) ;
#1582 = CARTESIAN_POINT ( 'NONE',  ( -21.74999999999997158, 108.0000000000000142, 8.000000000000000000 ) ) ;
#1583 = CARTESIAN_POINT ( 'NONE',  ( 10.00000000000000355, -5.000000000000004441, 8.000000000000000000 ) ) ;
#1584 = CARTESIAN_POINT ( 'NONE',  ( -48.49999999999993605, 67.49999999999997158, 3.000000000000000000 ) ) ;
#1585 = EDGE_CURVE ( 'NONE', #3647, #27, #237, .T. ) ;
#1586 = CYLINDRICAL_SURFACE ( 'NONE', #2321, 3.000000000000012879 ) ;
#1587 = EDGE_LOOP ( 'NONE', ( #5286, #6543 ) ) ;
#1588 = ORIENTED_EDGE ( 'NONE', *, *, #1535, .F. ) ;
#1589 = FACE_OUTER_BOUND ( 'NONE', #999, .T. ) ;
#1590 = AXIS2_PLACEMENT_3D ( 'NONE', #116, #2189, #1219 ) ;
#1591 = DIRECTION ( 'NONE',  ( -0.000000000000000000, -0.000000000000000000, -1.000000000000000000 ) ) ;
#1592 = DIRECTION ( 'NONE',  ( -1.000000000000000000, 0.000000000000000000, 0.000000000000000000 ) ) ;
#1593 = ADVANCED_FACE ( 'NONE', ( #3842 ), #3808, .F. ) ;
#1594 = ORIENTED_EDGE ( 'NONE', *, *, #1758, .T. ) ;
#1595 = DIRECTION ( 'NONE',  ( -1.000000000000000000, 0.000000000000000000, 0.000000000000000000 ) ) ;
#1596 = EDGE_CURVE ( 'NONE', #2448, #5373, #777, .T. ) ;
#1597 = CARTESIAN_POINT ( 'NONE',  ( -33.00000000000000000, 0.000000000000000000, 44.00000000000000000 ) ) ;
#1598 = VECTOR ( 'NONE', #6003, 1000.000000000000000 ) ;
#1599 = ORIENTED_EDGE ( 'NONE', *, *, #4578, .F. ) ;
#1600 = CYLINDRICAL_SURFACE ( 'NONE', #5933, 1.750000000000013323 ) ;
#1601 = VECTOR ( 'NONE', #1664, 1000.000000000000000 ) ;
#1602 = CARTESIAN_POINT ( 'NONE',  ( -28.75000000000001421, 64.00000000000000000, 44.00000000000000000 ) ) ;
#1603 = EDGE_CURVE ( 'NONE', #3240, #6704, #2415, .T. ) ;
#1604 = CYLINDRICAL_SURFACE ( 'NONE', #2378, 3.000000000000012879 ) ;
#1605 = VERTEX_POINT ( 'NONE', #2304 ) ;
#1606 = CIRCLE ( 'NONE', #4989, 1.750000000000013323 ) ;
#1607 = ORIENTED_EDGE ( 'NONE', *, *, #5589, .F. ) ;
#1608 = VERTEX_POINT ( 'NONE', #1661 ) ;
#1609 = FACE_OUTER_BOUND ( 'NONE', #4367, .T. ) ;
#1610 = DIRECTION ( 'NONE',  ( 1.000000000000000000, 0.000000000000000000, 0.000000000000000000 ) ) ;
#1611 = AXIS2_PLACEMENT_3D ( 'NONE', #1778, #2731, #1311 ) ;
#1612 = ORIENTED_EDGE ( 'NONE', *, *, #2921, .F. ) ;
#1613 = CARTESIAN_POINT ( 'NONE',  ( 26.00000000000000000, 119.9999999999999716, 0.000000000000000000 ) ) ;
#1614 = FACE_BOUND ( 'NONE', #4105, .T. ) ;
#1615 = VECTOR ( 'NONE', #1576, 1000.000000000000000 ) ;
#1616 = ORIENTED_EDGE ( 'NONE', *, *, #1462, .F. ) ;
#1617 = VERTEX_POINT ( 'NONE', #2777 ) ;
#1618 = CARTESIAN_POINT ( 'NONE',  ( 10.00000000000000355, -35.00000000000000000, -8.572527594031465301E-16 ) ) ;
#1619 = CYLINDRICAL_SURFACE ( 'NONE', #5456, 1.750000000000013767 ) ;
#1620 = DIRECTION ( 'NONE',  ( -0.000000000000000000, -0.000000000000000000, 1.000000000000000000 ) ) ;
#1621 = LINE ( 'NONE', #3666, #3958 ) ;
#1622 = ORIENTED_EDGE ( 'NONE', *, *, #1467, .F. ) ;
#1623 = VERTEX_POINT ( 'NONE', #2271 ) ;
#1624 = FACE_OUTER_BOUND ( 'NONE', #2789, .T. ) ;
#1625 = DIRECTION ( 'NONE',  ( -0.000000000000000000, -0.000000000000000000, 1.000000000000000000 ) ) ;
#1626 = CARTESIAN_POINT ( 'NONE',  ( 13.00000000000001421, -5.000000000000004441, 4.000000000000003553 ) ) ;
#1627 = ORIENTED_EDGE ( 'NONE', *, *, #4680, .T. ) ;
#1628 = DIRECTION ( 'NONE',  ( 1.000000000000000000, 0.000000000000000000, 0.000000000000000000 ) ) ;
#1629 = VERTEX_POINT ( 'NONE', #3227 ) ;
#1630 = EDGE_CURVE ( 'NONE', #715, #5581, #1260, .T. ) ;
#1631 = CIRCLE ( 'NONE', #1313, 1.750000000000013767 ) ;
#1632 = ORIENTED_EDGE ( 'NONE', *, *, #5557, .F. ) ;
#1633 = ADVANCED_FACE ( 'NONE', ( #641 ), #1756, .F. ) ;
#1634 = CYLINDRICAL_SURFACE ( 'NONE', #3640, 1.750000000000013323 ) ;
#1635 = CIRCLE ( 'NONE', #2939, 3.000000000000012879 ) ;
#1636 = DIRECTION ( 'NONE',  ( -0.000000000000000000, -0.000000000000000000, 1.000000000000000000 ) ) ;
#1637 = LINE ( 'NONE', #1533, #968 ) ;
#1638 = ORIENTED_EDGE ( 'NONE', *, *, #3451, .F. ) ;
#1639 = VECTOR ( 'NONE', #1476, 1000.000000000000000 ) ;
#1640 = EDGE_LOOP ( 'NONE', ( #3275, #5950, #5084, #1641 ) ) ;
#1641 = ORIENTED_EDGE ( 'NONE', *, *, #218, .T. ) ;
#1642 = ADVANCED_FACE ( 'NONE', ( #2810 ), #2236, .F. ) ;
#1643 = CARTESIAN_POINT ( 'NONE',  ( -15.99999999999999645, 0.000000000000000000, 33.99999999999999289 ) ) ;
#1644 = CARTESIAN_POINT ( 'NONE',  ( -113.9999999999999858, -54.75000000000002132, 8.000000000000001776 ) ) ;
#1645 = EDGE_LOOP ( 'NONE', ( #2043, #506 ) ) ;
#1646 = DIRECTION ( 'NONE',  ( -0.000000000000000000, -0.000000000000000000, 1.000000000000000000 ) ) ;
#1647 = CARTESIAN_POINT ( 'NONE',  ( -106.4999999999999574, 116.4999999999999716, 3.000000000000000000 ) ) ;
#1648 = ORIENTED_EDGE ( 'NONE', *, *, #5589, .T. ) ;
#1649 = EDGE_CURVE ( 'NONE', #2320, #5733, #2710, .T. ) ;
#1650 = VERTEX_POINT ( 'NONE', #133 ) ;
#1651 = FACE_BOUND ( 'NONE', #2175, .T. ) ;
#1652 = LINE ( 'NONE', #3289, #1745 ) ;
#1653 = DIRECTION ( 'NONE',  ( 0.000000000000000000, 1.000000000000000000, 0.000000000000000000 ) ) ;
#1654 = CIRCLE ( 'NONE', #2852, 4.000000000000000000 ) ;
#1655 = CIRCLE ( 'NONE', #3724, 1.500000000000011768 ) ;
#1656 = FACE_OUTER_BOUND ( 'NONE', #3475, .T. ) ;
#1657 = ORIENTED_EDGE ( 'NONE', *, *, #6171, .F. ) ;
#1658 = ORIENTED_EDGE ( 'NONE', *, *, #4507, .F. ) ;
#1659 = CIRCLE ( 'NONE', #4493, 1.750000000000015543 ) ;
#1660 = LINE ( 'NONE', #639, #4701 ) ;
#1661 = CARTESIAN_POINT ( 'NONE',  ( -45.99999999999992184, 67.49999999999997158, 3.000000000000000000 ) ) ;
#1662 = CARTESIAN_POINT ( 'NONE',  ( 13.00000000000001776, 72.00000000000001421, 4.000000000000000000 ) ) ;
#1663 = ORIENTED_EDGE ( 'NONE', *, *, #551, .T. ) ;
#1664 = DIRECTION ( 'NONE',  ( -0.000000000000000000, -0.000000000000000000, -1.000000000000000000 ) ) ;
#1665 = CARTESIAN_POINT ( 'NONE',  ( 10.00000000000000355, -35.00000000000000000, 4.000000000000003553 ) ) ;
#1666 = EDGE_CURVE ( 'NONE', #4916, #2454, #903, .T. ) ;
#1667 = EDGE_LOOP ( 'NONE', ( #2468, #3622, #5447, #1572 ) ) ;
#1668 = EDGE_CURVE ( 'NONE', #1605, #1505, #4320, .T. ) ;
#1669 = CARTESIAN_POINT ( 'NONE',  ( -32.99999999999998579, -3.000000000000000000, 33.99999999999999289 ) ) ;
#1670 = CARTESIAN_POINT ( 'NONE',  ( 13.00000000000001776, -55.00000000000000711, -8.572527594031465301E-16 ) ) ;
#1671 = VECTOR ( 'NONE', #2203, 1000.000000000000000 ) ;
#1672 = CARTESIAN_POINT ( 'NONE',  ( -29.99999999999997158, -54.75000000000002132, 1.836970198721029688E-16 ) ) ;
#1673 = LINE ( 'NONE', #616, #3250 ) ;
#1674 = ADVANCED_FACE ( 'NONE', ( #2745 ), #205, .F. ) ;
#1675 = ORIENTED_EDGE ( 'NONE', *, *, #6176, .F. ) ;
#1676 = VECTOR ( 'NONE', #6420, 1000.000000000000000 ) ;
#1677 = EDGE_LOOP ( 'NONE', ( #3131, #3761, #2242, #1845 ) ) ;
#1678 = ORIENTED_EDGE ( 'NONE', *, *, #4079, .T. ) ;
#1679 = CARTESIAN_POINT ( 'NONE',  ( -5.837290253120440868E-15, -21.50000000000001066, 4.000000000000000000 ) ) ;
#1680 = EDGE_CURVE ( 'NONE', #4602, #1992, #2509, .T. ) ;
#1681 = AXIS2_PLACEMENT_3D ( 'NONE', #2683, #4777, #107 ) ;
#1682 = ORIENTED_EDGE ( 'NONE', *, *, #2656, .T. ) ;
#1683 = CARTESIAN_POINT ( 'NONE',  ( -48.49999999999993605, 67.49999999999997158, 8.000000000000000000 ) ) ;
#1684 = DIRECTION ( 'NONE',  ( -0.000000000000000000, -0.000000000000000000, -1.000000000000000000 ) ) ;
#1685 = ADVANCED_FACE ( 'NONE', ( #4837 ), #5347, .F. ) ;
#1686 = ORIENTED_EDGE ( 'NONE', *, *, #1852, .F. ) ;
#1687 = ORIENTED_EDGE ( 'NONE', *, *, #186, .F. ) ;
#1688 = VECTOR ( 'NONE', #1560, 1000.000000000000000 ) ;
#1689 = DIRECTION ( 'NONE',  ( -0.000000000000000000, -0.000000000000000000, 1.000000000000000000 ) ) ;
#1690 = CARTESIAN_POINT ( 'NONE',  ( -29.99999999999997158, -14.75000000000001243, 8.000000000000000000 ) ) ;
#1691 = DIRECTION ( 'NONE',  ( 1.000000000000000000, 1.214306433183764966E-16, 0.000000000000000000 ) ) ;
#1692 = CARTESIAN_POINT ( 'NONE',  ( 8.499999999999984013, 51.50000000000000711, 3.000000000000000000 ) ) ;
#1693 = ORIENTED_EDGE ( 'NONE', *, *, #4338, .T. ) ;
#1694 = CARTESIAN_POINT ( 'NONE',  ( 13.00000000000001066, 108.0000000000000142, 0.000000000000000000 ) ) ;
#1695 = CARTESIAN_POINT ( 'NONE',  ( 13.00000000000001243, -21.50000000000001066, 4.000000000000000000 ) ) ;
#1696 = DIRECTION ( 'NONE',  ( -0.000000000000000000, -0.000000000000000000, -1.000000000000000000 ) ) ;
#1697 = ORIENTED_EDGE ( 'NONE', *, *, #388, .F. ) ;
#1698 = DIRECTION ( 'NONE',  ( 1.000000000000000000, -0.000000000000000000, -0.000000000000000000 ) ) ;
#1699 = FACE_BOUND ( 'NONE', #5765, .T. ) ;
#1700 = ORIENTED_EDGE ( 'NONE', *, *, #5293, .F. ) ;
#1701 = CARTESIAN_POINT ( 'NONE',  ( 6.999999999999988454, -5.000000000000004441, 0.000000000000000000 ) ) ;
#1702 = CARTESIAN_POINT ( 'NONE',  ( 10.00000000000000533, -45.00000000000000711, 4.000000000000003553 ) ) ;
#1703 = ADVANCED_FACE ( 'NONE', ( #3007 ), #1392, .T. ) ;
#1704 = CARTESIAN_POINT ( 'NONE',  ( -113.9999999999999858, -54.75000000000002132, 4.000000000000000000 ) ) ;
#1705 = VECTOR ( 'NONE', #3272, 1000.000000000000000 ) ;
#1706 = ORIENTED_EDGE ( 'NONE', *, *, #278, .T. ) ;
#1707 = ADVANCED_FACE ( 'NONE', ( #5036 ), #6627, .F. ) ;
#1708 = ORIENTED_EDGE ( 'NONE', *, *, #6568, .F. ) ;
#1709 = ORIENTED_EDGE ( 'NONE', *, *, #4513, .F. ) ;
#1710 = DIRECTION ( 'NONE',  ( -1.000000000000000000, 0.000000000000000000, 0.000000000000000000 ) ) ;
#1711 = CARTESIAN_POINT ( 'NONE',  ( -40.99999999999995026, 76.00000000000001421, 12.00000000000000000 ) ) ;
#1712 = CARTESIAN_POINT ( 'NONE',  ( 8.249999999999989342, -5.000000000000004441, 4.000000000000003553 ) ) ;
#1713 = VECTOR ( 'NONE', #4873, 1000.000000000000000 ) ;
#1714 = VERTEX_POINT ( 'NONE', #1858 ) ;
#1715 = EDGE_CURVE ( 'NONE', #5258, #5150, #6117, .T. ) ;
#1716 = VERTEX_POINT ( 'NONE', #6600 ) ;
#1717 = AXIS2_PLACEMENT_3D ( 'NONE', #4034, #4616, #366 ) ;
#1718 = CARTESIAN_POINT ( 'NONE',  ( -10.24999999999997335, 43.00000000000000000, 44.00000000000000000 ) ) ;
#1719 = CARTESIAN_POINT ( 'NONE',  ( 0.000000000000000000, 0.000000000000000000, 44.00000000000000000 ) ) ;
#1720 = CARTESIAN_POINT ( 'NONE',  ( -24.24999999999999289, 72.00000000000001421, 8.000000000000000000 ) ) ;
#1721 = LINE ( 'NONE', #5411, #5744 ) ;
#1722 = CARTESIAN_POINT ( 'NONE',  ( 10.00000000000000355, -35.00000000000000000, 4.000000000000003553 ) ) ;
#1723 = VECTOR ( 'NONE', #1213, 1000.000000000000000 ) ;
#1724 = ORIENTED_EDGE ( 'NONE', *, *, #2830, .T. ) ;
#1725 = CARTESIAN_POINT ( 'NONE',  ( -29.99999999999998934, -8.000000000000001776, 33.99999999999999289 ) ) ;
#1726 = EDGE_CURVE ( 'NONE', #5277, #3154, #2433, .T. ) ;
#1727 = CARTESIAN_POINT ( 'NONE',  ( -29.99999999999997158, -14.75000000000001243, 0.000000000000000000 ) ) ;
#1728 = AXIS2_PLACEMENT_3D ( 'NONE', #5454, #5555, #883 ) ;
#1729 = CARTESIAN_POINT ( 'NONE',  ( 20.00000000000000000, -5.000000000000004441, 4.000000000000003553 ) ) ;
#1730 = ORIENTED_EDGE ( 'NONE', *, *, #2092, .T. ) ;
#1731 = DIRECTION ( 'NONE',  ( -0.000000000000000000, -0.000000000000000000, 1.000000000000000000 ) ) ;
#1732 = PLANE ( 'NONE',  #914 ) ;
#1733 = ORIENTED_EDGE ( 'NONE', *, *, #2666, .T. ) ;
#1734 = LINE ( 'NONE', #2278, #4478 ) ;
#1735 = DIRECTION ( 'NONE',  ( -1.000000000000000000, 0.000000000000000000, 0.000000000000000000 ) ) ;
#1736 = DIRECTION ( 'NONE',  ( -1.000000000000000000, 0.000000000000000000, 0.000000000000000000 ) ) ;
#1737 = CIRCLE ( 'NONE', #539, 1.750000000000015543 ) ;
#1738 = ORIENTED_EDGE ( 'NONE', *, *, #4302, .T. ) ;
#1739 = EDGE_LOOP ( 'NONE', ( #1043, #5804 ) ) ;
#1740 = ORIENTED_EDGE ( 'NONE', *, *, #6264, .T. ) ;
#1741 = AXIS2_PLACEMENT_3D ( 'NONE', #5755, #3641, #5720 ) ;
#1742 = FACE_OUTER_BOUND ( 'NONE', #1151, .T. ) ;
#1743 = DIRECTION ( 'NONE',  ( 1.000000000000000000, 0.000000000000000000, 0.000000000000000000 ) ) ;
#1744 = DIRECTION ( 'NONE',  ( 0.000000000000000000, 0.000000000000000000, 1.000000000000000000 ) ) ;
#1745 = VECTOR ( 'NONE', #2265, 1000.000000000000000 ) ;
#1746 = ORIENTED_EDGE ( 'NONE', *, *, #4981, .T. ) ;
#1747 = ORIENTED_EDGE ( 'NONE', *, *, #2884, .T. ) ;
#1748 = CYLINDRICAL_SURFACE ( 'NONE', #146, 1.750000000000013767 ) ;
#1749 = DIRECTION ( 'NONE',  ( -0.000000000000000000, -0.000000000000000000, -1.000000000000000000 ) ) ;
#1750 = DIRECTION ( 'NONE',  ( -1.000000000000000000, 0.000000000000000000, 0.000000000000000000 ) ) ;
#1751 = CARTESIAN_POINT ( 'NONE',  ( -28.24999999999995737, -14.75000000000001243, 4.000000000000000000 ) ) ;
#1752 = VECTOR ( 'NONE', #6377, 1000.000000000000000 ) ;
#1753 = ORIENTED_EDGE ( 'NONE', *, *, #3511, .T. ) ;
#1754 = LINE ( 'NONE', #3840, #30 ) ;
#1755 = EDGE_CURVE ( 'NONE', #5373, #6698, #680, .T. ) ;
#1756 = CYLINDRICAL_SURFACE ( 'NONE', #3500, 3.250000000000016875 ) ;
#1757 = VECTOR ( 'NONE', #3364, 1000.000000000000000 ) ;
#1758 = EDGE_CURVE ( 'NONE', #2258, #1983, #5994, .T. ) ;
#1760 = CYLINDRICAL_SURFACE ( 'NONE', #5565, 1.500000000000015099 ) ;
#1759 = VECTOR ( 'NONE', #1428, 1000.000000000000000 ) ;
#1761 = VERTEX_POINT ( 'NONE', #1823 ) ;
#1762 = PLANE ( 'NONE',  #852 ) ;
#1763 = FACE_OUTER_BOUND ( 'NONE', #944, .T. ) ;
#1764 = ADVANCED_FACE ( 'NONE', ( #945 ), #6503, .F. ) ;
#1765 = AXIS2_PLACEMENT_3D ( 'NONE', #1727, #5450, #2845 ) ;
#1766 = CIRCLE ( 'NONE', #4270, 1.750000000000015543 ) ;
#1767 = EDGE_LOOP ( 'NONE', ( #5722, #3900, #3056, #159 ) ) ;
#1768 = DIRECTION ( 'NONE',  ( -0.000000000000000000, -0.000000000000000000, -1.000000000000000000 ) ) ;
#1769 = DIRECTION ( 'NONE',  ( -1.000000000000000000, 0.000000000000000000, 0.000000000000000000 ) ) ;
#1770 = DIRECTION ( 'NONE',  ( 1.000000000000000000, 0.000000000000000000, 0.000000000000000000 ) ) ;
#1771 = DIRECTION ( 'NONE',  ( 0.000000000000000000, 0.000000000000000000, 1.000000000000000000 ) ) ;
#1772 = AXIS2_PLACEMENT_3D ( 'NONE', #5675, #1080, #978 ) ;
#1773 = ORIENTED_EDGE ( 'NONE', *, *, #5876, .T. ) ;
#1774 = ORIENTED_EDGE ( 'NONE', *, *, #667, .F. ) ;
#1775 = EDGE_LOOP ( 'NONE', ( #6032, #878, #6606, #4627 ) ) ;
#1776 = CYLINDRICAL_SURFACE ( 'NONE', #4841, 2.500000000000015987 ) ;
#1777 = DIRECTION ( 'NONE',  ( -0.000000000000000000, -0.000000000000000000, -1.000000000000000000 ) ) ;
#1778 = CARTESIAN_POINT ( 'NONE',  ( 1.110223024625156343E-15, -7.999999999999998224, 33.99999999999999289 ) ) ;
#1779 = AXIS2_PLACEMENT_3D ( 'NONE', #4973, #3432, #949 ) ;
#1780 = ORIENTED_EDGE ( 'NONE', *, *, #6462, .F. ) ;
#1781 = ORIENTED_EDGE ( 'NONE', *, *, #396, .F. ) ;
#1782 = ORIENTED_EDGE ( 'NONE', *, *, #681, .T. ) ;
#1783 = DIRECTION ( 'NONE',  ( -0.000000000000000000, -0.000000000000000000, -1.000000000000000000 ) ) ;
#1784 = CARTESIAN_POINT ( 'NONE',  ( 1.750000000000019984, -45.00000000000001421, 8.000000000000000000 ) ) ;
#1785 = EDGE_CURVE ( 'NONE', #5472, #6047, #5366, .T. ) ;
#1786 = SURFACE_STYLE_USAGE ( .BOTH. , #4378 ) ;
#1787 = CARTESIAN_POINT ( 'NONE',  ( 11.75000000000001954, -35.00000000000000000, 8.000000000000000000 ) ) ;
#1788 = DIRECTION ( 'NONE',  ( 0.000000000000000000, 0.000000000000000000, 1.000000000000000000 ) ) ;
#1789 = AXIS2_PLACEMENT_3D ( 'NONE', #2072, #4115, #4151 ) ;
#1790 = VERTEX_POINT ( 'NONE', #5519 ) ;
#1791 = CARTESIAN_POINT ( 'NONE',  ( -3.000000000000006661, -45.00000000000001421, 4.000000000000003553 ) ) ;
#1792 = CARTESIAN_POINT ( 'NONE',  ( -1.750000000000006217, -55.00000000000001421, 8.000000000000000000 ) ) ;
#1793 = DIRECTION ( 'NONE',  ( -1.000000000000000000, 0.000000000000000000, 0.000000000000000000 ) ) ;
#1794 = ORIENTED_EDGE ( 'NONE', *, *, #1785, .F. ) ;
#1795 = PLANE ( 'NONE',  #2362 ) ;
#1796 = FACE_BOUND ( 'NONE', #5088, .T. ) ;
#1797 = EDGE_CURVE ( 'NONE', #4366, #1761, #3172, .T. ) ;
#1798 = EDGE_LOOP ( 'NONE', ( #5017, #1165 ) ) ;
#1799 = DIRECTION ( 'NONE',  ( 1.000000000000000000, 0.000000000000000000, 0.000000000000000000 ) ) ;
#1800 = ADVANCED_FACE ( 'NONE', ( #3396 ), #846, .F. ) ;
#1801 = DIRECTION ( 'NONE',  ( -0.000000000000000000, -0.000000000000000000, 1.000000000000000000 ) ) ;
#1802 = LINE ( 'NONE', #5771, #3145 ) ;
#1803 = DIRECTION ( 'NONE',  ( -0.000000000000000000, -0.000000000000000000, -1.000000000000000000 ) ) ;
#1804 = VERTEX_POINT ( 'NONE', #814 ) ;
#1805 = EDGE_LOOP ( 'NONE', ( #3482, #1632, #3932, #2424 ) ) ;
#1806 = DIRECTION ( 'NONE',  ( -1.000000000000000000, 0.000000000000000000, 0.000000000000000000 ) ) ;
#1807 = AXIS2_PLACEMENT_3D ( 'NONE', #3934, #1351, #768 ) ;
#1808 = ADVANCED_FACE ( 'NONE', ( #3493 ), #5582, .F. ) ;
#1809 = FACE_OUTER_BOUND ( 'NONE', #5708, .T. ) ;
#1810 = DIRECTION ( 'NONE',  ( -0.000000000000000000, -0.000000000000000000, -1.000000000000000000 ) ) ;
#1811 = VERTEX_POINT ( 'NONE', #2976 ) ;
#1812 = AXIS2_PLACEMENT_3D ( 'NONE', #1998, #5622, #956 ) ;
#1813 = VERTEX_POINT ( 'NONE', #301 ) ;
#1814 = ORIENTED_EDGE ( 'NONE', *, *, #2583, .F. ) ;
#1815 = FACE_BOUND ( 'NONE', #5013, .T. ) ;
#1816 = CARTESIAN_POINT ( 'NONE',  ( -119.9999999999999858, 0.000000000000000000, 8.000000000000000000 ) ) ;
#1817 = AXIS2_PLACEMENT_3D ( 'NONE', #3709, #4697, #6476 ) ;
#1818 = CARTESIAN_POINT ( 'NONE',  ( 49.99999999999997158, 51.50000000000000711, 8.000000000000007105 ) ) ;
#1819 = DIRECTION ( 'NONE',  ( 1.000000000000000000, 0.000000000000000000, 0.000000000000000000 ) ) ;
#1820 = CYLINDRICAL_SURFACE ( 'NONE', #4606, 1.500000000000012657 ) ;
#1821 = ORIENTED_EDGE ( 'NONE', *, *, #3342, .T. ) ;
#1822 = CARTESIAN_POINT ( 'NONE',  ( 4.047688110612550150E-15, -5.000000000000011546, -8.572527594031465301E-16 ) ) ;
#1823 = CARTESIAN_POINT ( 'NONE',  ( -1.750000000000009104, -5.000000000000011546, 4.000000000000003553 ) ) ;
#1824 = DIRECTION ( 'NONE',  ( -1.000000000000000000, 0.000000000000000000, 0.000000000000000000 ) ) ;
#1825 = FACE_BOUND ( 'NONE', #6282, .T. ) ;
#1826 = AXIS2_PLACEMENT_3D ( 'NONE', #4439, #3349, #1841 ) ;
#1827 = EDGE_CURVE ( 'NONE', #654, #4719, #2368, .T. ) ;
#1828 = FACE_BOUND ( 'NONE', #1739, .T. ) ;
#1829 = ORIENTED_EDGE ( 'NONE', *, *, #1755, .F. ) ;
#1830 = CARTESIAN_POINT ( 'NONE',  ( -1.750000000000006883, -45.00000000000001421, 4.000000000000003553 ) ) ;
#1831 = CARTESIAN_POINT ( 'NONE',  ( -15.99999999999999645, 60.00000000000000000, 28.00000000000000000 ) ) ;
#1832 = CARTESIAN_POINT ( 'NONE',  ( -44.99999999999995737, 80.00000000000000000, 16.00000000000000000 ) ) ;
#1833 = ORIENTED_EDGE ( 'NONE', *, *, #5973, .F. ) ;
#1834 = CARTESIAN_POINT ( 'NONE',  ( 1.750000000000019540, -45.00000000000001421, 8.000000000000000000 ) ) ;
#1835 = ADVANCED_FACE ( 'NONE', ( #6571, #5552 ), #5066, .F. ) ;
#1836 = ORIENTED_EDGE ( 'NONE', *, *, #1390, .F. ) ;
#1837 = ORIENTED_EDGE ( 'NONE', *, *, #2244, .F. ) ;
#1838 = FACE_OUTER_BOUND ( 'NONE', #5328, .T. ) ;
#1839 = LINE ( 'NONE', #5468, #1534 ) ;
#1840 = EDGE_CURVE ( 'NONE', #4509, #5581, #6121, .T. ) ;
#1841 = DIRECTION ( 'NONE',  ( 1.000000000000000000, 0.000000000000000000, 0.000000000000000000 ) ) ;
#1842 = VERTEX_POINT ( 'NONE', #427 ) ;
#1843 = ADVANCED_FACE ( 'NONE', ( #6255 ), #5234, .F. ) ;
#1844 = CIRCLE ( 'NONE', #5884, 3.250000000000016875 ) ;
#1845 = ORIENTED_EDGE ( 'NONE', *, *, #4000, .F. ) ;
#1846 = EDGE_LOOP ( 'NONE', ( #5999, #6228 ) ) ;
#1847 = FACE_BOUND ( 'NONE', #1471, .T. ) ;
#1848 = DIRECTION ( 'NONE',  ( -0.000000000000000000, -0.000000000000000000, -1.000000000000000000 ) ) ;
#1849 = DIRECTION ( 'NONE',  ( -1.000000000000000000, 0.000000000000000000, 0.000000000000000000 ) ) ;
#1850 = AXIS2_PLACEMENT_3D ( 'NONE', #22, #6695, #2527 ) ;
#1851 = CARTESIAN_POINT ( 'NONE',  ( 53.00000000000000000, 51.50000000000000711, 0.000000000000000000 ) ) ;
#1852 = EDGE_CURVE ( 'NONE', #2885, #1007, #1654, .T. ) ;
#1853 = CARTESIAN_POINT ( 'NONE',  ( 20.00000000000000000, -5.000000000000004441, 4.000000000000003553 ) ) ;
#1854 = EDGE_LOOP ( 'NONE', ( #2140, #5653, #1573, #5871 ) ) ;
#1855 = CIRCLE ( 'NONE', #1324, 1.750000000000015543 ) ;
#1856 = AXIS2_PLACEMENT_3D ( 'NONE', #3339, #4233, #3373 ) ;
#1857 = CARTESIAN_POINT ( 'NONE',  ( -1.750000000000019540, -21.50000000000001066, 8.000000000000001776 ) ) ;
#1858 = CARTESIAN_POINT ( 'NONE',  ( 13.00000000000001421, -21.50000000000001066, 1.530808498934192064E-16 ) ) ;
#1859 = FACE_BOUND ( 'NONE', #4182, .T. ) ;
#1860 = CARTESIAN_POINT ( 'NONE',  ( 20.00000000000000000, -5.000000000000004441, 8.000000000000000000 ) ) ;
#1861 = DIRECTION ( 'NONE',  ( -1.000000000000000000, 0.000000000000000000, 0.000000000000000000 ) ) ;
#1862 = AXIS2_PLACEMENT_3D ( 'NONE', #3413, #6555, #3960 ) ;
#1863 = CARTESIAN_POINT ( 'NONE',  ( -1.750000000000009548, -5.000000000000011546, 8.000000000000000000 ) ) ;
#1864 = VERTEX_POINT ( 'NONE', #5779 ) ;
#1865 = FACE_OUTER_BOUND ( 'NONE', #1775, .T. ) ;
#1866 = AXIS2_PLACEMENT_3D ( 'NONE', #3014, #4692, #6263 ) ;
#1867 = DIRECTION ( 'NONE',  ( -1.000000000000000000, 0.000000000000000000, 0.000000000000000000 ) ) ;
#1868 = CYLINDRICAL_SURFACE ( 'NONE', #6424, 1.750000000000013323 ) ;
#1869 = VERTEX_POINT ( 'NONE', #1116 ) ;
#1870 = DIRECTION ( 'NONE',  ( 1.000000000000000000, 0.000000000000000000, 0.000000000000000000 ) ) ;
#1871 = EDGE_CURVE ( 'NONE', #5150, #5258, #6022, .T. ) ;
#1872 = AXIS2_PLACEMENT_3D ( 'NONE', #6246, #1574, #3654 ) ;
#1873 = ORIENTED_EDGE ( 'NONE', *, *, #2669, .F. ) ;
#1874 = ORIENTED_EDGE ( 'NONE', *, *, #5924, .F. ) ;
#1875 = DIRECTION ( 'NONE',  ( -1.000000000000000000, 0.000000000000000000, 0.000000000000000000 ) ) ;
#1876 = VECTOR ( 'NONE', #1012, 1000.000000000000000 ) ;
#1877 = ADVANCED_FACE ( 'NONE', ( #6151 ), #3143, .F. ) ;
#1878 = CARTESIAN_POINT ( 'NONE',  ( -33.00000000000000000, 65.00000000000000000, 44.00000000000000000 ) ) ;
#1879 = CARTESIAN_POINT ( 'NONE',  ( 13.00000000000001066, 108.0000000000000142, 4.000000000000000000 ) ) ;
#1880 = EDGE_LOOP ( 'NONE', ( #532, #2934 ) ) ;
#1881 = EDGE_CURVE ( 'NONE', #6046, #2867, #527, .T. ) ;
#1882 = CLOSED_SHELL ( 'NONE', ( #5201, #2302, #1139, #632, #3587, #3764, #1764, #1877, #6513, #6626, #5930, #4086, #1133, #2037, #2575, #3034, #2714, #3112, #793, #1593, #850, #6478, #4263, #3226, #6097, #1843, #5525, #2426, #3750, #5142, #1808, #6675, #3261, #4213, #6012, #2462, #819, #6054, #1674, #191, #1633, #1707, #2479, #3167, #2430, #1922, #2865, #6633, #5079, #762, #2795, #3048, #1554, #5015, #3303, #1800, #4340, #1321, #6591, #3499, #4814, #643, #1059, #6506, #544, #4856, #5768, #3008, #2081, #2035, #3540, #4169, #687, #149, #2524, #4668, #5051, #5085, #2635, #4594, #62, #5721, #713, #5167, #937, #4198, #4588, #2962, #6702, #511, #2806, #3766, #5514, #4122, #4050, #805, #1347, #6502, #3801, #181, #4637, #5797, #1955, #2631, #517, #6397, #3387, #4462, #176, #640, #2535, #3512, #2451, #3044, #1685, #2168, #1242, #1093, #834, #3347, #2909, #6143, #3173, #4849, #1703, #142, #5250, #679, #6393, #2312, #9, #3937, #4613, #3679, #5127, #6347, #4385, #3506, #6167, #1360, #3574, #147, #3629, #5471, #3384, #472, #2052, #266, #1957, #1835, #3974, #2073, #4308, #5974, #4245, #17, #2178, #5859, #721, #6485, #769, #797, #265, #2382, #3298, #975, #593, #109, #2264, #4511, #2963, #4464, #3678, #6426, #3123, #4037, #4897, #2253, #378, #5566, #6094, #6164, #2763, #5019, #5569, #5658, #5308, #6256, #4809, #4220, #1642, #977, #4751, #6378, #2546, #3972, #6072, #3306, #1951, #3288, #6251, #2343, #5175, #1096, #6658, #4298, #4631, #4851, #5020, #5231, #2418, #5603, #231, #2758 ) ) ;
#1883 = EDGE_LOOP ( 'NONE', ( #1114, #4945 ) ) ;
#1884 = VERTEX_POINT ( 'NONE', #2492 ) ;
#1885 = EDGE_CURVE ( 'NONE', #444, #160, #2634, .T. ) ;
#1886 = FACE_BOUND ( 'NONE', #1112, .T. ) ;
#1887 = CARTESIAN_POINT ( 'NONE',  ( 20.00000000000000355, -21.50000000000000711, 4.000000000000000000 ) ) ;
#1888 = VECTOR ( 'NONE', #3700, 1000.000000000000000 ) ;
#1889 = EDGE_CURVE ( 'NONE', #4373, #4011, #1013, .T. ) ;
#1890 = DIRECTION ( 'NONE',  ( -0.000000000000000000, -0.000000000000000000, -1.000000000000000000 ) ) ;
#1891 = PLANE ( 'NONE',  #3789 ) ;
#1892 = CARTESIAN_POINT ( 'NONE',  ( -10.99999999999999645, 0.000000000000000000, 13.00000000000000178 ) ) ;
#1893 = VERTEX_POINT ( 'NONE', #4202 ) ;
#1894 = AXIS2_PLACEMENT_3D ( 'NONE', #3004, #3970, #5033 ) ;
#1895 = DIRECTION ( 'NONE',  ( 1.000000000000000000, 0.000000000000000000, 0.000000000000000000 ) ) ;
#1896 = CARTESIAN_POINT ( 'NONE',  ( 18.24999999999998934, -35.00000000000000000, 8.000000000000000000 ) ) ;
#1897 = DIRECTION ( 'NONE',  ( -0.000000000000000000, -0.000000000000000000, -1.000000000000000000 ) ) ;
#1898 = AXIS2_PLACEMENT_3D ( 'NONE', #38, #3648, #4663 ) ;
#1899 = DIRECTION ( 'NONE',  ( -1.000000000000000000, 0.000000000000000000, 0.000000000000000000 ) ) ;
#1900 = ORIENTED_EDGE ( 'NONE', *, *, #3134, .F. ) ;
#1901 = CIRCLE ( 'NONE', #5713, 1.500000000000011768 ) ;
#1902 = DIRECTION ( 'NONE',  ( 0.000000000000000000, 0.000000000000000000, -1.000000000000000000 ) ) ;
#1903 = LINE ( 'NONE', #3982, #5940 ) ;
#1904 = CYLINDRICAL_SURFACE ( 'NONE', #2709, 1.750000000000015543 ) ;
#1905 = DIRECTION ( 'NONE',  ( -1.000000000000000000, 0.000000000000000000, 0.000000000000000000 ) ) ;
#1906 = PRODUCT_DEFINITION_CONTEXT ( 'detailed design', #578, 'design' ) ;
#1907 = ORIENTED_EDGE ( 'NONE', *, *, #6359, .T. ) ;
#1908 = LINE ( 'NONE', #3443, #705 ) ;
#1909 = CARTESIAN_POINT ( 'NONE',  ( 20.00000000000000355, -21.50000000000000711, 4.000000000000000000 ) ) ;
#1910 = DIRECTION ( 'NONE',  ( -0.000000000000000000, -0.000000000000000000, -1.000000000000000000 ) ) ;
#1911 = ORIENTED_EDGE ( 'NONE', *, *, #732, .F. ) ;
#1912 = ORIENTED_EDGE ( 'NONE', *, *, #1154, .T. ) ;
#1913 = VERTEX_POINT ( 'NONE', #4725 ) ;
#1914 = AXIS2_PLACEMENT_3D ( 'NONE', #1887, #5179, #836 ) ;
#1915 = CARTESIAN_POINT ( 'NONE',  ( -40.99999999999988631, -3.556183125752441291E-14, 8.000000000000000000 ) ) ;
#1916 = ORIENTED_EDGE ( 'NONE', *, *, #6305, .T. ) ;
#1917 = CYLINDRICAL_SURFACE ( 'NONE', #241, 2.500000000000015987 ) ;
#1918 = DIRECTION ( 'NONE',  ( 1.000000000000000000, 0.000000000000000000, 0.000000000000000000 ) ) ;
#1919 = VECTOR ( 'NONE', #3570, 1000.000000000000000 ) ;
#1920 = EDGE_CURVE ( 'NONE', #1556, #2759, #1550, .T. ) ;
#1921 = FACE_OUTER_BOUND ( 'NONE', #3627, .T. ) ;
#1922 = ADVANCED_FACE ( 'NONE', ( #6728 ), #6659, .F. ) ;
#1923 = ORIENTED_EDGE ( 'NONE', *, *, #1185, .T. ) ;
#1924 = AXIS2_PLACEMENT_3D ( 'NONE', #4941, #333, #1363 ) ;
#1925 = DIRECTION ( 'NONE',  ( -0.000000000000000000, -0.000000000000000000, 1.000000000000000000 ) ) ;
#1926 = DIRECTION ( 'NONE',  ( -0.000000000000000000, -0.000000000000000000, -1.000000000000000000 ) ) ;
#1927 = CARTESIAN_POINT ( 'NONE',  ( -28.24999999999995737, -14.75000000000001243, 8.000000000000001776 ) ) ;
#1928 = DIRECTION ( 'NONE',  ( 0.000000000000000000, 0.000000000000000000, -1.000000000000000000 ) ) ;
#1929 = EDGE_CURVE ( 'NONE', #4566, #654, #4595, .T. ) ;
#1930 = ORIENTED_EDGE ( 'NONE', *, *, #5445, .F. ) ;
#1931 = PLANE ( 'NONE',  #6556 ) ;
#1932 = DIRECTION ( 'NONE',  ( -0.000000000000000000, -0.000000000000000000, 1.000000000000000000 ) ) ;
#1933 = CIRCLE ( 'NONE', #6078, 1.750000000000013767 ) ;
#1934 = DIRECTION ( 'NONE',  ( -0.000000000000000000, -0.000000000000000000, 1.000000000000000000 ) ) ;
#1935 = CARTESIAN_POINT ( 'NONE',  ( 21.75000000000001776, -45.00000000000000711, 8.000000000000000000 ) ) ;
#1936 = AXIS2_PLACEMENT_3D ( 'NONE', #4708, #6207, #6242 ) ;
#1937 = ORIENTED_EDGE ( 'NONE', *, *, #6679, .T. ) ;
#1938 = CARTESIAN_POINT ( 'NONE',  ( -113.9999999999999716, -14.75000000000001243, 0.000000000000000000 ) ) ;
#1939 = CARTESIAN_POINT ( 'NONE',  ( 60.00000000000000000, 0.000000000000000000, 0.000000000000000000 ) ) ;
#1940 = ORIENTED_EDGE ( 'NONE', *, *, #3803, .F. ) ;
#1941 = EDGE_LOOP ( 'NONE', ( #4265, #854, #547, #4499 ) ) ;
#1942 = ORIENTED_EDGE ( 'NONE', *, *, #6338, .T. ) ;
#1943 = CARTESIAN_POINT ( 'NONE',  ( -110.7499999999999574, -14.75000000000001243, 1.836970198721029688E-16 ) ) ;
#1944 = EDGE_LOOP ( 'NONE', ( #26, #3857, #2544, #6011 ) ) ;
#1945 = CYLINDRICAL_SURFACE ( 'NONE', #557, 1.750000000000011990 ) ;
#1946 = CARTESIAN_POINT ( 'NONE',  ( 10.00000000000000533, -55.00000000000000711, 8.000000000000000000 ) ) ;
#1947 = EDGE_CURVE ( 'NONE', #1608, #4467, #4932, .T. ) ;
#1948 = AXIS2_PLACEMENT_3D ( 'NONE', #2442, #6609, #1966 ) ;
#1949 = CARTESIAN_POINT ( 'NONE',  ( 18.24999999999998934, -21.50000000000000711, 4.000000000000000000 ) ) ;
#1950 = EDGE_LOOP ( 'NONE', ( #1193, #1599, #1594, #722 ) ) ;
#1951 = ADVANCED_FACE ( 'NONE', ( #4685, #6694 ), #457, .F. ) ;
#1952 = CIRCLE ( 'NONE', #5775, 1.750000000000011990 ) ;
#1953 = DIRECTION ( 'NONE',  ( -0.000000000000000000, -0.000000000000000000, -1.000000000000000000 ) ) ;
#1954 = DIRECTION ( 'NONE',  ( -0.000000000000000000, -0.000000000000000000, -1.000000000000000000 ) ) ;
#1955 = ADVANCED_FACE ( 'NONE', ( #2560 ), #4168, .F. ) ;
#1956 = CARTESIAN_POINT ( 'NONE',  ( 51.49999999999998579, 8.500000000000007105, 0.000000000000000000 ) ) ;
#1957 = ADVANCED_FACE ( 'NONE', ( #3662 ), #3593, .F. ) ;
#1958 = CARTESIAN_POINT ( 'NONE',  ( 8.499999999999984013, 51.50000000000000711, 1.224646799147353454E-16 ) ) ;
#1959 = EDGE_CURVE ( 'NONE', #810, #285, #253, .T. ) ;
#1960 = AXIS2_PLACEMENT_3D ( 'NONE', #5340, #3734, #1750 ) ;
#1961 = EDGE_CURVE ( 'NONE', #2729, #2992, #3796, .T. ) ;
#1962 = ORIENTED_EDGE ( 'NONE', *, *, #6016, .F. ) ;
#1963 = DIRECTION ( 'NONE',  ( 0.000000000000000000, -1.000000000000000000, 0.000000000000000000 ) ) ;
#1964 = EDGE_CURVE ( 'NONE', #1913, #3680, #4757, .T. ) ;
#1965 = DIRECTION ( 'NONE',  ( 0.000000000000000000, -1.000000000000000000, 0.000000000000000000 ) ) ;
#1966 = DIRECTION ( 'NONE',  ( 1.000000000000000000, 0.000000000000000000, 0.000000000000000000 ) ) ;
#1967 = FACE_OUTER_BOUND ( 'NONE', #5806, .T. ) ;
#1968 = EDGE_CURVE ( 'NONE', #2733, #4310, #1187, .T. ) ;
#1969 = AXIS2_PLACEMENT_3D ( 'NONE', #222, #5910, #156 ) ;
#1970 = ORIENTED_EDGE ( 'NONE', *, *, #6133, .T. ) ;
#1971 = CARTESIAN_POINT ( 'NONE',  ( -120.0000000000000284, 59.99999999999998579, 1.040834085586084257E-14 ) ) ;
#1972 = AXIS2_PLACEMENT_3D ( 'NONE', #5891, #2208, #170 ) ;
#1973 = AXIS2_PLACEMENT_3D ( 'NONE', #6470, #3873, #3296 ) ;
#1974 = CARTESIAN_POINT ( 'NONE',  ( 13.00000000000001776, -55.00000000000000711, 0.000000000000000000 ) ) ;
#1975 = ORIENTED_EDGE ( 'NONE', *, *, #1390, .T. ) ;
#1976 = ORIENTED_EDGE ( 'NONE', *, *, #1103, .T. ) ;
#1977 = ORIENTED_EDGE ( 'NONE', *, *, #6120, .F. ) ;
#1978 = DIRECTION ( 'NONE',  ( 0.000000000000000000, 0.000000000000000000, 1.000000000000000000 ) ) ;
#1979 = CARTESIAN_POINT ( 'NONE',  ( 10.00000000000000533, -45.00000000000000711, 4.000000000000003553 ) ) ;
#1980 = DIRECTION ( 'NONE',  ( -1.000000000000000000, 0.000000000000000000, 0.000000000000000000 ) ) ;
#1981 = LINE ( 'NONE', #2487, #5749 ) ;
#1982 = CIRCLE ( 'NONE', #3070, 3.000000000000012879 ) ;
#1983 = VERTEX_POINT ( 'NONE', #700 ) ;
#1984 = ORIENTED_EDGE ( 'NONE', *, *, #4079, .F. ) ;
#1985 = VECTOR ( 'NONE', #3011, 1000.000000000000000 ) ;
#1986 = CARTESIAN_POINT ( 'NONE',  ( -48.49999999999993605, 67.49999999999997158, 3.000000000000000000 ) ) ;
#1987 = LINE ( 'NONE', #4066, #2068 ) ;
#1988 = DIRECTION ( 'NONE',  ( -0.000000000000000000, -0.000000000000000000, -1.000000000000000000 ) ) ;
#1989 = DIRECTION ( 'NONE',  ( 1.000000000000000000, 0.000000000000000000, 0.000000000000000000 ) ) ;
#1990 = AXIS2_PLACEMENT_3D ( 'NONE', #2893, #286, #1806 ) ;
#1991 = EDGE_LOOP ( 'NONE', ( #3957, #4786 ) ) ;
#1992 = VERTEX_POINT ( 'NONE', #5819 ) ;
#1993 = CARTESIAN_POINT ( 'NONE',  ( -116.0000000000000426, 115.9999999999999574, 0.000000000000000000 ) ) ;
#1994 = FACE_OUTER_BOUND ( 'NONE', #4514, .T. ) ;
#1995 = VECTOR ( 'NONE', #541, 1000.000000000000000 ) ;
#1996 = LINE ( 'NONE', #3472, #2726 ) ;
#1997 = ORIENTED_EDGE ( 'NONE', *, *, #1113, .F. ) ;
#1998 = CARTESIAN_POINT ( 'NONE',  ( 51.49999999999998579, 51.50000000000000711, 1.224646799147353454E-16 ) ) ;
#1999 = EDGE_CURVE ( 'NONE', #160, #1790, #689, .T. ) ;
#2000 = AXIS2_PLACEMENT_3D ( 'NONE', #3950, #1369, #2412 ) ;
#2001 = ORIENTED_EDGE ( 'NONE', *, *, #6293, .T. ) ;
#2002 = CARTESIAN_POINT ( 'NONE',  ( 10.00000000000000000, -21.50000000000001066, 4.000000000000000000 ) ) ;
#2003 = CARTESIAN_POINT ( 'NONE',  ( 51.49999999999998579, 8.500000000000007105, 1.224646799147353454E-16 ) ) ;
#2004 = DIRECTION ( 'NONE',  ( -0.000000000000000000, -0.000000000000000000, 1.000000000000000000 ) ) ;
#2005 = VERTEX_POINT ( 'NONE', #4828 ) ;
#2006 = EDGE_LOOP ( 'NONE', ( #4940, #4027 ) ) ;
#2007 = VERTEX_POINT ( 'NONE', #2164 ) ;
#2008 = EDGE_CURVE ( 'NONE', #2079, #5542, #5800, .T. ) ;
#2009 = LINE ( 'NONE', #416, #3509 ) ;
#2010 = CARTESIAN_POINT ( 'NONE',  ( 21.75000000000001776, -45.00000000000000711, 8.000000000000000000 ) ) ;
#2011 = ORIENTED_EDGE ( 'NONE', *, *, #2752, .T. ) ;
#2012 = CARTESIAN_POINT ( 'NONE',  ( 48.99999999999996447, 8.500000000000007105, 1.224646799147353454E-16 ) ) ;
#2013 = DIRECTION ( 'NONE',  ( -6.938893903907228378E-17, 1.000000000000000000, 0.000000000000000000 ) ) ;
#2014 = ORIENTED_EDGE ( 'NONE', *, *, #2027, .F. ) ;
#2015 = ORIENTED_EDGE ( 'NONE', *, *, #2844, .F. ) ;
#2016 = CARTESIAN_POINT ( 'NONE',  ( 21.75000000000001776, -55.00000000000000711, 8.000000000000000000 ) ) ;
#2017 = AXIS2_PLACEMENT_3D ( 'NONE', #1719, #4446, #5882 ) ;
#2018 = CARTESIAN_POINT ( 'NONE',  ( 6.938893903907228378E-15, -55.00000000000001421, 0.000000000000000000 ) ) ;
#2019 = DIRECTION ( 'NONE',  ( 0.000000000000000000, 0.000000000000000000, 1.000000000000000000 ) ) ;
#2020 = DIRECTION ( 'NONE',  ( -0.000000000000000000, -0.000000000000000000, -1.000000000000000000 ) ) ;
#2021 = ORIENTED_EDGE ( 'NONE', *, *, #4759, .T. ) ;
#2022 = CIRCLE ( 'NONE', #3444, 1.750000000000011990 ) ;
#2023 = VERTEX_POINT ( 'NONE', #2229 ) ;
#2024 = CARTESIAN_POINT ( 'NONE',  ( -26.74999999999995737, -54.75000000000002132, 4.000000000000000000 ) ) ;
#2025 = CARTESIAN_POINT ( 'NONE',  ( 21.75000000000001776, -21.50000000000000711, 4.000000000000000000 ) ) ;
#2026 = CARTESIAN_POINT ( 'NONE',  ( 8.499999999999984013, 8.500000000000007105, 1.224646799147353454E-16 ) ) ;
#2027 = EDGE_CURVE ( 'NONE', #4177, #6149, #4277, .T. ) ;
#2028 = VERTEX_POINT ( 'NONE', #5374 ) ;
#2029 = CARTESIAN_POINT ( 'NONE',  ( -50.99999999999995737, 67.49999999999997158, 0.000000000000000000 ) ) ;
#2030 = AXIS2_PLACEMENT_3D ( 'NONE', #3776, #5863, #1200 ) ;
#2031 = ORIENTED_EDGE ( 'NONE', *, *, #4382, .T. ) ;
#2032 = ORIENTED_EDGE ( 'NONE', *, *, #2948, .F. ) ;
#2033 = VECTOR ( 'NONE', #6496, 1000.000000000000000 ) ;
#2034 = CARTESIAN_POINT ( 'NONE',  ( -106.4999999999999574, 67.49999999999997158, 3.000000000000000000 ) ) ;
#2035 = ADVANCED_FACE ( 'NONE', ( #6427 ), #1748, .F. ) ;
#2036 = DIRECTION ( 'NONE',  ( -1.000000000000000000, 0.000000000000000000, 0.000000000000000000 ) ) ;
#2037 = ADVANCED_FACE ( 'NONE', ( #2771 ), #5271, .F. ) ;
#2038 = CYLINDRICAL_SURFACE ( 'NONE', #1936, 1.500000000000015099 ) ;
#2039 = EDGE_CURVE ( 'NONE', #3898, #1538, #1659, .T. ) ;
#2040 = VECTOR ( 'NONE', #1111, 1000.000000000000000 ) ;
#2041 = ORIENTED_EDGE ( 'NONE', *, *, #2144, .F. ) ;
#2042 = ORIENTED_EDGE ( 'NONE', *, *, #3433, .F. ) ;
#2043 = ORIENTED_EDGE ( 'NONE', *, *, #6387, .T. ) ;
#2044 = EDGE_CURVE ( 'NONE', #826, #5363, #3401, .T. ) ;
#2045 = CARTESIAN_POINT ( 'NONE',  ( -106.4999999999999574, 116.4999999999999716, 8.000000000000000000 ) ) ;
#2046 = VECTOR ( 'NONE', #4084, 1000.000000000000000 ) ;
#2047 = EDGE_CURVE ( 'NONE', #1983, #6590, #599, .T. ) ;
#2048 = DIRECTION ( 'NONE',  ( 1.000000000000000000, 0.000000000000000000, 0.000000000000000000 ) ) ;
#2049 = ORIENTED_EDGE ( 'NONE', *, *, #5210, .F. ) ;
#2050 = DIRECTION ( 'NONE',  ( -0.000000000000000000, -0.000000000000000000, 1.000000000000000000 ) ) ;
#2051 = CARTESIAN_POINT ( 'NONE',  ( 6.999999999999970690, 8.500000000000007105, 0.000000000000000000 ) ) ;
#2052 = ADVANCED_FACE ( 'NONE', ( #3251 ), #665, .F. ) ;
#2053 = ORIENTED_EDGE ( 'NONE', *, *, #2948, .T. ) ;
#2054 = ORIENTED_EDGE ( 'NONE', *, *, #2047, .F. ) ;
#2055 = CARTESIAN_POINT ( 'NONE',  ( -11.00000000000000178, 65.00000000000000000, 44.00000000000000000 ) ) ;
#2056 = LINE ( 'NONE', #4137, #1214 ) ;
#2057 = AXIS2_PLACEMENT_3D ( 'NONE', #6247, #4057, #6651 ) ;
#2058 = DIRECTION ( 'NONE',  ( -0.000000000000000000, -0.000000000000000000, -1.000000000000000000 ) ) ;
#2059 = LINE ( 'NONE', #2167, #4501 ) ;
#2060 = VERTEX_POINT ( 'NONE', #734 ) ;
#2061 = CIRCLE ( 'NONE', #3375, 3.250000000000016875 ) ;
#2062 = VERTEX_POINT ( 'NONE', #4240 ) ;
#2063 = CARTESIAN_POINT ( 'NONE',  ( 20.00000000000000355, -35.00000000000000000, -8.572527594031465301E-16 ) ) ;
#2064 = CARTESIAN_POINT ( 'NONE',  ( -29.99999999999997158, -14.75000000000001243, 8.000000000000001776 ) ) ;
#2065 = LINE ( 'NONE', #2139, #5449 ) ;
#2066 = ORIENTED_EDGE ( 'NONE', *, *, #3889, .F. ) ;
#2067 = DIRECTION ( 'NONE',  ( -1.000000000000000000, 0.000000000000000000, 0.000000000000000000 ) ) ;
#2068 = VECTOR ( 'NONE', #6152, 1000.000000000000000 ) ;
#2069 = FACE_BOUND ( 'NONE', #1587, .T. ) ;
#2070 = ORIENTED_EDGE ( 'NONE', *, *, #5216, .T. ) ;
#2071 = CIRCLE ( 'NONE', #2943, 1.750000000000011990 ) ;
#2072 = CARTESIAN_POINT ( 'NONE',  ( -11.00000000000009237, -5.000000000000000000, 33.99999999999999289 ) ) ;
#2073 = ADVANCED_FACE ( 'NONE', ( #2734, #1155 ), #3218, .F. ) ;
#2074 = DIRECTION ( 'NONE',  ( -1.000000000000000000, 0.000000000000000000, 0.000000000000000000 ) ) ;
#2075 = CARTESIAN_POINT ( 'NONE',  ( 0.000000000000000000, 0.000000000000000000, 16.00000000000000000 ) ) ;
#2076 = CIRCLE ( 'NONE', #1434, 3.250000000000016875 ) ;
#2077 = EDGE_LOOP ( 'NONE', ( #1398, #5872, #3720, #3686 ) ) ;
#2078 = ORIENTED_EDGE ( 'NONE', *, *, #6293, .F. ) ;
#2079 = VERTEX_POINT ( 'NONE', #1718 ) ;
#2080 = CARTESIAN_POINT ( 'NONE',  ( -115.9999999999999574, -56.00000000000002132, 8.000000000000000000 ) ) ;
#2081 = ADVANCED_FACE ( 'NONE', ( #1252, #4895, #6463, #6324, #1651, #5303, #631, #1847, #4026, #323, #3966, #5546, #2329, #3452, #835, #1886, #2394, #2969, #4994, #4962, #260, #3484, #387, #6049, #2835, #1381, #4479, #6494, #1815, #3902, #4928, #1350, #6563 ), #872, .F. ) ;
#2082 = CIRCLE ( 'NONE', #1120, 2.999999999999999112 ) ;
#2083 = FACE_OUTER_BOUND ( 'NONE', #1249, .T. ) ;
#2084 = ORIENTED_EDGE ( 'NONE', *, *, #4382, .F. ) ;
#2085 = CARTESIAN_POINT ( 'NONE',  ( 0.000000000000000000, 80.00000000000000000, 16.00000000000000000 ) ) ;
#2086 = CARTESIAN_POINT ( 'NONE',  ( 8.249999999999992895, -35.00000000000000000, 4.000000000000003553 ) ) ;
#2087 = EDGE_CURVE ( 'NONE', #5715, #290, #6346, .T. ) ;
#2088 = ORIENTED_EDGE ( 'NONE', *, *, #3631, .T. ) ;
#2089 = VECTOR ( 'NONE', #3941, 1000.000000000000000 ) ;
#2090 = AXIS2_PLACEMENT_3D ( 'NONE', #6144, #4090, #2482 ) ;
#2091 = ORIENTED_EDGE ( 'NONE', *, *, #1397, .F. ) ;
#2092 = EDGE_CURVE ( 'NONE', #27, #258, #358, .T. ) ;
#2093 = EDGE_CURVE ( 'NONE', #2269, #2206, #2095, .T. ) ;
#2094 = DIRECTION ( 'NONE',  ( 0.000000000000000000, 0.000000000000000000, 1.000000000000000000 ) ) ;
#2095 = CIRCLE ( 'NONE', #3181, 3.000000000000002665 ) ;
#2096 = CYLINDRICAL_SURFACE ( 'NONE', #3156, 3.000000000000012879 ) ;
#2097 = DIRECTION ( 'NONE',  ( -0.000000000000000000, -0.000000000000000000, -1.000000000000000000 ) ) ;
#2098 = CARTESIAN_POINT ( 'NONE',  ( -103.9999999999999432, 116.4999999999999716, 3.000000000000000000 ) ) ;
#2099 = ORIENTED_EDGE ( 'NONE', *, *, #4226, .F. ) ;
#2100 = CIRCLE ( 'NONE', #4830, 3.000000000000012879 ) ;
#2101 = VERTEX_POINT ( 'NONE', #5058 ) ;
#2102 = CYLINDRICAL_SURFACE ( 'NONE', #24, 5.000000000000000888 ) ;
#2103 = EDGE_CURVE ( 'NONE', #5767, #5290, #3063, .T. ) ;
#2104 = LINE ( 'NONE', #4769, #4299 ) ;
#2105 = CARTESIAN_POINT ( 'NONE',  ( 10.90000000000000568, 72.00000000000001421, 0.000000000000000000 ) ) ;
#2106 = VERTEX_POINT ( 'NONE', #5576 ) ;
#2107 = DIRECTION ( 'NONE',  ( 1.000000000000000000, 0.000000000000000000, 0.000000000000000000 ) ) ;
#2108 = CIRCLE ( 'NONE', #696, 1.250000000000015099 ) ;
#2109 = ORIENTED_EDGE ( 'NONE', *, *, #6471, .F. ) ;
#2110 = ORIENTED_EDGE ( 'NONE', *, *, #2839, .T. ) ;
#2111 = AXIS2_PLACEMENT_3D ( 'NONE', #2364, #2873, #5991 ) ;
#2112 = CARTESIAN_POINT ( 'NONE',  ( 13.00000000000001066, 108.0000000000000142, 4.000000000000000000 ) ) ;
#2113 = LINE ( 'NONE', #180, #5180 ) ;
#2114 = DIRECTION ( 'NONE',  ( -1.000000000000000000, -1.387778780781445676E-16, 0.000000000000000000 ) ) ;
#2115 = CIRCLE ( 'NONE', #1681, 1.750000000000015543 ) ;
#2116 = ORIENTED_EDGE ( 'NONE', *, *, #973, .T. ) ;
#2117 = EDGE_LOOP ( 'NONE', ( #2449, #5278 ) ) ;
#2118 = ORIENTED_EDGE ( 'NONE', *, *, #2504, .T. ) ;
#2119 = CARTESIAN_POINT ( 'NONE',  ( -103.9999999999999432, 67.49999999999997158, 3.000000000000000000 ) ) ;
#2120 = AXIS2_PLACEMENT_3D ( 'NONE', #467, #5753, #1087 ) ;
#2121 = CARTESIAN_POINT ( 'NONE',  ( -35.99999999999999289, 0.000000000000000000, 33.99999999999999289 ) ) ;
#2122 = EDGE_LOOP ( 'NONE', ( #1657, #2571, #6733, #112 ) ) ;
#2123 = CARTESIAN_POINT ( 'NONE',  ( 23.00000000000001776, -35.00000000000000000, 0.000000000000000000 ) ) ;
#2124 = DIRECTION ( 'NONE',  ( -0.000000000000000000, -0.000000000000000000, -1.000000000000000000 ) ) ;
#2125 = ORIENTED_EDGE ( 'NONE', *, *, #6623, .T. ) ;
#2126 = EDGE_LOOP ( 'NONE', ( #792, #4404 ) ) ;
#2127 = DIRECTION ( 'NONE',  ( 1.000000000000000000, 0.000000000000000000, 0.000000000000000000 ) ) ;
#2128 = EDGE_CURVE ( 'NONE', #1528, #5474, #5913, .T. ) ;
#2129 = CARTESIAN_POINT ( 'NONE',  ( -1.750000000000006883, -45.00000000000001421, 8.000000000000000000 ) ) ;
#2130 = LINE ( 'NONE', #5236, #741 ) ;
#2131 = EDGE_CURVE ( 'NONE', #1983, #2023, #4445, .T. ) ;
#2132 = EDGE_CURVE ( 'NONE', #1007, #3687, #6083, .T. ) ;
#2133 = DIRECTION ( 'NONE',  ( -0.000000000000000000, -0.000000000000000000, -1.000000000000000000 ) ) ;
#2134 = ORIENTED_EDGE ( 'NONE', *, *, #2741, .T. ) ;
#2135 = EDGE_LOOP ( 'NONE', ( #352, #5498, #259, #4333 ) ) ;
#2136 = DIRECTION ( 'NONE',  ( -1.000000000000000000, 0.000000000000000000, 0.000000000000000000 ) ) ;
#2137 = CIRCLE ( 'NONE', #73, 3.000000000000012879 ) ;
#2138 = DIRECTION ( 'NONE',  ( -0.000000000000000000, -0.000000000000000000, -1.000000000000000000 ) ) ;
#2139 = CARTESIAN_POINT ( 'NONE',  ( 30.00000000000000000, -4.000000000000003553, 8.000000000000000000 ) ) ;
#2140 = ORIENTED_EDGE ( 'NONE', *, *, #6517, .T. ) ;
#2141 = DIRECTION ( 'NONE',  ( 0.000000000000000000, 0.000000000000000000, -1.000000000000000000 ) ) ;
#2142 = CARTESIAN_POINT ( 'NONE',  ( 60.00000000000000000, 60.00000000000000000, 0.000000000000000000 ) ) ;
#2143 = AXIS2_PLACEMENT_3D ( 'NONE', #283, #3887, #1771 ) ;
#2144 = EDGE_CURVE ( 'NONE', #6262, #5472, #2452, .T. ) ;
#2145 = VERTEX_POINT ( 'NONE', #1943 ) ;
#2146 = CARTESIAN_POINT ( 'NONE',  ( -40.99999999999995026, 108.0000000000000142, 13.75000000000000888 ) ) ;
#2147 = VECTOR ( 'NONE', #1988, 1000.000000000000000 ) ;
#2148 = CARTESIAN_POINT ( 'NONE',  ( 4.047688110612549361E-15, -5.000000000000011546, 8.000000000000000000 ) ) ;
#2149 = FACE_OUTER_BOUND ( 'NONE', #5830, .T. ) ;
#2150 = ORIENTED_EDGE ( 'NONE', *, *, #85, .F. ) ;
#2151 = AXIS2_PLACEMENT_3D ( 'NONE', #5615, #3495, #2528 ) ;
#2152 = ORIENTED_EDGE ( 'NONE', *, *, #1011, .F. ) ;
#2153 = ORIENTED_EDGE ( 'NONE', *, *, #758, .F. ) ;
#2154 = DIRECTION ( 'NONE',  ( -1.000000000000000000, 0.000000000000000000, 0.000000000000000000 ) ) ;
#2155 = CARTESIAN_POINT ( 'NONE',  ( 20.00000000000000355, -21.50000000000000711, 0.000000000000000000 ) ) ;
#2156 = AXIS2_PLACEMENT_3D ( 'NONE', #4544, #3551, #1918 ) ;
#2157 = VERTEX_POINT ( 'NONE', #6112 ) ;
#2158 = DIRECTION ( 'NONE',  ( 1.000000000000000000, -0.000000000000000000, -0.000000000000000000 ) ) ;
#2159 = CARTESIAN_POINT ( 'NONE',  ( -22.99999999999997868, 72.00000000000001421, 8.000000000000000000 ) ) ;
#2160 = AXIS2_PLACEMENT_3D ( 'NONE', #6213, #6179, #2553 ) ;
#2161 = EDGE_LOOP ( 'NONE', ( #4246, #618, #6276, #4276 ) ) ;
#2162 = ORIENTED_EDGE ( 'NONE', *, *, #4860, .T. ) ;
#2163 = CIRCLE ( 'NONE', #5433, 3.000000000000012879 ) ;
#2164 = CARTESIAN_POINT ( 'NONE',  ( -115.7499999999999858, -14.75000000000001243, 4.000000000000000000 ) ) ;
#2165 = CARTESIAN_POINT ( 'NONE',  ( 6.938893903907228378E-15, -55.00000000000001421, -8.572527594031465301E-16 ) ) ;
#2166 = CARTESIAN_POINT ( 'NONE',  ( -116.0000000000000426, 115.9999999999999574, 0.000000000000000000 ) ) ;
#2167 = CARTESIAN_POINT ( 'NONE',  ( 16.99999999999998934, -21.50000000000000711, 0.000000000000000000 ) ) ;
#2168 = ADVANCED_FACE ( 'NONE', ( #3356, #5441 ), #767, .F. ) ;
#2169 = ORIENTED_EDGE ( 'NONE', *, *, #6387, .F. ) ;
#2170 = VERTEX_POINT ( 'NONE', #4194 ) ;
#2171 = CARTESIAN_POINT ( 'NONE',  ( 9.999999999999994671, 8.500000000000007105, 0.000000000000000000 ) ) ;
#2172 = VECTOR ( 'NONE', #5971, 1000.000000000000000 ) ;
#2173 = CARTESIAN_POINT ( 'NONE',  ( 20.00000000000000355, -35.00000000000000000, 4.000000000000003553 ) ) ;
#2174 = CARTESIAN_POINT ( 'NONE',  ( 0.000000000000000000, 0.000000000000000000, 8.000000000000000000 ) ) ;
#2175 = EDGE_LOOP ( 'NONE', ( #3468, #3659 ) ) ;
#2176 = DIRECTION ( 'NONE',  ( -0.000000000000000000, -0.000000000000000000, -1.000000000000000000 ) ) ;
#2177 = CARTESIAN_POINT ( 'NONE',  ( -15.99999999999999645, 0.000000000000000000, 33.99999999999999289 ) ) ;
#2178 = ADVANCED_FACE ( 'NONE', ( #519 ), #6145, .F. ) ;
#2179 = VERTEX_POINT ( 'NONE', #4571 ) ;
#2180 = DIRECTION ( 'NONE',  ( 1.000000000000000000, 0.000000000000000000, 0.000000000000000000 ) ) ;
#2181 = DIRECTION ( 'NONE',  ( -0.000000000000000000, -0.000000000000000000, -1.000000000000000000 ) ) ;
#2182 = EDGE_CURVE ( 'NONE', #958, #2712, #571, .T. ) ;
#2183 = PLANE ( 'NONE',  #6710 ) ;
#2184 = DIRECTION ( 'NONE',  ( -1.000000000000000000, 0.000000000000000000, 0.000000000000000000 ) ) ;
#2185 = EDGE_LOOP ( 'NONE', ( #5992, #3688 ) ) ;
#2186 = AXIS2_PLACEMENT_3D ( 'NONE', #4608, #3139, #5227 ) ;
#2187 = ORIENTED_EDGE ( 'NONE', *, *, #2087, .T. ) ;
#2188 = ORIENTED_EDGE ( 'NONE', *, *, #3246, .F. ) ;
#2189 = DIRECTION ( 'NONE',  ( -0.000000000000000000, -0.000000000000000000, 1.000000000000000000 ) ) ;
#2190 = DIRECTION ( 'NONE',  ( -0.000000000000000000, 0.7071067811865430208, 0.7071067811865521247 ) ) ;
#2191 = ORIENTED_EDGE ( 'NONE', *, *, #3380, .F. ) ;
#2192 = CYLINDRICAL_SURFACE ( 'NONE', #339, 3.000000000000002665 ) ;
#2193 = VECTOR ( 'NONE', #2825, 1000.000000000000000 ) ;
#2194 = DIRECTION ( 'NONE',  ( -1.000000000000000000, 0.000000000000000000, 0.000000000000000000 ) ) ;
#2195 = ORIENTED_EDGE ( 'NONE', *, *, #4268, .T. ) ;
#2196 = ORIENTED_EDGE ( 'NONE', *, *, #1273, .F. ) ;
#2197 = VECTOR ( 'NONE', #2919, 1000.000000000000000 ) ;
#2198 = DIRECTION ( 'NONE',  ( -0.000000000000000000, 0.000000000000000000, -1.000000000000000000 ) ) ;
#2199 = DIRECTION ( 'NONE',  ( -0.000000000000000000, -0.000000000000000000, -1.000000000000000000 ) ) ;
#2200 = CARTESIAN_POINT ( 'NONE',  ( -44.99999999999995026, 108.0000000000000142, 12.00000000000000000 ) ) ;
#2201 = VECTOR ( 'NONE', #4904, 1000.000000000000000 ) ;
#2202 = AXIS2_PLACEMENT_3D ( 'NONE', #966, #3427, #1359 ) ;
#2203 = DIRECTION ( 'NONE',  ( 0.000000000000000000, 1.000000000000000000, 0.000000000000000000 ) ) ;
#2204 = ORIENTED_EDGE ( 'NONE', *, *, #1458, .T. ) ;
#2205 = EDGE_CURVE ( 'NONE', #4702, #6175, #6122, .T. ) ;
#2206 = VERTEX_POINT ( 'NONE', #938 ) ;
#2207 = DIRECTION ( 'NONE',  ( -0.000000000000000000, -0.000000000000000000, 1.000000000000000000 ) ) ;
#2208 = DIRECTION ( 'NONE',  ( -0.000000000000000000, -0.000000000000000000, 1.000000000000000000 ) ) ;
#2209 = FACE_OUTER_BOUND ( 'NONE', #4485, .T. ) ;
#2210 = ORIENTED_EDGE ( 'NONE', *, *, #6666, .F. ) ;
#2211 = DIRECTION ( 'NONE',  ( 0.000000000000000000, 1.000000000000000000, 0.000000000000000000 ) ) ;
#2212 = DIRECTION ( 'NONE',  ( 1.000000000000000000, 0.000000000000000000, 0.000000000000000000 ) ) ;
#2213 = ORIENTED_EDGE ( 'NONE', *, *, #1827, .T. ) ;
#2214 = LINE ( 'NONE', #4911, #6446 ) ;
#2215 = CARTESIAN_POINT ( 'NONE',  ( -44.99999999999995026, 0.000000000000000000, 16.00000000000000000 ) ) ;
#2216 = DIRECTION ( 'NONE',  ( 1.000000000000000000, 0.000000000000000000, 0.000000000000000000 ) ) ;
#2217 = ORIENTED_EDGE ( 'NONE', *, *, #6582, .T. ) ;
#2218 = VECTOR ( 'NONE', #929, 1000.000000000000000 ) ;
#2219 = ORIENTED_EDGE ( 'NONE', *, *, #3553, .F. ) ;
#2220 = ORIENTED_EDGE ( 'NONE', *, *, #5337, .F. ) ;
#2221 = DIRECTION ( 'NONE',  ( -0.000000000000000000, -0.000000000000000000, -1.000000000000000000 ) ) ;
#2222 = AXIS2_PLACEMENT_3D ( 'NONE', #2215, #1735, #5423 ) ;
#2223 = FACE_OUTER_BOUND ( 'NONE', #2567, .T. ) ;
#2224 = LINE ( 'NONE', #4371, #4548 ) ;
#2225 = VERTEX_POINT ( 'NONE', #1072 ) ;
#2226 = EDGE_CURVE ( 'NONE', #384, #540, #3030, .T. ) ;
#2227 = ORIENTED_EDGE ( 'NONE', *, *, #3731, .T. ) ;
#2228 = VECTOR ( 'NONE', #4559, 1000.000000000000000 ) ;
#2229 = CARTESIAN_POINT ( 'NONE',  ( -40.99999999999995026, 63.99999999999991473, 8.000000000000000000 ) ) ;
#2230 = CARTESIAN_POINT ( 'NONE',  ( 13.00000000000001599, -35.00000000000000000, 0.000000000000000000 ) ) ;
#2231 = DIRECTION ( 'NONE',  ( 1.000000000000000000, 0.000000000000000000, 0.000000000000000000 ) ) ;
#2232 = DIRECTION ( 'NONE',  ( -1.000000000000000000, 0.000000000000000000, 0.000000000000000000 ) ) ;
#2233 = CARTESIAN_POINT ( 'NONE',  ( 21.75000000000001066, -5.000000000000004441, 4.000000000000003553 ) ) ;
#2234 = EDGE_LOOP ( 'NONE', ( #6040, #5056 ) ) ;
#2235 = CARTESIAN_POINT ( 'NONE',  ( -40.99999999999995026, 108.0000000000000142, 10.24999999999998401 ) ) ;
#2236 = CYLINDRICAL_SURFACE ( 'NONE', #3835, 3.000000000000012879 ) ;
#2237 = FACE_OUTER_BOUND ( 'NONE', #603, .T. ) ;
#2238 = ORIENTED_EDGE ( 'NONE', *, *, #3518, .F. ) ;
#2239 = LINE ( 'NONE', #2679, #5626 ) ;
#2240 = LINE ( 'NONE', #5320, #3848 ) ;
#2241 = CIRCLE ( 'NONE', #6386, 3.000000000000012879 ) ;
#2242 = ORIENTED_EDGE ( 'NONE', *, *, #1099, .F. ) ;
#2243 = DIRECTION ( 'NONE',  ( -0.000000000000000000, -0.000000000000000000, -1.000000000000000000 ) ) ;
#2244 = EDGE_CURVE ( 'NONE', #6410, #5291, #5664, .T. ) ;
#2245 = DIRECTION ( 'NONE',  ( -0.000000000000000000, 0.000000000000000000, 1.000000000000000000 ) ) ;
#2246 = LINE ( 'NONE', #2720, #1385 ) ;
#2247 = AXIS2_PLACEMENT_3D ( 'NONE', #6739, #5140, #6236 ) ;
#2248 = EDGE_LOOP ( 'NONE', ( #5166, #3877, #2001, #3536 ) ) ;
#2249 = ORIENTED_EDGE ( 'NONE', *, *, #4847, .T. ) ;
#2250 = ORIENTED_EDGE ( 'NONE', *, *, #5937, .F. ) ;
#2251 = VECTOR ( 'NONE', #1166, 1000.000000000000000 ) ;
#2252 = FACE_OUTER_BOUND ( 'NONE', #2644, .T. ) ;
#2253 = ADVANCED_FACE ( 'NONE', ( #1002, #4125 ), #5737, .F. ) ;
#2254 = EDGE_CURVE ( 'NONE', #1650, #3207, #5153, .T. ) ;
#2255 = DIRECTION ( 'NONE',  ( -0.000000000000000000, -0.000000000000000000, 1.000000000000000000 ) ) ;
#2256 = CARTESIAN_POINT ( 'NONE',  ( 60.00000000000000000, 0.000000000000000000, 0.000000000000000000 ) ) ;
#2257 = AXIS2_PLACEMENT_3D ( 'NONE', #6148, #1511, #4094 ) ;
#2258 = VERTEX_POINT ( 'NONE', #449 ) ;
#2259 = VERTEX_POINT ( 'NONE', #418 ) ;
#2260 = EDGE_CURVE ( 'NONE', #1056, #913, #5096, .T. ) ;
#2261 = CIRCLE ( 'NONE', #2257, 1.750000000000011990 ) ;
#2262 = CARTESIAN_POINT ( 'NONE',  ( -106.4999999999999574, 67.49999999999997158, 8.000000000000000000 ) ) ;
#2263 = CARTESIAN_POINT ( 'NONE',  ( -20.89999999999996305, 72.00000000000001421, 1.224646799147356350E-17 ) ) ;
#2264 = ADVANCED_FACE ( 'NONE', ( #1541 ), #5703, .F. ) ;
#2265 = DIRECTION ( 'NONE',  ( -0.000000000000000000, -0.000000000000000000, -1.000000000000000000 ) ) ;
#2266 = DIRECTION ( 'NONE',  ( 0.000000000000000000, 0.000000000000000000, 1.000000000000000000 ) ) ;
#2267 = DIRECTION ( 'NONE',  ( -0.000000000000000000, -0.000000000000000000, 1.000000000000000000 ) ) ;
#2268 = AXIS2_PLACEMENT_3D ( 'NONE', #558, #2628, #4752 ) ;
#2269 = VERTEX_POINT ( 'NONE', #1474 ) ;
#2270 = PLANE ( 'NONE',  #2411 ) ;
#2271 = CARTESIAN_POINT ( 'NONE',  ( 11.75000000000001776, -5.000000000000004441, 4.000000000000003553 ) ) ;
#2272 = AXIS2_PLACEMENT_3D ( 'NONE', #2422, #1910, #3990 ) ;
#2273 = DIRECTION ( 'NONE',  ( -1.000000000000000000, 0.000000000000000000, 0.000000000000000000 ) ) ;
#2274 = ORIENTED_EDGE ( 'NONE', *, *, #6712, .F. ) ;
#2275 = FACE_OUTER_BOUND ( 'NONE', #5577, .T. ) ;
#2276 = FACE_BOUND ( 'NONE', #4230, .T. ) ;
#2277 = ORIENTED_EDGE ( 'NONE', *, *, #55, .F. ) ;
#2278 = CARTESIAN_POINT ( 'NONE',  ( -117.2500000000000000, -14.75000000000001243, 0.000000000000000000 ) ) ;
#2279 = LINE ( 'NONE', #6379, #276 ) ;
#2280 = DIRECTION ( 'NONE',  ( -1.000000000000000000, 0.000000000000000000, 0.000000000000000000 ) ) ;
#2281 = EDGE_LOOP ( 'NONE', ( #6351, #4610, #596, #2607 ) ) ;
#2282 = VERTEX_POINT ( 'NONE', #3655 ) ;
#2283 = EDGE_LOOP ( 'NONE', ( #6491, #4229, #6311, #6625 ) ) ;
#2284 = VECTOR ( 'NONE', #1055, 1000.000000000000000 ) ;
#2285 = CARTESIAN_POINT ( 'NONE',  ( 25.99999999999999645, -60.00000000000002842, 8.000000000000000000 ) ) ;
#2286 = CARTESIAN_POINT ( 'NONE',  ( -112.2499999999999574, -14.75000000000001243, 8.000000000000001776 ) ) ;
#2287 = DIRECTION ( 'NONE',  ( -0.000000000000000000, -0.000000000000000000, 1.000000000000000000 ) ) ;
#2288 = CIRCLE ( 'NONE', #121, 3.250000000000016875 ) ;
#2289 = ORIENTED_EDGE ( 'NONE', *, *, #4673, .F. ) ;
#2290 = EDGE_LOOP ( 'NONE', ( #549, #4924 ) ) ;
#2291 = EDGE_CURVE ( 'NONE', #1623, #3754, #3548, .T. ) ;
#2292 = AXIS2_PLACEMENT_3D ( 'NONE', #1578, #2555, #2519 ) ;
#2293 = DIRECTION ( 'NONE',  ( 0.000000000000000000, 0.000000000000000000, 1.000000000000000000 ) ) ;
#2294 = DIRECTION ( 'NONE',  ( -0.000000000000000000, -0.000000000000000000, -1.000000000000000000 ) ) ;
#2295 = EDGE_CURVE ( 'NONE', #3328, #5083, #2517, .T. ) ;
#2296 = SURFACE_STYLE_FILL_AREA ( #5917 ) ;
#2297 = FACE_OUTER_BOUND ( 'NONE', #239, .T. ) ;
#2298 = LINE ( 'NONE', #635, #1671 ) ;
#2299 = AXIS2_PLACEMENT_3D ( 'NONE', #1909, #5458, #5968 ) ;
#2300 = EDGE_CURVE ( 'NONE', #2390, #4287, #664, .T. ) ;
#2301 = ORIENTED_EDGE ( 'NONE', *, *, #4083, .T. ) ;
#2302 = ADVANCED_FACE ( 'NONE', ( #4605 ), #3583, .F. ) ;
#2303 = DIRECTION ( 'NONE',  ( -0.000000000000000000, -0.000000000000000000, -1.000000000000000000 ) ) ;
#2304 = CARTESIAN_POINT ( 'NONE',  ( 5.999999999999970690, 8.500000000000007105, 3.000000000000000000 ) ) ;
#2306 = DIRECTION ( 'NONE',  ( -0.000000000000000000, -0.000000000000000000, -1.000000000000000000 ) ) ;
#2305 = CIRCLE ( 'NONE', #5680, 2.500000000000015987 ) ;
#2307 = VERTEX_POINT ( 'NONE', #11 ) ;
#2308 = DIRECTION ( 'NONE',  ( 1.000000000000000000, 0.000000000000000000, 0.000000000000000000 ) ) ;
#2309 = DIRECTION ( 'NONE',  ( -0.000000000000000000, -0.000000000000000000, -1.000000000000000000 ) ) ;
#2310 = DIRECTION ( 'NONE',  ( -0.000000000000000000, -0.000000000000000000, 1.000000000000000000 ) ) ;
#2311 = AXIS2_PLACEMENT_3D ( 'NONE', #292, #2936, #3933 ) ;
#2312 = ADVANCED_FACE ( 'NONE', ( #2083 ), #4161, .T. ) ;
#2313 = CIRCLE ( 'NONE', #2202, 1.750000000000011990 ) ;
#2314 = VERTEX_POINT ( 'NONE', #46 ) ;
#2315 = CARTESIAN_POINT ( 'NONE',  ( -26.99999999999998934, -4.000000000000001776, 44.00000000000000000 ) ) ;
#2316 = CARTESIAN_POINT ( 'NONE',  ( -44.99999999999995026, 0.000000000000000000, 16.00000000000000000 ) ) ;
#2317 = CYLINDRICAL_SURFACE ( 'NONE', #4903, 1.750000000000015543 ) ;
#2318 = DIRECTION ( 'NONE',  ( -1.000000000000000000, 0.000000000000000000, 0.000000000000000000 ) ) ;
#2319 = ORIENTED_EDGE ( 'NONE', *, *, #5272, .T. ) ;
#2320 = VERTEX_POINT ( 'NONE', #2121 ) ;
#2321 = AXIS2_PLACEMENT_3D ( 'NONE', #5198, #2529, #1518 ) ;
#2322 = CYLINDRICAL_SURFACE ( 'NONE', #4948, 4.000000000000000000 ) ;
#2323 = CARTESIAN_POINT ( 'NONE',  ( -20.89999999999996660, 72.00000000000001421, 0.000000000000000000 ) ) ;
#2324 = LINE ( 'NONE', #4408, #3901 ) ;
#2325 = ORIENTED_EDGE ( 'NONE', *, *, #1964, .F. ) ;
#2326 = ORIENTED_EDGE ( 'NONE', *, *, #2579, .T. ) ;
#2327 = ORIENTED_EDGE ( 'NONE', *, *, #4437, .F. ) ;
#2328 = EDGE_CURVE ( 'NONE', #3091, #5485, #6550, .T. ) ;
#2329 = FACE_BOUND ( 'NONE', #4699, .T. ) ;
#2330 = DIRECTION ( 'NONE',  ( -0.000000000000000000, -0.000000000000000000, 1.000000000000000000 ) ) ;
#2331 = DIRECTION ( 'NONE',  ( -0.000000000000000000, -0.000000000000000000, 1.000000000000000000 ) ) ;
#2332 = LINE ( 'NONE', #1851, #1401 ) ;
#2333 = DIRECTION ( 'NONE',  ( -0.000000000000000000, -0.000000000000000000, -1.000000000000000000 ) ) ;
#2334 = CIRCLE ( 'NONE', #3419, 1.750000000000015543 ) ;
#2335 = ORIENTED_EDGE ( 'NONE', *, *, #3492, .F. ) ;
#2336 = DIRECTION ( 'NONE',  ( -0.000000000000000000, -0.000000000000000000, -1.000000000000000000 ) ) ;
#2337 = EDGE_CURVE ( 'NONE', #4292, #715, #588, .T. ) ;
#2338 = CARTESIAN_POINT ( 'NONE',  ( -119.9999999999999858, 0.000000000000000000, 44.00000000000000000 ) ) ;
#2339 = DIRECTION ( 'NONE',  ( -0.000000000000000000, -0.000000000000000000, -1.000000000000000000 ) ) ;
#2340 = EDGE_CURVE ( 'NONE', #5560, #628, #5335, .T. ) ;
#2341 = CARTESIAN_POINT ( 'NONE',  ( -20.89999999999996660, 72.00000000000001421, 4.000000000000000000 ) ) ;
#2342 = DIRECTION ( 'NONE',  ( -0.000000000000000000, -0.000000000000000000, 1.000000000000000000 ) ) ;
#2343 = ADVANCED_FACE ( 'NONE', ( #5810 ), #5938, .F. ) ;
#2344 = ORIENTED_EDGE ( 'NONE', *, *, #2833, .T. ) ;
#2345 = CARTESIAN_POINT ( 'NONE',  ( -120.0000000000000000, 56.24999999999993605, 44.00000000000000000 ) ) ;
#2346 = EDGE_CURVE ( 'NONE', #2101, #2480, #1092, .T. ) ;
#2347 = FACE_OUTER_BOUND ( 'NONE', #1412, .T. ) ;
#2348 = CARTESIAN_POINT ( 'NONE',  ( 8.499999999999984013, 8.500000000000007105, 8.000000000000007105 ) ) ;
#2349 = LINE ( 'NONE', #1834, #193 ) ;
#2350 = EDGE_CURVE ( 'NONE', #1348, #4509, #1802, .T. ) ;
#2351 = ORIENTED_EDGE ( 'NONE', *, *, #2798, .F. ) ;
#2352 = ORIENTED_EDGE ( 'NONE', *, *, #1404, .T. ) ;
#2353 = CARTESIAN_POINT ( 'NONE',  ( -115.9999999999999574, -56.00000000000002132, 1.040834085586084257E-14 ) ) ;
#2354 = VECTOR ( 'NONE', #1032, 1000.000000000000000 ) ;
#2355 = CARTESIAN_POINT ( 'NONE',  ( 10.00000000000000533, -55.00000000000000711, -8.572527594031465301E-16 ) ) ;
#2356 = FACE_OUTER_BOUND ( 'NONE', #2077, .T. ) ;
#2357 = ORIENTED_EDGE ( 'NONE', *, *, #466, .F. ) ;
#2358 = ORIENTED_EDGE ( 'NONE', *, *, #2788, .F. ) ;
#2359 = ORIENTED_EDGE ( 'NONE', *, *, #21, .F. ) ;
#2360 = DIRECTION ( 'NONE',  ( -1.000000000000000000, 0.000000000000000000, 0.000000000000000000 ) ) ;
#2361 = DIRECTION ( 'NONE',  ( -1.000000000000000000, 0.000000000000000000, 0.000000000000000000 ) ) ;
#2362 = AXIS2_PLACEMENT_3D ( 'NONE', #3878, #6124, #917 ) ;
#2363 = CARTESIAN_POINT ( 'NONE',  ( 10.00000000000000178, -5.000000000000004441, 4.000000000000003553 ) ) ;
#2364 = CARTESIAN_POINT ( 'NONE',  ( 20.00000000000000355, -35.00000000000000000, 8.000000000000000000 ) ) ;
#2365 = EDGE_LOOP ( 'NONE', ( #6416, #6548 ) ) ;
#2366 = CIRCLE ( 'NONE', #5319, 2.500000000000012434 ) ;
#2367 = DIRECTION ( 'NONE',  ( -1.000000000000000000, 0.000000000000000000, 0.000000000000000000 ) ) ;
#2368 = LINE ( 'NONE', #3460, #2089 ) ;
#2369 = DIRECTION ( 'NONE',  ( -1.000000000000000000, 0.000000000000000000, 0.000000000000000000 ) ) ;
#2370 = CARTESIAN_POINT ( 'NONE',  ( -13.75000000000000000, 43.00000000000000000, 44.00000000000000000 ) ) ;
#2371 = EDGE_CURVE ( 'NONE', #1505, #540, #3914, .T. ) ;
#2372 = CIRCLE ( 'NONE', #2801, 3.250000000000016875 ) ;
#2373 =( NAMED_UNIT ( * ) SI_UNIT ( $, .STERADIAN. ) SOLID_ANGLE_UNIT ( ) );
#2374 = CARTESIAN_POINT ( 'NONE',  ( -44.99999999999995737, 76.00000000000001421, 13.75000000000000888 ) ) ;
#2375 = VERTEX_POINT ( 'NONE', #1145 ) ;
#2376 = EDGE_CURVE ( 'NONE', #1811, #584, #5108, .T. ) ;
#2377 = FACE_OUTER_BOUND ( 'NONE', #580, .T. ) ;
#2378 = AXIS2_PLACEMENT_3D ( 'NONE', #5289, #6310, #545 ) ;
#2379 = DIRECTION ( 'NONE',  ( -0.000000000000000000, -0.000000000000000000, -1.000000000000000000 ) ) ;
#2380 = CARTESIAN_POINT ( 'NONE',  ( -22.99999999999998579, 108.0000000000000142, 0.000000000000000000 ) ) ;
#2381 = CARTESIAN_POINT ( 'NONE',  ( -49.99999999999997158, 116.4999999999999716, 8.000000000000000000 ) ) ;
#2382 = ADVANCED_FACE ( 'NONE', ( #5295 ), #6002, .F. ) ;
#2383 = ORIENTED_EDGE ( 'NONE', *, *, #2376, .T. ) ;
#2384 = ORIENTED_EDGE ( 'NONE', *, *, #89, .T. ) ;
#2385 = EDGE_CURVE ( 'NONE', #3336, #1250, #5007, .T. ) ;
#2386 = DIRECTION ( 'NONE',  ( -0.000000000000000000, -0.000000000000000000, -1.000000000000000000 ) ) ;
#2387 = AXIS2_PLACEMENT_3D ( 'NONE', #373, #404, #6069 ) ;
#2388 = DIRECTION ( 'NONE',  ( -0.000000000000000000, -0.000000000000000000, -1.000000000000000000 ) ) ;
#2389 = DIRECTION ( 'NONE',  ( -0.000000000000000000, -0.000000000000000000, -1.000000000000000000 ) ) ;
#2390 = VERTEX_POINT ( 'NONE', #2692 ) ;
#2391 = VECTOR ( 'NONE', #4181, 1000.000000000000000 ) ;
#2392 = VERTEX_POINT ( 'NONE', #2658 ) ;
#2393 = ORIENTED_EDGE ( 'NONE', *, *, #726, .F. ) ;
#2394 = FACE_BOUND ( 'NONE', #2006, .T. ) ;
#2395 = CARTESIAN_POINT ( 'NONE',  ( -28.75000000000000000, -4.000000000000001776, 44.00000000000000000 ) ) ;
#2396 = DIRECTION ( 'NONE',  ( -0.000000000000000000, -0.000000000000000000, -1.000000000000000000 ) ) ;
#2397 = PRESENTATION_LAYER_ASSIGNMENT (  '', '', ( #5345 ) ) ;
#2398 = DIRECTION ( 'NONE',  ( 1.000000000000000000, 0.000000000000000000, 0.000000000000000000 ) ) ;
#2399 = PLANE ( 'NONE',  #2648 ) ;
#2400 = ORIENTED_EDGE ( 'NONE', *, *, #5432, .T. ) ;
#2401 = AXIS2_PLACEMENT_3D ( 'NONE', #3790, #3348, #4823 ) ;
#2402 = AXIS2_PLACEMENT_3D ( 'NONE', #6159, #5650, #988 ) ;
#2403 = CARTESIAN_POINT ( 'NONE',  ( 8.499999999999984013, 51.50000000000000711, 0.000000000000000000 ) ) ;
#2404 = CARTESIAN_POINT ( 'NONE',  ( -15.99999999999999645, -3.061616997868382254E-15, 28.00000000000000000 ) ) ;
#2405 = DIRECTION ( 'NONE',  ( -1.000000000000000000, 0.000000000000000000, 0.000000000000000000 ) ) ;
#2406 =( NAMED_UNIT ( * ) PLANE_ANGLE_UNIT ( ) SI_UNIT ( $, .RADIAN. ) );
#2407 = AXIS2_PLACEMENT_3D ( 'NONE', #6411, #1203, #106 ) ;
#2408 = DIRECTION ( 'NONE',  ( 8.673617379884026597E-16, -1.000000000000000000, 0.000000000000000000 ) ) ;
#2409 = ORIENTED_EDGE ( 'NONE', *, *, #1961, .F. ) ;
#2410 = CARTESIAN_POINT ( 'NONE',  ( -44.99999999999995026, 112.0000000000000000, 16.00000000000000000 ) ) ;
#2411 = AXIS2_PLACEMENT_3D ( 'NONE', #3258, #1162, #707 ) ;
#2412 = DIRECTION ( 'NONE',  ( 1.000000000000000000, 0.000000000000000000, 0.000000000000000000 ) ) ;
#2413 = LINE ( 'NONE', #1402, #3276 ) ;
#2414 = CARTESIAN_POINT ( 'NONE',  ( -120.0000000000000000, 56.24999999999993605, 8.000000000000000000 ) ) ;
#2415 = CIRCLE ( 'NONE', #454, 3.000000000000002665 ) ;
#2416 = ORIENTED_EDGE ( 'NONE', *, *, #3926, .T. ) ;
#2417 = EDGE_LOOP ( 'NONE', ( #6708, #1916, #2853, #97 ) ) ;
#2418 = ADVANCED_FACE ( 'NONE', ( #117 ), #4400, .T. ) ;
#2419 = CARTESIAN_POINT ( 'NONE',  ( 51.49999999999998579, 51.50000000000000711, 0.000000000000000000 ) ) ;
#2420 = EDGE_CURVE ( 'NONE', #2712, #958, #3599, .T. ) ;
#2421 = DIRECTION ( 'NONE',  ( -0.000000000000000000, -0.000000000000000000, -1.000000000000000000 ) ) ;
#2422 = CARTESIAN_POINT ( 'NONE',  ( -22.99999999999997868, 72.00000000000001421, 4.000000000000000000 ) ) ;
#2423 = EDGE_LOOP ( 'NONE', ( #870, #5932 ) ) ;
#2424 = ORIENTED_EDGE ( 'NONE', *, *, #2585, .F. ) ;
#2425 = ORIENTED_EDGE ( 'NONE', *, *, #4387, .T. ) ;
#2426 = ADVANCED_FACE ( 'NONE', ( #247 ), #310, .F. ) ;
#2427 = CARTESIAN_POINT ( 'NONE',  ( -36.00000000000000711, 63.00000000000000000, 44.00000000000000000 ) ) ;
#2428 = ORIENTED_EDGE ( 'NONE', *, *, #4976, .T. ) ;
#2429 = PLANE ( 'NONE',  #3676 ) ;
#2430 = ADVANCED_FACE ( 'NONE', ( #753 ), #2317, .F. ) ;
#2431 = CYLINDRICAL_SURFACE ( 'NONE', #5270, 1.750000000000013323 ) ;
#2432 = ORIENTED_EDGE ( 'NONE', *, *, #1395, .F. ) ;
#2433 = LINE ( 'NONE', #2338, #3397 ) ;
#2434 = LINE ( 'NONE', #4551, #3814 ) ;
#2435 = DIRECTION ( 'NONE',  ( -0.000000000000000000, -0.000000000000000000, -1.000000000000000000 ) ) ;
#2436 = AXIS2_PLACEMENT_3D ( 'NONE', #3057, #2386, #4468 ) ;
#2437 = LINE ( 'NONE', #5101, #1027 ) ;
#2438 = ORIENTED_EDGE ( 'NONE', *, *, #3134, .T. ) ;
#2439 = AXIS2_PLACEMENT_3D ( 'NONE', #922, #3015, #953 ) ;
#2440 = CARTESIAN_POINT ( 'NONE',  ( 34.00000000000000711, 60.00000000000000000, 8.000000000000000000 ) ) ;
#2441 = DIRECTION ( 'NONE',  ( -1.000000000000000000, 0.000000000000000000, 0.000000000000000000 ) ) ;
#2442 = CARTESIAN_POINT ( 'NONE',  ( -29.99999999999997158, -54.75000000000002132, 8.000000000000000000 ) ) ;
#2443 = CYLINDRICAL_SURFACE ( 'NONE', #6605, 1.500000000000012657 ) ;
#2444 = ORIENTED_EDGE ( 'NONE', *, *, #4132, .F. ) ;
#2445 = CARTESIAN_POINT ( 'NONE',  ( -40.99999999999995026, 76.00000000000001421, 10.24999999999998401 ) ) ;
#2446 = DIRECTION ( 'NONE',  ( -0.000000000000000000, -0.000000000000000000, 1.000000000000000000 ) ) ;
#2447 = ORIENTED_EDGE ( 'NONE', *, *, #1852, .T. ) ;
#2448 = VERTEX_POINT ( 'NONE', #282 ) ;
#2449 = ORIENTED_EDGE ( 'NONE', *, *, #3893, .F. ) ;
#2450 = VECTOR ( 'NONE', #3832, 1000.000000000000000 ) ;
#2451 = ADVANCED_FACE ( 'NONE', ( #4430 ), #6281, .F. ) ;
#2452 = LINE ( 'NONE', #4540, #6567 ) ;
#2453 = EDGE_CURVE ( 'NONE', #1992, #4602, #1737, .T. ) ;
#2454 = VERTEX_POINT ( 'NONE', #4497 ) ;
#2455 = LINE ( 'NONE', #940, #5121 ) ;
#2456 = DIRECTION ( 'NONE',  ( 1.000000000000000000, 0.000000000000000000, 0.000000000000000000 ) ) ;
#2457 = AXIS2_PLACEMENT_3D ( 'NONE', #5208, #1526, #5690 ) ;
#2458 = CARTESIAN_POINT ( 'NONE',  ( -106.4999999999999574, 116.4999999999999716, 3.000000000000000000 ) ) ;
#2459 = EDGE_CURVE ( 'NONE', #5684, #5362, #4238, .T. ) ;
#2460 = ORIENTED_EDGE ( 'NONE', *, *, #4759, .F. ) ;
#2461 = VECTOR ( 'NONE', #1698, 1000.000000000000000 ) ;
#2462 = ADVANCED_FACE ( 'NONE', ( #3053 ), #1490, .F. ) ;
#2463 = CARTESIAN_POINT ( 'NONE',  ( 4.047688110612549361E-15, -5.000000000000011546, 4.000000000000003553 ) ) ;
#2464 = DIRECTION ( 'NONE',  ( -0.000000000000000000, 0.000000000000000000, 1.000000000000000000 ) ) ;
#2465 = CARTESIAN_POINT ( 'NONE',  ( 6.999999999999971578, 51.50000000000000711, 8.000000000000007105 ) ) ;
#2466 = FACE_BOUND ( 'NONE', #1883, .T. ) ;
#2467 = AXIS2_PLACEMENT_3D ( 'NONE', #2774, #5377, #5918 ) ;
#2468 = ORIENTED_EDGE ( 'NONE', *, *, #5427, .F. ) ;
#2469 = DIRECTION ( 'NONE',  ( 1.000000000000000000, 0.000000000000000000, 0.000000000000000000 ) ) ;
#2470 = CARTESIAN_POINT ( 'NONE',  ( 48.99999999999996447, 8.500000000000007105, 3.000000000000000000 ) ) ;
#2471 = AXIS2_PLACEMENT_3D ( 'NONE', #3862, #1744, #3827 ) ;
#2472 = CYLINDRICAL_SURFACE ( 'NONE', #1948, 1.750000000000015543 ) ;
#2473 = CARTESIAN_POINT ( 'NONE',  ( -22.99999999999998579, 108.0000000000000142, 4.000000000000000000 ) ) ;
#2474 = AXIS2_PLACEMENT_3D ( 'NONE', #6713, #3203, #2184 ) ;
#2475 = VERTEX_POINT ( 'NONE', #1370 ) ;
#2476 = DIRECTION ( 'NONE',  ( -0.000000000000000000, -0.000000000000000000, -1.000000000000000000 ) ) ;
#2477 = CARTESIAN_POINT ( 'NONE',  ( 20.00000000000000355, -35.00000000000000000, 4.000000000000003553 ) ) ;
#2478 = EDGE_LOOP ( 'NONE', ( #5109, #3376, #4745, #2191 ) ) ;
#2479 = ADVANCED_FACE ( 'NONE', ( #6547 ), #1904, .F. ) ;
#2480 = VERTEX_POINT ( 'NONE', #6637 ) ;
#2481 = ORIENTED_EDGE ( 'NONE', *, *, #5218, .T. ) ;
#2482 = DIRECTION ( 'NONE',  ( -1.000000000000000000, 0.000000000000000000, 0.000000000000000000 ) ) ;
#2483 = DIRECTION ( 'NONE',  ( 1.000000000000000000, 0.000000000000000000, 0.000000000000000000 ) ) ;
#2484 = ORIENTED_EDGE ( 'NONE', *, *, #5368, .F. ) ;
#2485 = CARTESIAN_POINT ( 'NONE',  ( 3.000000000000016875, -5.000000000000011546, 4.000000000000003553 ) ) ;
#2486 = EDGE_CURVE ( 'NONE', #6406, #4177, #110, .T. ) ;
#2487 = CARTESIAN_POINT ( 'NONE',  ( 3.000000000000007994, -21.50000000000001066, 0.000000000000000000 ) ) ;
#2488 = AXIS2_PLACEMENT_3D ( 'NONE', #1662, #3911, #4939 ) ;
#2489 = EDGE_LOOP ( 'NONE', ( #2694, #6073, #151, #2831 ) ) ;
#2490 = ORIENTED_EDGE ( 'NONE', *, *, #3645, .T. ) ;
#2491 = AXIS2_PLACEMENT_3D ( 'NONE', #5614, #3009, #428 ) ;
#2492 = CARTESIAN_POINT ( 'NONE',  ( 14.25000000000002487, 108.0000000000000142, 8.000000000000000000 ) ) ;
#2493 = CARTESIAN_POINT ( 'NONE',  ( 13.00000000000001776, 72.00000000000001421, 4.000000000000000000 ) ) ;
#2494 = CARTESIAN_POINT ( 'NONE',  ( 16.99999999999998579, -5.000000000000004441, -8.572527594031465301E-16 ) ) ;
#2495 = CARTESIAN_POINT ( 'NONE',  ( -113.9999999999999716, -14.75000000000001243, 0.000000000000000000 ) ) ;
#2496 = CIRCLE ( 'NONE', #14, 2.500000000000015987 ) ;
#2497 = EDGE_LOOP ( 'NONE', ( #4660, #645, #6278, #2932 ) ) ;
#2498 = CARTESIAN_POINT ( 'NONE',  ( -10.99999999999999645, 60.00000000000000000, 13.00000000000000178 ) ) ;
#2499 = DIRECTION ( 'NONE',  ( -0.000000000000000000, -0.000000000000000000, -1.000000000000000000 ) ) ;
#2501 = FACE_OUTER_BOUND ( 'NONE', #6211, .T. ) ;
#2500 = AXIS2_PLACEMENT_3D ( 'NONE', #2315, #6481, #1799 ) ;
#2502 = EDGE_LOOP ( 'NONE', ( #4872, #2053 ) ) ;
#2503 = CARTESIAN_POINT ( 'NONE',  ( -113.9999999999999858, -54.75000000000002132, 4.000000000000000000 ) ) ;
#2504 = EDGE_CURVE ( 'NONE', #3864, #6218, #653, .T. ) ;
#2505 = CIRCLE ( 'NONE', #6328, 5.000000000000000888 ) ;
#2506 = ORIENTED_EDGE ( 'NONE', *, *, #1029, .F. ) ;
#2507 = CARTESIAN_POINT ( 'NONE',  ( 16.99999999999998934, -45.00000000000000711, -8.572527594031465301E-16 ) ) ;
#2508 = CARTESIAN_POINT ( 'NONE',  ( 3.000000000000019540, -45.00000000000001421, 0.000000000000000000 ) ) ;
#2509 = CIRCLE ( 'NONE', #2846, 1.750000000000015543 ) ;
#2510 = VECTOR ( 'NONE', #3435, 1000.000000000000000 ) ;
#2511 = CARTESIAN_POINT ( 'NONE',  ( -40.99999999999995026, 80.00000000000000000, 16.00000000000000000 ) ) ;
#2512 = VERTEX_POINT ( 'NONE', #1431 ) ;
#2513 = ORIENTED_EDGE ( 'NONE', *, *, #3624, .T. ) ;
#2514 = AXIS2_PLACEMENT_3D ( 'NONE', #4343, #1783, #2701 ) ;
#2515 = ORIENTED_EDGE ( 'NONE', *, *, #1191, .T. ) ;
#2516 = DIRECTION ( 'NONE',  ( 1.000000000000000000, 0.000000000000000000, 0.000000000000000000 ) ) ;
#2517 = LINE ( 'NONE', #5634, #327 ) ;
#2518 = VERTEX_POINT ( 'NONE', #5563 ) ;
#2519 = DIRECTION ( 'NONE',  ( -1.000000000000000000, 0.000000000000000000, 0.000000000000000000 ) ) ;
#2520 = PLANE ( 'NONE',  #5976 ) ;
#2521 = CIRCLE ( 'NONE', #3954, 1.750000000000011990 ) ;
#2522 = ORIENTED_EDGE ( 'NONE', *, *, #681, .F. ) ;
#2523 = ORIENTED_EDGE ( 'NONE', *, *, #3206, .T. ) ;
#2524 = ADVANCED_FACE ( 'NONE', ( #2985 ), #1868, .F. ) ;
#2525 = CIRCLE ( 'NONE', #42, 3.000000000000013767 ) ;
#2526 = CARTESIAN_POINT ( 'NONE',  ( -48.49999999999993605, 67.49999999999997158, 0.000000000000000000 ) ) ;
#2527 = DIRECTION ( 'NONE',  ( -1.000000000000000000, 0.000000000000000000, 0.000000000000000000 ) ) ;
#2528 = DIRECTION ( 'NONE',  ( -1.000000000000000000, 0.000000000000000000, 0.000000000000000000 ) ) ;
#2529 = DIRECTION ( 'NONE',  ( -0.000000000000000000, -0.000000000000000000, -1.000000000000000000 ) ) ;
#2530 = CIRCLE ( 'NONE', #5154, 3.000000000000012879 ) ;
#2531 = EDGE_LOOP ( 'NONE', ( #6392, #3168 ) ) ;
#2532 = EDGE_CURVE ( 'NONE', #1306, #2761, #890, .T. ) ;
#2533 = ORIENTED_EDGE ( 'NONE', *, *, #2346, .F. ) ;
#2534 = DIRECTION ( 'NONE',  ( -0.000000000000000000, -0.000000000000000000, -1.000000000000000000 ) ) ;
#2535 = ADVANCED_FACE ( 'NONE', ( #2501 ), #2472, .F. ) ;
#2536 = DIRECTION ( 'NONE',  ( -0.000000000000000000, -0.000000000000000000, 1.000000000000000000 ) ) ;
#2537 = AXIS2_PLACEMENT_3D ( 'NONE', #1170, #4224, #5762 ) ;
#2538 = DIRECTION ( 'NONE',  ( -0.000000000000000000, -0.000000000000000000, -1.000000000000000000 ) ) ;
#2539 = EDGE_LOOP ( 'NONE', ( #6475, #3555, #1733, #268 ) ) ;
#2540 = PLANE ( 'NONE',  #3232 ) ;
#2541 = CARTESIAN_POINT ( 'NONE',  ( 53.00000000000000000, 51.50000000000000711, 3.000000000000000000 ) ) ;
#2542 = AXIS2_PLACEMENT_3D ( 'NONE', #5045, #2920, #2441 ) ;
#2543 = EDGE_CURVE ( 'NONE', #1037, #3047, #1516, .T. ) ;
#2544 = ORIENTED_EDGE ( 'NONE', *, *, #3217, .T. ) ;
#2545 = CARTESIAN_POINT ( 'NONE',  ( 3.000000000000016875, -5.000000000000011546, -8.572527594031465301E-16 ) ) ;
#2546 = ADVANCED_FACE ( 'NONE', ( #5593 ), #3983, .F. ) ;
#2547 = CYLINDRICAL_SURFACE ( 'NONE', #2782, 1.500000000000012657 ) ;
#2548 = DIRECTION ( 'NONE',  ( 1.000000000000000000, 0.000000000000000000, 0.000000000000000000 ) ) ;
#2549 = ORIENTED_EDGE ( 'NONE', *, *, #4503, .F. ) ;
#2550 = EDGE_LOOP ( 'NONE', ( #1432, #1747 ) ) ;
#2551 = ORIENTED_EDGE ( 'NONE', *, *, #2385, .F. ) ;
#2552 = DIRECTION ( 'NONE',  ( 1.000000000000000000, 0.000000000000000000, 0.000000000000000000 ) ) ;
#2553 = DIRECTION ( 'NONE',  ( -1.000000000000000000, 0.000000000000000000, 0.000000000000000000 ) ) ;
#2554 = EDGE_LOOP ( 'NONE', ( #5414, #5400 ) ) ;
#2555 = DIRECTION ( 'NONE',  ( 0.000000000000000000, 0.000000000000000000, -1.000000000000000000 ) ) ;
#2556 = FACE_OUTER_BOUND ( 'NONE', #2550, .T. ) ;
#2557 = VERTEX_POINT ( 'NONE', #859 ) ;
#2558 = VECTOR ( 'NONE', #4377, 1000.000000000000000 ) ;
#2559 = VERTEX_POINT ( 'NONE', #2954 ) ;
#2560 = FACE_OUTER_BOUND ( 'NONE', #5026, .T. ) ;
#2561 = CIRCLE ( 'NONE', #6497, 1.250000000000013323 ) ;
#2562 = DIRECTION ( 'NONE',  ( 1.000000000000000000, 0.000000000000000000, 0.000000000000000000 ) ) ;
#2563 = CARTESIAN_POINT ( 'NONE',  ( -25.24999999999997868, -4.000000000000001776, 44.00000000000000000 ) ) ;
#2564 = DIRECTION ( 'NONE',  ( -1.000000000000000000, 0.000000000000000000, 0.000000000000000000 ) ) ;
#2565 = ORIENTED_EDGE ( 'NONE', *, *, #6707, .T. ) ;
#2566 = EDGE_CURVE ( 'NONE', #2320, #41, #954, .T. ) ;
#2567 = EDGE_LOOP ( 'NONE', ( #2619, #3543, #936, #1089 ) ) ;
#2568 = CARTESIAN_POINT ( 'NONE',  ( 30.00000000000000711, 64.00000000000000000, 0.000000000000000000 ) ) ;
#2569 = DIRECTION ( 'NONE',  ( -0.000000000000000000, -0.000000000000000000, -1.000000000000000000 ) ) ;
#2570 = CARTESIAN_POINT ( 'NONE',  ( -49.99999999999997158, 116.4999999999999716, 3.000000000000000000 ) ) ;
#2571 = ORIENTED_EDGE ( 'NONE', *, *, #5214, .T. ) ;
#2572 = DIRECTION ( 'NONE',  ( 0.000000000000000000, -0.7071067811865515695, -0.7071067811865434649 ) ) ;
#2573 = CIRCLE ( 'NONE', #2030, 4.000000000000000000 ) ;
#2574 = FACE_BOUND ( 'NONE', #5344, .T. ) ;
#2575 = ADVANCED_FACE ( 'NONE', ( #5105 ), #6670, .F. ) ;
#2576 = VERTEX_POINT ( 'NONE', #5012 ) ;
#2577 = VECTOR ( 'NONE', #23, 1000.000000000000000 ) ;
#2578 = DIRECTION ( 'NONE',  ( -0.000000000000000000, -0.000000000000000000, 1.000000000000000000 ) ) ;
#2579 = EDGE_CURVE ( 'NONE', #654, #6141, #1996, .T. ) ;
#2580 = DIRECTION ( 'NONE',  ( -0.000000000000000000, -0.000000000000000000, -1.000000000000000000 ) ) ;
#2581 = CYLINDRICAL_SURFACE ( 'NONE', #4113, 2.500000000000012434 ) ;
#2582 = CIRCLE ( 'NONE', #3464, 1.750000000000011990 ) ;
#2583 = EDGE_CURVE ( 'NONE', #3284, #95, #5352, .T. ) ;
#2584 = ORIENTED_EDGE ( 'NONE', *, *, #4722, .T. ) ;
#2585 = EDGE_CURVE ( 'NONE', #1348, #4038, #2413, .T. ) ;
#2586 = ORIENTED_EDGE ( 'NONE', *, *, #225, .F. ) ;
#2587 = EDGE_LOOP ( 'NONE', ( #1435, #1062 ) ) ;
#2588 = DIRECTION ( 'NONE',  ( -1.000000000000000000, 0.000000000000000000, 0.000000000000000000 ) ) ;
#2589 =( GEOMETRIC_REPRESENTATION_CONTEXT ( 3 ) GLOBAL_UNCERTAINTY_ASSIGNED_CONTEXT ( ( #4698 ) ) GLOBAL_UNIT_ASSIGNED_CONTEXT ( ( #5326, #2406, #2373 ) ) REPRESENTATION_CONTEXT ( 'NONE', 'WORKASPACE' ) );
#2590 = DIRECTION ( 'NONE',  ( -0.000000000000000000, -0.000000000000000000, 1.000000000000000000 ) ) ;
#2591 = ORIENTED_EDGE ( 'NONE', *, *, #5629, .T. ) ;
#2592 = CARTESIAN_POINT ( 'NONE',  ( -33.24999999999998579, -54.75000000000002132, 4.000000000000000000 ) ) ;
#2593 = CARTESIAN_POINT ( 'NONE',  ( -25.24999999999997868, -4.000000000000001776, 33.99999999999999289 ) ) ;
#2594 = ORIENTED_EDGE ( 'NONE', *, *, #5220, .F. ) ;
#2595 = EDGE_CURVE ( 'NONE', #1556, #1714, #1524, .T. ) ;
#2596 = ORIENTED_EDGE ( 'NONE', *, *, #4216, .F. ) ;
#2597 = CARTESIAN_POINT ( 'NONE',  ( -113.9999999999999858, -54.75000000000002132, 8.000000000000000000 ) ) ;
#2598 = CARTESIAN_POINT ( 'NONE',  ( -10.99999999999999645, 0.000000000000000000, 8.000000000000000000 ) ) ;
#2599 = DIRECTION ( 'NONE',  ( -1.000000000000000000, 0.000000000000000000, 0.000000000000000000 ) ) ;
#2600 = DIRECTION ( 'NONE',  ( -0.000000000000000000, -0.000000000000000000, -1.000000000000000000 ) ) ;
#2601 = ORIENTED_EDGE ( 'NONE', *, *, #3757, .F. ) ;
#2602 = CIRCLE ( 'NONE', #3035, 1.500000000000015099 ) ;
#2603 = ORIENTED_EDGE ( 'NONE', *, *, #2966, .T. ) ;
#2604 = CYLINDRICAL_SURFACE ( 'NONE', #1439, 1.750000000000011990 ) ;
#2605 = CARTESIAN_POINT ( 'NONE',  ( -46.99999999999992184, 67.49999999999997158, 8.000000000000000000 ) ) ;
#2606 = DIRECTION ( 'NONE',  ( -0.000000000000000000, -0.000000000000000000, 1.000000000000000000 ) ) ;
#2607 = ORIENTED_EDGE ( 'NONE', *, *, #4664, .T. ) ;
#2608 = CARTESIAN_POINT ( 'NONE',  ( 8.249999999999991118, -35.00000000000000000, 8.000000000000000000 ) ) ;
#2609 = VECTOR ( 'NONE', #3527, 1000.000000000000000 ) ;
#2610 = DIRECTION ( 'NONE',  ( 1.000000000000000000, 0.000000000000000000, 0.000000000000000000 ) ) ;
#2611 = ORIENTED_EDGE ( 'NONE', *, *, #5712, .F. ) ;
#2612 = CIRCLE ( 'NONE', #6645, 1.750000000000015543 ) ;
#2613 = EDGE_CURVE ( 'NONE', #1504, #4048, #1, .T. ) ;
#2614 = CARTESIAN_POINT ( 'NONE',  ( 60.00000000000000000, -60.00000000000002842, 8.000000000000000000 ) ) ;
#2615 = DIRECTION ( 'NONE',  ( 1.000000000000000000, 0.000000000000000000, 0.000000000000000000 ) ) ;
#2616 = DIRECTION ( 'NONE',  ( -1.000000000000000000, 0.000000000000000000, 0.000000000000000000 ) ) ;
#2617 = CIRCLE ( 'NONE', #5575, 2.500000000000015987 ) ;
#2618 = ORIENTED_EDGE ( 'NONE', *, *, #5216, .F. ) ;
#2619 = ORIENTED_EDGE ( 'NONE', *, *, #4555, .F. ) ;
#2620 = EDGE_LOOP ( 'NONE', ( #5244, #5158 ) ) ;
#2621 = EDGE_CURVE ( 'NONE', #540, #1505, #432, .T. ) ;
#2622 = DIRECTION ( 'NONE',  ( 0.000000000000000000, 0.000000000000000000, 1.000000000000000000 ) ) ;
#2623 = VECTOR ( 'NONE', #1228, 1000.000000000000000 ) ;
#2624 = VECTOR ( 'NONE', #3740, 1000.000000000000000 ) ;
#2625 = DIRECTION ( 'NONE',  ( -1.000000000000000000, 0.000000000000000000, 0.000000000000000000 ) ) ;
#2626 = ORIENTED_EDGE ( 'NONE', *, *, #4680, .F. ) ;
#2627 = DIRECTION ( 'NONE',  ( -0.000000000000000000, -0.000000000000000000, 1.000000000000000000 ) ) ;
#2628 = DIRECTION ( 'NONE',  ( -0.000000000000000000, -0.000000000000000000, -1.000000000000000000 ) ) ;
#2629 = EDGE_LOOP ( 'NONE', ( #4002, #2687 ) ) ;
#2630 = AXIS2_PLACEMENT_3D ( 'NONE', #6018, #3420, #5510 ) ;
#2631 = ADVANCED_FACE ( 'NONE', ( #500, #608 ), #3228, .F. ) ;
#2632 = AXIS2_PLACEMENT_3D ( 'NONE', #2045, #5001, #3909 ) ;
#2633 = EDGE_LOOP ( 'NONE', ( #2522, #1044, #6287, #6301 ) ) ;
#2634 = LINE ( 'NONE', #1582, #1876 ) ;
#2635 = ADVANCED_FACE ( 'NONE', ( #575 ), #4657, .F. ) ;
#2636 = DIRECTION ( 'NONE',  ( -1.000000000000000000, 0.000000000000000000, 0.000000000000000000 ) ) ;
#2637 = PLANE ( 'NONE',  #3785 ) ;
#2638 = DIRECTION ( 'NONE',  ( -0.000000000000000000, -0.000000000000000000, -1.000000000000000000 ) ) ;
#2639 = EDGE_LOOP ( 'NONE', ( #4466, #833, #4303, #6243 ) ) ;
#2640 = ORIENTED_EDGE ( 'NONE', *, *, #2132, .T. ) ;
#2641 = DIRECTION ( 'NONE',  ( -0.000000000000000000, -0.000000000000000000, 1.000000000000000000 ) ) ;
#2642 = CARTESIAN_POINT ( 'NONE',  ( 3.000000000000019984, -55.00000000000001421, 4.000000000000003553 ) ) ;
#2643 = DIRECTION ( 'NONE',  ( -0.000000000000000000, -0.000000000000000000, -1.000000000000000000 ) ) ;
#2644 = EDGE_LOOP ( 'NONE', ( #1078, #3994, #1469, #102 ) ) ;
#2645 = CARTESIAN_POINT ( 'NONE',  ( 18.24999999999998934, -21.50000000000000711, 8.000000000000001776 ) ) ;
#2646 = EDGE_LOOP ( 'NONE', ( #5430, #3584, #1025, #381 ) ) ;
#2647 = ORIENTED_EDGE ( 'NONE', *, *, #5122, .T. ) ;
#2648 = AXIS2_PLACEMENT_3D ( 'NONE', #912, #6023, #4416 ) ;
#2649 = CARTESIAN_POINT ( 'NONE',  ( -40.99999999999995026, 76.00000000000001421, 12.00000000000000000 ) ) ;
#2650 = CARTESIAN_POINT ( 'NONE',  ( -106.4999999999999574, 67.49999999999997158, 8.000000000000000000 ) ) ;
#2651 = DIRECTION ( 'NONE',  ( 1.000000000000000000, 0.000000000000000000, 0.000000000000000000 ) ) ;
#2652 = VECTOR ( 'NONE', #4080, 1000.000000000000000 ) ;
#2653 = VERTEX_POINT ( 'NONE', #4770 ) ;
#2654 = ORIENTED_EDGE ( 'NONE', *, *, #5665, .F. ) ;
#2655 = EDGE_LOOP ( 'NONE', ( #3821, #6295, #2042, #2875 ) ) ;
#2656 = EDGE_CURVE ( 'NONE', #1410, #4566, #4108, .T. ) ;
#2657 = CARTESIAN_POINT ( 'NONE',  ( 20.00000000000000355, -55.00000000000000711, 4.000000000000003553 ) ) ;
#2658 = CARTESIAN_POINT ( 'NONE',  ( 6.999999999999992006, -55.00000000000000711, 4.000000000000003553 ) ) ;
#2659 = ORIENTED_EDGE ( 'NONE', *, *, #5262, .F. ) ;
#2660 = CARTESIAN_POINT ( 'NONE',  ( -36.00000000000000711, 63.00000000000000000, 33.99999999999999289 ) ) ;
#2661 = CARTESIAN_POINT ( 'NONE',  ( -29.99999999999997158, -54.75000000000002132, 1.836970198721029688E-16 ) ) ;
#2662 = ORIENTED_EDGE ( 'NONE', *, *, #85, .T. ) ;
#2663 = ORIENTED_EDGE ( 'NONE', *, *, #89, .F. ) ;
#2664 = EDGE_CURVE ( 'NONE', #4953, #5631, #5243, .T. ) ;
#2665 = CARTESIAN_POINT ( 'NONE',  ( 13.00000000000001776, 72.00000000000001421, 0.000000000000000000 ) ) ;
#2666 = EDGE_CURVE ( 'NONE', #2761, #4568, #32, .T. ) ;
#2667 = DIRECTION ( 'NONE',  ( -0.000000000000000000, -0.000000000000000000, -1.000000000000000000 ) ) ;
#2668 = DIRECTION ( 'NONE',  ( 0.000000000000000000, 0.000000000000000000, 1.000000000000000000 ) ) ;
#2669 = EDGE_CURVE ( 'NONE', #4411, #3569, #3267, .T. ) ;
#2670 = DIRECTION ( 'NONE',  ( -0.000000000000000000, -0.000000000000000000, -1.000000000000000000 ) ) ;
#2671 = ORIENTED_EDGE ( 'NONE', *, *, #1889, .F. ) ;
#2672 = EDGE_CURVE ( 'NONE', #1813, #3849, #6639, .T. ) ;
#2673 = VERTEX_POINT ( 'NONE', #3673 ) ;
#2674 = CARTESIAN_POINT ( 'NONE',  ( 1.750000000000017319, -5.000000000000011546, 8.000000000000000000 ) ) ;
#2675 = CIRCLE ( 'NONE', #6060, 1.750000000000015543 ) ;
#2676 = CARTESIAN_POINT ( 'NONE',  ( 10.00000000000000178, -5.000000000000004441, -8.572527594031465301E-16 ) ) ;
#2677 = DIRECTION ( 'NONE',  ( 0.000000000000000000, -0.000000000000000000, 1.000000000000000000 ) ) ;
#2678 = ORIENTED_EDGE ( 'NONE', *, *, #2093, .T. ) ;
#2679 = CARTESIAN_POINT ( 'NONE',  ( 0.000000000000000000, 72.00000000000000000, 16.00000000000000000 ) ) ;
#2680 = DIRECTION ( 'NONE',  ( 0.000000000000000000, 1.000000000000000000, -0.000000000000000000 ) ) ;
#2681 = CIRCLE ( 'NONE', #4319, 2.500000000000012434 ) ;
#2682 = EDGE_LOOP ( 'NONE', ( #5115, #6244 ) ) ;
#2683 = CARTESIAN_POINT ( 'NONE',  ( 20.00000000000000355, -21.50000000000000711, 8.000000000000001776 ) ) ;
#2684 = CIRCLE ( 'NONE', #6071, 1.500000000000015099 ) ;
#2685 = FACE_OUTER_BOUND ( 'NONE', #6261, .T. ) ;
#2686 = DIRECTION ( 'NONE',  ( -0.000000000000000000, 0.000000000000000000, 1.000000000000000000 ) ) ;
#2687 = ORIENTED_EDGE ( 'NONE', *, *, #6443, .F. ) ;
#2688 = VECTOR ( 'NONE', #3359, 1000.000000000000000 ) ;
#2689 = ORIENTED_EDGE ( 'NONE', *, *, #4583, .F. ) ;
#2690 = EDGE_LOOP ( 'NONE', ( #423, #2705, #997, #3080 ) ) ;
#2691 = DIRECTION ( 'NONE',  ( 1.000000000000000000, 0.000000000000000000, 0.000000000000000000 ) ) ;
#2692 = CARTESIAN_POINT ( 'NONE',  ( -33.24999999999998579, -14.75000000000001243, 4.000000000000000000 ) ) ;
#2693 = AXIS2_PLACEMENT_3D ( 'NONE', #2159, #3104, #15 ) ;
#2694 = ORIENTED_EDGE ( 'NONE', *, *, #1277, .F. ) ;
#2695 = LINE ( 'NONE', #5946, #345 ) ;
#2696 = CARTESIAN_POINT ( 'NONE',  ( -1.750000000000007327, -35.00000000000000711, 4.000000000000003553 ) ) ;
#2697 = EDGE_CURVE ( 'NONE', #3719, #5172, #3087, .T. ) ;
#2698 = ORIENTED_EDGE ( 'NONE', *, *, #1797, .T. ) ;
#2699 = VERTEX_POINT ( 'NONE', #2570 ) ;
#2700 = AXIS2_PLACEMENT_3D ( 'NONE', #4565, #3446, #868 ) ;
#2701 = DIRECTION ( 'NONE',  ( -1.000000000000000000, 0.000000000000000000, 0.000000000000000000 ) ) ;
#2702 = CARTESIAN_POINT ( 'NONE',  ( 20.00000000000000355, -35.00000000000000000, -8.572527594031465301E-16 ) ) ;
#2703 = DIRECTION ( 'NONE',  ( -1.000000000000000000, 0.000000000000000000, 0.000000000000000000 ) ) ;
#2704 = CARTESIAN_POINT ( 'NONE',  ( 3.000000000000019984, -55.00000000000001421, -8.572527594031465301E-16 ) ) ;
#2705 = ORIENTED_EDGE ( 'NONE', *, *, #3672, .T. ) ;
#2706 = EDGE_CURVE ( 'NONE', #51, #1571, #2065, .T. ) ;
#2707 = EDGE_LOOP ( 'NONE', ( #5975, #6066, #690, #1366 ) ) ;
#2708 = DIRECTION ( 'NONE',  ( -1.000000000000000000, 0.000000000000000000, 0.000000000000000000 ) ) ;
#2709 = AXIS2_PLACEMENT_3D ( 'NONE', #4460, #4560, #3017 ) ;
#2710 = LINE ( 'NONE', #3875, #2201 ) ;
#2711 = CARTESIAN_POINT ( 'NONE',  ( 21.75000000000001776, -21.50000000000000711, 8.000000000000000000 ) ) ;
#2712 = VERTEX_POINT ( 'NONE', #1561 ) ;
#2713 = CARTESIAN_POINT ( 'NONE',  ( 51.49999999999998579, 51.50000000000000711, 8.000000000000007105 ) ) ;
#2714 = ADVANCED_FACE ( 'NONE', ( #1164 ), #6266, .F. ) ;
#2715 = FACE_BOUND ( 'NONE', #4628, .T. ) ;
#2716 = EDGE_CURVE ( 'NONE', #2480, #2101, #1631, .T. ) ;
#2717 = EDGE_LOOP ( 'NONE', ( #5790, #4141, #4142, #5048, #5856, #4982, #76 ) ) ;
#2718 = LINE ( 'NONE', #1669, #3604 ) ;
#2719 = DIRECTION ( 'NONE',  ( 1.000000000000000000, 0.000000000000000000, -0.000000000000000000 ) ) ;
#2720 = CARTESIAN_POINT ( 'NONE',  ( 30.00000000000000000, 120.0000000000000000, 8.000000000000000000 ) ) ;
#2721 = EDGE_CURVE ( 'NONE', #480, #2907, #4695, .T. ) ;
#2722 = CARTESIAN_POINT ( 'NONE',  ( 6.999999999999970690, 51.50000000000000711, 3.000000000000000000 ) ) ;
#2723 = ORIENTED_EDGE ( 'NONE', *, *, #2486, .F. ) ;
#2724 = CIRCLE ( 'NONE', #3929, 1.500000000000015099 ) ;
#2725 = ORIENTED_EDGE ( 'NONE', *, *, #6120, .T. ) ;
#2726 = VECTOR ( 'NONE', #4074, 1000.000000000000000 ) ;
#2727 = ORIENTED_EDGE ( 'NONE', *, *, #845, .F. ) ;
#2728 = LINE ( 'NONE', #6353, #4381 ) ;
#2729 = VERTEX_POINT ( 'NONE', #1626 ) ;
#2730 = CARTESIAN_POINT ( 'NONE',  ( -22.99999999999997868, 72.00000000000001421, 4.000000000000000000 ) ) ;
#2731 = DIRECTION ( 'NONE',  ( -1.387778780781445676E-16, 1.000000000000000000, 0.000000000000000000 ) ) ;
#2732 = VERTEX_POINT ( 'NONE', #3707 ) ;
#2733 = VERTEX_POINT ( 'NONE', #3193 ) ;
#2734 = FACE_OUTER_BOUND ( 'NONE', #6676, .T. ) ;
#2735 = CARTESIAN_POINT ( 'NONE',  ( -29.99999999999997158, -14.75000000000001243, 8.000000000000001776 ) ) ;
#2736 = DIRECTION ( 'NONE',  ( -0.000000000000000000, -0.000000000000000000, 1.000000000000000000 ) ) ;
#2737 = DIRECTION ( 'NONE',  ( 0.000000000000000000, 1.000000000000000000, 0.000000000000000000 ) ) ;
#2738 = VECTOR ( 'NONE', #3741, 1000.000000000000000 ) ;
#2739 = AXIS2_PLACEMENT_3D ( 'NONE', #5186, #3242, #2154 ) ;
#2740 = DIRECTION ( 'NONE',  ( -0.000000000000000000, -0.000000000000000000, 1.000000000000000000 ) ) ;
#2741 = EDGE_CURVE ( 'NONE', #6249, #3647, #3588, .T. ) ;
#2742 = EDGE_LOOP ( 'NONE', ( #1962, #177, #3858, #5406 ) ) ;
#2743 = AXIS2_PLACEMENT_3D ( 'NONE', #5478, #4512, #6592 ) ;
#2744 = CARTESIAN_POINT ( 'NONE',  ( -11.00000000000009237, -5.000000000000000000, 44.00000000000000000 ) ) ;
#2745 = FACE_OUTER_BOUND ( 'NONE', #5802, .T. ) ;
#2746 = DIRECTION ( 'NONE',  ( -0.000000000000000000, -0.000000000000000000, -1.000000000000000000 ) ) ;
#2747 = ORIENTED_EDGE ( 'NONE', *, *, #3963, .F. ) ;
#2748 = DIRECTION ( 'NONE',  ( 1.000000000000000000, 0.000000000000000000, 0.000000000000000000 ) ) ;
#2749 = CYLINDRICAL_SURFACE ( 'NONE', #2750, 1.750000000000015543 ) ;
#2750 = AXIS2_PLACEMENT_3D ( 'NONE', #2851, #6477, #783 ) ;
#2751 = ORIENTED_EDGE ( 'NONE', *, *, #5095, .T. ) ;
#2752 = EDGE_CURVE ( 'NONE', #6267, #3719, #4681, .T. ) ;
#2753 = CARTESIAN_POINT ( 'NONE',  ( -3.000000000000006661, -45.00000000000001421, -8.572527594031465301E-16 ) ) ;
#2754 = CARTESIAN_POINT ( 'NONE',  ( -113.9999999999999716, -14.75000000000001243, 4.000000000000000000 ) ) ;
#2755 = CIRCLE ( 'NONE', #4399, 3.000000000000012879 ) ;
#2756 = DIRECTION ( 'NONE',  ( -0.000000000000000000, -0.000000000000000000, -1.000000000000000000 ) ) ;
#2757 = EDGE_CURVE ( 'NONE', #6218, #3864, #5341, .T. ) ;
#2758 = ADVANCED_FACE ( 'NONE', ( #6438 ), #1262, .F. ) ;
#2759 = VERTEX_POINT ( 'NONE', #675 ) ;
#2760 = AXIS2_PLACEMENT_3D ( 'NONE', #2458, #877, #2906 ) ;
#2761 = VERTEX_POINT ( 'NONE', #6473 ) ;
#2762 = ORIENTED_EDGE ( 'NONE', *, *, #4132, .T. ) ;
#2763 = ADVANCED_FACE ( 'NONE', ( #4353 ), #206, .F. ) ;
#2764 = DIRECTION ( 'NONE',  ( 0.000000000000000000, 0.000000000000000000, -1.000000000000000000 ) ) ;
#2765 = VECTOR ( 'NONE', #2181, 1000.000000000000000 ) ;
#2766 = DIRECTION ( 'NONE',  ( -0.000000000000000000, -0.000000000000000000, 1.000000000000000000 ) ) ;
#2767 = DIRECTION ( 'NONE',  ( -1.000000000000000000, 0.000000000000000000, 0.000000000000000000 ) ) ;
#2768 = VERTEX_POINT ( 'NONE', #3876 ) ;
#2769 = EDGE_LOOP ( 'NONE', ( #3541, #35, #2584, #3132 ) ) ;
#2770 = VECTOR ( 'NONE', #6669, 1000.000000000000000 ) ;
#2771 = FACE_OUTER_BOUND ( 'NONE', #4201, .T. ) ;
#2772 = DIRECTION ( 'NONE',  ( -0.000000000000000000, -0.000000000000000000, -1.000000000000000000 ) ) ;
#2773 = DIRECTION ( 'NONE',  ( -1.000000000000000000, 0.000000000000000000, 0.000000000000000000 ) ) ;
#2774 = CARTESIAN_POINT ( 'NONE',  ( 20.00000000000000000, -5.000000000000004441, 0.000000000000000000 ) ) ;
#2775 = ORIENTED_EDGE ( 'NONE', *, *, #5890, .F. ) ;
#2776 = DIRECTION ( 'NONE',  ( 1.000000000000000000, 0.000000000000000000, -0.000000000000000000 ) ) ;
#2777 = CARTESIAN_POINT ( 'NONE',  ( 23.00000000000001776, -21.50000000000000711, 4.000000000000000000 ) ) ;
#2778 = DIRECTION ( 'NONE',  ( -0.000000000000000000, -0.000000000000000000, 1.000000000000000000 ) ) ;
#2779 = ORIENTED_EDGE ( 'NONE', *, *, #1225, .F. ) ;
#2780 = LINE ( 'NONE', #746, #6173 ) ;
#2781 = CYLINDRICAL_SURFACE ( 'NONE', #919, 1.250000000000015099 ) ;
#2782 = AXIS2_PLACEMENT_3D ( 'NONE', #6168, #2, #6050 ) ;
#2783 = ORIENTED_EDGE ( 'NONE', *, *, #4762, .T. ) ;
#2784 = CARTESIAN_POINT ( 'NONE',  ( 4.047688110612550150E-15, -5.000000000000011546, 4.000000000000003553 ) ) ;
#2785 = DIRECTION ( 'NONE',  ( -1.000000000000000000, 0.000000000000000000, 0.000000000000000000 ) ) ;
#2786 = DIRECTION ( 'NONE',  ( -0.000000000000000000, -0.000000000000000000, 1.000000000000000000 ) ) ;
#2787 = AXIS2_PLACEMENT_3D ( 'NONE', #6414, #5763, #1736 ) ;
#2788 = EDGE_CURVE ( 'NONE', #2206, #3240, #4804, .T. ) ;
#2789 = EDGE_LOOP ( 'NONE', ( #4959, #1782, #3930, #130 ) ) ;
#2790 = ORIENTED_EDGE ( 'NONE', *, *, #4077, .F. ) ;
#2791 = ORIENTED_EDGE ( 'NONE', *, *, #5312, .T. ) ;
#2792 = AXIS2_PLACEMENT_3D ( 'NONE', #1860, #240, #2308 ) ;
#2793 = LINE ( 'NONE', #2285, #4403 ) ;
#2794 = CARTESIAN_POINT ( 'NONE',  ( -20.89999999999997371, 108.0000000000000142, 0.000000000000000000 ) ) ;
#2795 = ADVANCED_FACE ( 'NONE', ( #2209 ), #1760, .F. ) ;
#2796 = CARTESIAN_POINT ( 'NONE',  ( -22.99999999999997868, 72.00000000000001421, 4.000000000000000000 ) ) ;
#2797 = AXIS2_PLACEMENT_3D ( 'NONE', #294, #1255, #4997 ) ;
#2798 = EDGE_CURVE ( 'NONE', #4953, #6612, #2602, .T. ) ;
#2799 = EDGE_LOOP ( 'NONE', ( #992, #1485 ) ) ;
#2800 = ORIENTED_EDGE ( 'NONE', *, *, #5293, .T. ) ;
#2801 = AXIS2_PLACEMENT_3D ( 'NONE', #2661, #83, #4197 ) ;
#2802 = DIRECTION ( 'NONE',  ( 1.000000000000000000, 0.000000000000000000, 0.000000000000000000 ) ) ;
#2803 = DIRECTION ( 'NONE',  ( -0.000000000000000000, -0.000000000000000000, -1.000000000000000000 ) ) ;
#2804 = LINE ( 'NONE', #198, #3592 ) ;
#2805 = CYLINDRICAL_SURFACE ( 'NONE', #2467, 3.000000000000012879 ) ;
#2806 = ADVANCED_FACE ( 'NONE', ( #5893 ), #5417, .F. ) ;
#2807 = LINE ( 'NONE', #128, #1352 ) ;
#2808 = ORIENTED_EDGE ( 'NONE', *, *, #3164, .T. ) ;
#2809 = DIRECTION ( 'NONE',  ( -0.000000000000000000, -0.000000000000000000, -1.000000000000000000 ) ) ;
#2810 = FACE_OUTER_BOUND ( 'NONE', #3377, .T. ) ;
#2811 = CARTESIAN_POINT ( 'NONE',  ( 10.00000000000000533, -45.00000000000000711, -8.572527594031465301E-16 ) ) ;
#2812 = ORIENTED_EDGE ( 'NONE', *, *, #2226, .T. ) ;
#2813 = DIRECTION ( 'NONE',  ( -1.000000000000000000, 0.000000000000000000, 0.000000000000000000 ) ) ;
#2814 = CARTESIAN_POINT ( 'NONE',  ( -1.750000000000007772, -35.00000000000000711, 8.000000000000000000 ) ) ;
#2815 = ORIENTED_EDGE ( 'NONE', *, *, #5693, .T. ) ;
#2816 = CARTESIAN_POINT ( 'NONE',  ( 11.75000000000001776, -45.00000000000000711, 8.000000000000000000 ) ) ;
#2817 = FACE_OUTER_BOUND ( 'NONE', #1805, .T. ) ;
#2818 = DIRECTION ( 'NONE',  ( -0.000000000000000000, -0.000000000000000000, -1.000000000000000000 ) ) ;
#2819 = CARTESIAN_POINT ( 'NONE',  ( -15.99999999999999645, 60.00000000000000000, 28.00000000000000000 ) ) ;
#2820 = VECTOR ( 'NONE', #1088, 1000.000000000000000 ) ;
#2821 = ORIENTED_EDGE ( 'NONE', *, *, #2337, .F. ) ;
#2822 = ORIENTED_EDGE ( 'NONE', *, *, #6065, .F. ) ;
#2823 = AXIS2_PLACEMENT_3D ( 'NONE', #6703, #101, #3153 ) ;
#2824 = CARTESIAN_POINT ( 'NONE',  ( 20.00000000000000355, -21.50000000000000711, 4.000000000000000000 ) ) ;
#2825 = DIRECTION ( 'NONE',  ( -0.000000000000000000, -0.000000000000000000, -1.000000000000000000 ) ) ;
#2826 = FACE_OUTER_BOUND ( 'NONE', #5873, .T. ) ;
#2827 = EDGE_CURVE ( 'NONE', #6186, #6417, #115, .T. ) ;
#2828 = CIRCLE ( 'NONE', #1960, 2.500000000000015987 ) ;
#2829 = ORIENTED_EDGE ( 'NONE', *, *, #4626, .F. ) ;
#2830 = EDGE_CURVE ( 'NONE', #974, #5202, #2848, .T. ) ;
#2831 = ORIENTED_EDGE ( 'NONE', *, *, #2008, .T. ) ;
#2832 = VERTEX_POINT ( 'NONE', #4905 ) ;
#2833 = EDGE_CURVE ( 'NONE', #5083, #1869, #2061, .T. ) ;
#2834 = VECTOR ( 'NONE', #3522, 1000.000000000000000 ) ;
#2835 = FACE_BOUND ( 'NONE', #4208, .T. ) ;
#2836 = LINE ( 'NONE', #1317, #2450 ) ;
#2837 = DIRECTION ( 'NONE',  ( 1.000000000000000000, 0.000000000000000000, 0.000000000000000000 ) ) ;
#2838 = CARTESIAN_POINT ( 'NONE',  ( -48.49999999999993605, 67.49999999999997158, 3.000000000000000000 ) ) ;
#2839 = EDGE_CURVE ( 'NONE', #5817, #5742, #984, .T. ) ;
#2840 = CARTESIAN_POINT ( 'NONE',  ( 1.750000000000019540, -35.00000000000000711, 8.000000000000000000 ) ) ;
#2841 = CIRCLE ( 'NONE', #5469, 1.750000000000013767 ) ;
#2842 = ORIENTED_EDGE ( 'NONE', *, *, #2998, .F. ) ;
#2843 = DIRECTION ( 'NONE',  ( -0.000000000000000000, -0.000000000000000000, -1.000000000000000000 ) ) ;
#2844 = EDGE_CURVE ( 'NONE', #1414, #5684, #6371, .T. ) ;
#2845 = DIRECTION ( 'NONE',  ( -1.000000000000000000, 0.000000000000000000, 0.000000000000000000 ) ) ;
#2846 = AXIS2_PLACEMENT_3D ( 'NONE', #272, #4250, #3260 ) ;
#2848 = LINE ( 'NONE', #1198, #6314 ) ;
#2847 = VECTOR ( 'NONE', #4836, 1000.000000000000000 ) ;
#2849 = ORIENTED_EDGE ( 'NONE', *, *, #2903, .F. ) ;
#2850 = DIRECTION ( 'NONE',  ( -1.000000000000000000, 0.000000000000000000, 0.000000000000000000 ) ) ;
#2851 = CARTESIAN_POINT ( 'NONE',  ( 20.00000000000000355, -45.00000000000000711, 8.000000000000000000 ) ) ;
#2852 = AXIS2_PLACEMENT_3D ( 'NONE', #3557, #5709, #3108 ) ;
#2853 = ORIENTED_EDGE ( 'NONE', *, *, #4768, .T. ) ;
#2854 = CARTESIAN_POINT ( 'NONE',  ( -19.99999999999999289, 56.24999999999994316, 8.000000000000000000 ) ) ;
#2855 = CARTESIAN_POINT ( 'NONE',  ( 20.00000000000000355, -21.50000000000000711, 0.000000000000000000 ) ) ;
#2856 = DIRECTION ( 'NONE',  ( -0.000000000000000000, -0.000000000000000000, 1.000000000000000000 ) ) ;
#2857 = DIRECTION ( 'NONE',  ( -1.000000000000000000, 0.000000000000000000, 0.000000000000000000 ) ) ;
#2858 = ORIENTED_EDGE ( 'NONE', *, *, #6435, .F. ) ;
#2859 = VERTEX_POINT ( 'NONE', #4838 ) ;
#2860 = AXIS2_PLACEMENT_3D ( 'NONE', #3530, #5616, #6125 ) ;
#2861 = PLANE ( 'NONE',  #5704 ) ;
#2862 = CARTESIAN_POINT ( 'NONE',  ( -103.9999999999999432, 67.49999999999997158, 1.224646799147353454E-16 ) ) ;
#2863 = CARTESIAN_POINT ( 'NONE',  ( 10.00000000000000533, -35.00000000000000000, 4.000000000000003553 ) ) ;
#2864 = ORIENTED_EDGE ( 'NONE', *, *, #1156, .T. ) ;
#2865 = ADVANCED_FACE ( 'NONE', ( #2237 ), #3365, .F. ) ;
#2866 = ORIENTED_EDGE ( 'NONE', *, *, #4176, .T. ) ;
#2867 = VERTEX_POINT ( 'NONE', #3262 ) ;
#2868 = AXIS2_PLACEMENT_3D ( 'NONE', #2649, #5695, #6240 ) ;
#2869 = DIRECTION ( 'NONE',  ( -0.000000000000000000, -0.000000000000000000, -1.000000000000000000 ) ) ;
#2870 = FACE_OUTER_BOUND ( 'NONE', #4562, .T. ) ;
#2871 = LINE ( 'NONE', #3904, #4689 ) ;
#2872 = CARTESIAN_POINT ( 'NONE',  ( -25.09999999999999432, 72.00000000000001421, 1.224646799147356350E-17 ) ) ;
#2873 = DIRECTION ( 'NONE',  ( -0.000000000000000000, -0.000000000000000000, 1.000000000000000000 ) ) ;
#2874 = AXIS2_PLACEMENT_3D ( 'NONE', #2064, #1625, #3706 ) ;
#2875 = ORIENTED_EDGE ( 'NONE', *, *, #6553, .F. ) ;
#2876 = FACE_BOUND ( 'NONE', #4508, .T. ) ;
#2877 = EDGE_CURVE ( 'NONE', #1250, #3336, #1844, .T. ) ;
#2878 = DIRECTION ( 'NONE',  ( 1.000000000000000000, 0.000000000000000000, 0.000000000000000000 ) ) ;
#2879 = EDGE_CURVE ( 'NONE', #3849, #1813, #5655, .T. ) ;
#2880 = DIRECTION ( 'NONE',  ( -0.000000000000000000, -0.000000000000000000, -1.000000000000000000 ) ) ;
#2881 = DIRECTION ( 'NONE',  ( 1.000000000000000000, 0.000000000000000000, 0.000000000000000000 ) ) ;
#2882 = CARTESIAN_POINT ( 'NONE',  ( -19.99999999999999289, 56.24999999999994316, 44.00000000000000000 ) ) ;
#2883 = LINE ( 'NONE', #1396, #1452 ) ;
#2884 = EDGE_CURVE ( 'NONE', #291, #48, #763, .T. ) ;
#2885 = VERTEX_POINT ( 'NONE', #4006 ) ;
#2886 = FACE_OUTER_BOUND ( 'NONE', #3890, .T. ) ;
#2887 = CARTESIAN_POINT ( 'NONE',  ( 18.24999999999998934, -55.00000000000000711, 4.000000000000003553 ) ) ;
#2888 = DIRECTION ( 'NONE',  ( -0.000000000000000000, -0.000000000000000000, 1.000000000000000000 ) ) ;
#2889 = ORIENTED_EDGE ( 'NONE', *, *, #845, .T. ) ;
#2890 = DIRECTION ( 'NONE',  ( -0.000000000000000000, -0.000000000000000000, 1.000000000000000000 ) ) ;
#2891 = ORIENTED_EDGE ( 'NONE', *, *, #5673, .T. ) ;
#2892 = ORIENTED_EDGE ( 'NONE', *, *, #6429, .F. ) ;
#2893 = CARTESIAN_POINT ( 'NONE',  ( 10.00000000000000533, -55.00000000000000711, 0.000000000000000000 ) ) ;
#2894 = AXIS2_PLACEMENT_3D ( 'NONE', #3128, #5215, #2615 ) ;
#2895 = DIRECTION ( 'NONE',  ( -0.000000000000000000, -0.000000000000000000, 1.000000000000000000 ) ) ;
#2896 = LINE ( 'NONE', #1468, #2046 ) ;
#2897 = ORIENTED_EDGE ( 'NONE', *, *, #5437, .F. ) ;
#2898 = ORIENTED_EDGE ( 'NONE', *, *, #1596, .F. ) ;
#2899 = ORIENTED_EDGE ( 'NONE', *, *, #5712, .T. ) ;
#2900 = DIRECTION ( 'NONE',  ( -0.000000000000000000, -0.000000000000000000, -1.000000000000000000 ) ) ;
#2901 = CYLINDRICAL_SURFACE ( 'NONE', #295, 3.000000000000012879 ) ;
#2902 = VECTOR ( 'NONE', #5554, 1000.000000000000000 ) ;
#2903 = EDGE_CURVE ( 'NONE', #774, #1869, #2434, .T. ) ;
#2904 = CARTESIAN_POINT ( 'NONE',  ( 13.00000000000001066, 108.0000000000000142, 8.000000000000000000 ) ) ;
#2905 = CYLINDRICAL_SURFACE ( 'NONE', #2797, 1.750000000000011990 ) ;
#2906 = DIRECTION ( 'NONE',  ( 1.000000000000000000, 0.000000000000000000, 0.000000000000000000 ) ) ;
#2907 = VERTEX_POINT ( 'NONE', #1896 ) ;
#2908 = CIRCLE ( 'NONE', #6288, 1.500000000000015099 ) ;
#2909 = ADVANCED_FACE ( 'NONE', ( #365 ), #5067, .F. ) ;
#2910 = CARTESIAN_POINT ( 'NONE',  ( -29.99999999999998934, -5.000000000000002665, 33.99999999999999289 ) ) ;
#2911 = DIRECTION ( 'NONE',  ( 0.000000000000000000, 0.000000000000000000, 1.000000000000000000 ) ) ;
#2912 = CARTESIAN_POINT ( 'NONE',  ( 13.00000000000001421, -5.000000000000004441, -8.572527594031465301E-16 ) ) ;
#2913 = CARTESIAN_POINT ( 'NONE',  ( 25.99999999999999645, -56.00000000000002132, 0.000000000000000000 ) ) ;
#2914 = AXIS2_PLACEMENT_3D ( 'NONE', #1449, #488, #4029 ) ;
#2915 = DIRECTION ( 'NONE',  ( -0.000000000000000000, -0.000000000000000000, -1.000000000000000000 ) ) ;
#2916 = EDGE_CURVE ( 'NONE', #3071, #4450, #5585, .T. ) ;
#2917 = EDGE_CURVE ( 'NONE', #2673, #3908, #3481, .T. ) ;
#2918 = VERTEX_POINT ( 'NONE', #4971 ) ;
#2919 = DIRECTION ( 'NONE',  ( 0.000000000000000000, 0.000000000000000000, 1.000000000000000000 ) ) ;
#2920 = DIRECTION ( 'NONE',  ( -0.000000000000000000, -0.000000000000000000, -1.000000000000000000 ) ) ;
#2921 = EDGE_CURVE ( 'NONE', #122, #5899, #6090, .T. ) ;
#2922 = CARTESIAN_POINT ( 'NONE',  ( -0.000000000000000000, 0.000000000000000000, 33.99999999999999289 ) ) ;
#2923 = ORIENTED_EDGE ( 'NONE', *, *, #3591, .T. ) ;
#2924 = DIRECTION ( 'NONE',  ( -0.000000000000000000, -0.000000000000000000, 1.000000000000000000 ) ) ;
#2925 = ORIENTED_EDGE ( 'NONE', *, *, #21, .T. ) ;
#2926 = VERTEX_POINT ( 'NONE', #302 ) ;
#2927 = DIRECTION ( 'NONE',  ( 1.000000000000000000, 0.000000000000000000, 0.000000000000000000 ) ) ;
#2928 = EDGE_CURVE ( 'NONE', #538, #1842, #542, .T. ) ;
#2929 = AXIS2_PLACEMENT_3D ( 'NONE', #3210, #824, #6515 ) ;
#2930 = LINE ( 'NONE', #2323, #2193 ) ;
#2931 = CYLINDRICAL_SURFACE ( 'NONE', #5211, 1.750000000000013323 ) ;
#2932 = ORIENTED_EDGE ( 'NONE', *, *, #1881, .F. ) ;
#2933 = AXIS2_PLACEMENT_3D ( 'NONE', #4623, #3605, #5829 ) ;
#2934 = ORIENTED_EDGE ( 'NONE', *, *, #4389, .F. ) ;
#2935 = VERTEX_POINT ( 'NONE', #6538 ) ;
#2936 = DIRECTION ( 'NONE',  ( 0.000000000000000000, 0.000000000000000000, -1.000000000000000000 ) ) ;
#2937 = DIRECTION ( 'NONE',  ( -0.000000000000000000, -0.000000000000000000, -1.000000000000000000 ) ) ;
#2938 = PLANE ( 'NONE',  #4917 ) ;
#2939 = AXIS2_PLACEMENT_3D ( 'NONE', #2165, #2667, #528 ) ;
#2940 = CYLINDRICAL_SURFACE ( 'NONE', #6412, 3.000000000000000888 ) ;
#2941 = DIRECTION ( 'NONE',  ( 1.000000000000000000, 0.000000000000000000, 0.000000000000000000 ) ) ;
#2942 = ORIENTED_EDGE ( 'NONE', *, *, #5892, .F. ) ;
#2943 = AXIS2_PLACEMENT_3D ( 'NONE', #13, #5120, #6690 ) ;
#2944 = DIRECTION ( 'NONE',  ( 1.000000000000000000, 0.000000000000000000, 0.000000000000000000 ) ) ;
#2945 = DIRECTION ( 'NONE',  ( 1.000000000000000000, 0.000000000000000000, 0.000000000000000000 ) ) ;
#2946 = CARTESIAN_POINT ( 'NONE',  ( 21.75000000000001776, -21.50000000000000711, 8.000000000000001776 ) ) ;
#2947 = CARTESIAN_POINT ( 'NONE',  ( 10.00000000000000533, -55.00000000000000711, -8.572527594031465301E-16 ) ) ;
#2948 = EDGE_CURVE ( 'NONE', #2259, #3441, #1952, .T. ) ;
#2949 = CYLINDRICAL_SURFACE ( 'NONE', #1779, 1.500000000000015099 ) ;
#2950 = ORIENTED_EDGE ( 'NONE', *, *, #6474, .T. ) ;
#2951 = CARTESIAN_POINT ( 'NONE',  ( -16.00000000000000000, 60.00000000000000000, 33.99999999999999289 ) ) ;
#2952 = CIRCLE ( 'NONE', #1866, 4.000000000000000000 ) ;
#2953 = DIRECTION ( 'NONE',  ( -1.000000000000000000, 0.000000000000000000, 0.000000000000000000 ) ) ;
#2954 = CARTESIAN_POINT ( 'NONE',  ( -112.2499999999999716, -54.75000000000002132, 4.000000000000000000 ) ) ;
#2955 = DIRECTION ( 'NONE',  ( 0.000000000000000000, -1.000000000000000000, 0.000000000000000000 ) ) ;
#2956 = AXIS2_PLACEMENT_3D ( 'NONE', #6027, #2911, #4549 ) ;
#2957 = CIRCLE ( 'NONE', #573, 2.100000000000011635 ) ;
#2958 = EDGE_CURVE ( 'NONE', #2867, #1472, #6, .T. ) ;
#2959 = ORIENTED_EDGE ( 'NONE', *, *, #5641, .F. ) ;
#2960 = LINE ( 'NONE', #5654, #5391 ) ;
#2961 = AXIS2_PLACEMENT_3D ( 'NONE', #802, #2869, #2360 ) ;
#2962 = ADVANCED_FACE ( 'NONE', ( #6572, #1859 ), #4033, .F. ) ;
#2963 = ADVANCED_FACE ( 'NONE', ( #916 ), #332, .F. ) ;
#2964 = DIRECTION ( 'NONE',  ( -0.000000000000000000, -0.000000000000000000, -1.000000000000000000 ) ) ;
#2965 = EDGE_LOOP ( 'NONE', ( #5232, #885 ) ) ;
#2966 = EDGE_CURVE ( 'NONE', #5371, #6722, #1454, .T. ) ;
#2967 = EDGE_LOOP ( 'NONE', ( #1836, #2220, #5628, #2971 ) ) ;
#2968 = VERTEX_POINT ( 'NONE', #947 ) ;
#2969 = FACE_BOUND ( 'NONE', #756, .T. ) ;
#2970 = AXIS2_PLACEMENT_3D ( 'NONE', #6697, #982, #3078 ) ;
#2971 = ORIENTED_EDGE ( 'NONE', *, *, #895, .T. ) ;
#2972 = DIRECTION ( 'NONE',  ( 0.000000000000000000, 0.000000000000000000, 1.000000000000000000 ) ) ;
#2973 = CARTESIAN_POINT ( 'NONE',  ( -24.25000000000000000, 108.0000000000000142, 8.000000000000000000 ) ) ;
#2974 = EDGE_LOOP ( 'NONE', ( #5076, #970 ) ) ;
#2975 = AXIS2_PLACEMENT_3D ( 'NONE', #2353, #4919, #5467 ) ;
#2976 = CARTESIAN_POINT ( 'NONE',  ( 11.75000000000001421, -21.50000000000001066, 4.000000000000000000 ) ) ;
#2977 = DIRECTION ( 'NONE',  ( -1.000000000000000000, 0.000000000000000000, 0.000000000000000000 ) ) ;
#2978 = PLANE ( 'NONE',  #5630 ) ;
#2979 = VECTOR ( 'NONE', #2245, 1000.000000000000000 ) ;
#2980 = DIRECTION ( 'NONE',  ( -1.000000000000000000, 0.000000000000000000, 0.000000000000000000 ) ) ;
#2981 = ORIENTED_EDGE ( 'NONE', *, *, #3039, .F. ) ;
#2982 = CIRCLE ( 'NONE', #1153, 1.750000000000015543 ) ;
#2983 = DIRECTION ( 'NONE',  ( 1.000000000000000000, 0.000000000000000000, 0.000000000000000000 ) ) ;
#2984 = DIRECTION ( 'NONE',  ( -0.000000000000000000, -0.000000000000000000, -1.000000000000000000 ) ) ;
#2985 = FACE_OUTER_BOUND ( 'NONE', #1266, .T. ) ;
#2986 = DIRECTION ( 'NONE',  ( -1.000000000000000000, 0.000000000000000000, 0.000000000000000000 ) ) ;
#2987 = EDGE_CURVE ( 'NONE', #6336, #257, #4913, .T. ) ;
#2988 = ORIENTED_EDGE ( 'NONE', *, *, #1585, .T. ) ;
#2989 = FACE_OUTER_BOUND ( 'NONE', #3642, .T. ) ;
#2990 = EDGE_CURVE ( 'NONE', #3719, #6267, #4567, .T. ) ;
#2991 = DIRECTION ( 'NONE',  ( -0.000000000000000000, -0.000000000000000000, 1.000000000000000000 ) ) ;
#2992 = VERTEX_POINT ( 'NONE', #2912 ) ;
#2993 = EDGE_CURVE ( 'NONE', #6229, #2768, #775, .T. ) ;
#2994 = ORIENTED_EDGE ( 'NONE', *, *, #3889, .T. ) ;
#2995 = ORIENTED_EDGE ( 'NONE', *, *, #3582, .T. ) ;
#2996 = VECTOR ( 'NONE', #1848, 1000.000000000000000 ) ;
#2997 = EDGE_CURVE ( 'NONE', #41, #6621, #5004, .T. ) ;
#2998 = EDGE_CURVE ( 'NONE', #894, #3154, #1987, .T. ) ;
#2999 = DIRECTION ( 'NONE',  ( 0.000000000000000000, 0.000000000000000000, 1.000000000000000000 ) ) ;
#3000 = ORIENTED_EDGE ( 'NONE', *, *, #1680, .T. ) ;
#3001 = FACE_OUTER_BOUND ( 'NONE', #329, .T. ) ;
#3002 = DIRECTION ( 'NONE',  ( 1.000000000000000000, 0.000000000000000000, -0.000000000000000000 ) ) ;
#3003 = AXIS2_PLACEMENT_3D ( 'NONE', #3473, #3439, #3919 ) ;
#3004 = CARTESIAN_POINT ( 'NONE',  ( 10.00000000000000000, -21.50000000000001066, 0.000000000000000000 ) ) ;
#3005 = EDGE_LOOP ( 'NONE', ( #5267, #6551, #3097, #389 ) ) ;
#3006 = AXIS2_PLACEMENT_3D ( 'NONE', #1297, #1897, #2813 ) ;
#3007 = FACE_OUTER_BOUND ( 'NONE', #4818, .T. ) ;
#3008 = ADVANCED_FACE ( 'NONE', ( #1081 ), #1619, .F. ) ;
#3009 = DIRECTION ( 'NONE',  ( -0.000000000000000000, -0.000000000000000000, 1.000000000000000000 ) ) ;
#3010 = CARTESIAN_POINT ( 'NONE',  ( 11.75000000000001776, -35.00000000000000000, 4.000000000000003553 ) ) ;
#3011 = DIRECTION ( 'NONE',  ( -0.000000000000000000, -0.000000000000000000, -1.000000000000000000 ) ) ;
#3012 = CIRCLE ( 'NONE', #6721, 1.750000000000015543 ) ;
#3013 = EDGE_LOOP ( 'NONE', ( #4149, #3708, #1419, #4184 ) ) ;
#3014 = CARTESIAN_POINT ( 'NONE',  ( 34.00000000000000711, 64.00000000000000000, 0.000000000000000000 ) ) ;
#3015 = DIRECTION ( 'NONE',  ( -0.000000000000000000, -0.000000000000000000, -1.000000000000000000 ) ) ;
#3016 = AXIS2_PLACEMENT_3D ( 'NONE', #157, #6490, #695 ) ;
#3017 = DIRECTION ( 'NONE',  ( 1.000000000000000000, 0.000000000000000000, 0.000000000000000000 ) ) ;
#3018 = ORIENTED_EDGE ( 'NONE', *, *, #1277, .T. ) ;
#3019 = CARTESIAN_POINT ( 'NONE',  ( 13.00000000000001066, 108.0000000000000142, 8.000000000000000000 ) ) ;
#3020 = VECTOR ( 'NONE', #2991, 1000.000000000000000 ) ;
#3021 = VERTEX_POINT ( 'NONE', #1117 ) ;
#3022 = CYLINDRICAL_SURFACE ( 'NONE', #817, 1.750000000000011990 ) ;
#3023 = PRODUCT_DEFINITION_FORMATION_WITH_SPECIFIED_SOURCE ( 'ä»', '', #5487, .NOT_KNOWN. ) ;
#3024 = DIRECTION ( 'NONE',  ( 1.000000000000000000, 0.000000000000000000, 0.000000000000000000 ) ) ;
#3025 = ORIENTED_EDGE ( 'NONE', *, *, #2672, .F. ) ;
#3026 = EDGE_LOOP ( 'NONE', ( #4417, #3823, #5296, #6198 ) ) ;
#3027 = ORIENTED_EDGE ( 'NONE', *, *, #5676, .F. ) ;
#3028 = AXIS2_PLACEMENT_3D ( 'NONE', #2348, #6483, #1271 ) ;
#3029 = CARTESIAN_POINT ( 'NONE',  ( 9.999999999999996447, 8.500000000000007105, 3.000000000000000000 ) ) ;
#3030 = LINE ( 'NONE', #3066, #4711 ) ;
#3031 = ORIENTED_EDGE ( 'NONE', *, *, #4535, .T. ) ;
#3032 = DIRECTION ( 'NONE',  ( -1.000000000000000000, 0.000000000000000000, 0.000000000000000000 ) ) ;
#3033 = DIRECTION ( 'NONE',  ( 1.000000000000000000, 0.000000000000000000, 0.000000000000000000 ) ) ;
#3034 = ADVANCED_FACE ( 'NONE', ( #4760 ), #5710, .F. ) ;
#3035 = AXIS2_PLACEMENT_3D ( 'NONE', #4871, #2746, #238 ) ;
#3036 = VERTEX_POINT ( 'NONE', #4170 ) ;
#3037 = EDGE_CURVE ( 'NONE', #6704, #604, #56, .T. ) ;
#3038 = ORIENTED_EDGE ( 'NONE', *, *, #3645, .F. ) ;
#3039 = EDGE_CURVE ( 'NONE', #3980, #6175, #1047, .T. ) ;
#3040 = AXIS2_PLACEMENT_3D ( 'NONE', #126, #5410, #5852 ) ;
#3041 = CARTESIAN_POINT ( 'NONE',  ( 20.00000000000000355, -55.00000000000000711, 8.000000000000000000 ) ) ;
#3042 = CARTESIAN_POINT ( 'NONE',  ( 10.00000000000000533, -45.00000000000000711, 0.000000000000000000 ) ) ;
#3043 = DIRECTION ( 'NONE',  ( -0.000000000000000000, -0.000000000000000000, -1.000000000000000000 ) ) ;
#3044 = ADVANCED_FACE ( 'NONE', ( #3144, #3109 ), #6224, .F. ) ;
#3045 = DIRECTION ( 'NONE',  ( -0.000000000000000000, -0.000000000000000000, 1.000000000000000000 ) ) ;
#3046 = VECTOR ( 'NONE', #522, 1000.000000000000000 ) ;
#3047 = VERTEX_POINT ( 'NONE', #3185 ) ;
#3048 = ADVANCED_FACE ( 'NONE', ( #6189 ), #1552, .F. ) ;
#3049 = ORIENTED_EDGE ( 'NONE', *, *, #2966, .F. ) ;
#3050 = DIRECTION ( 'NONE',  ( 0.000000000000000000, 0.000000000000000000, 1.000000000000000000 ) ) ;
#3051 = LINE ( 'NONE', #6298, #379 ) ;
#3053 = FACE_OUTER_BOUND ( 'NONE', #5866, .T. ) ;
#3052 = AXIS2_PLACEMENT_3D ( 'NONE', #348, #287, #6076 ) ;
#3054 = ORIENTED_EDGE ( 'NONE', *, *, #200, .F. ) ;
#3055 = LINE ( 'NONE', #4659, #6396 ) ;
#3056 = ORIENTED_EDGE ( 'NONE', *, *, #5730, .T. ) ;
#3057 = CARTESIAN_POINT ( 'NONE',  ( 6.360652745248292417E-15, -45.00000000000001421, 4.000000000000003553 ) ) ;
#3058 = DIRECTION ( 'NONE',  ( -0.000000000000000000, -0.000000000000000000, -1.000000000000000000 ) ) ;
#3059 = AXIS2_PLACEMENT_3D ( 'NONE', #4570, #2843, #5993 ) ;
#3060 = DIRECTION ( 'NONE',  ( -0.000000000000000000, -0.000000000000000000, 1.000000000000000000 ) ) ;
#3061 = VERTEX_POINT ( 'NONE', #4204 ) ;
#3062 = ORIENTED_EDGE ( 'NONE', *, *, #1176, .T. ) ;
#3063 = CIRCLE ( 'NONE', #2743, 3.000000000000012879 ) ;
#3064 = ORIENTED_EDGE ( 'NONE', *, *, #1005, .F. ) ;
#3065 = CARTESIAN_POINT ( 'NONE',  ( 8.249999999999992895, -55.00000000000000711, 4.000000000000003553 ) ) ;
#3066 = CARTESIAN_POINT ( 'NONE',  ( 10.99999999999999645, 8.500000000000007105, 0.000000000000000000 ) ) ;
#3067 = ORIENTED_EDGE ( 'NONE', *, *, #59, .F. ) ;
#3068 = DIRECTION ( 'NONE',  ( 1.000000000000000000, 0.000000000000000000, 0.000000000000000000 ) ) ;
#3069 = CARTESIAN_POINT ( 'NONE',  ( -11.00000000000009237, -8.000000000000000000, 44.00000000000000000 ) ) ;
#3070 = AXIS2_PLACEMENT_3D ( 'NONE', #1665, #3746, #1167 ) ;
#3071 = VERTEX_POINT ( 'NONE', #5196 ) ;
#3072 = ORIENTED_EDGE ( 'NONE', *, *, #5759, .T. ) ;
#3073 = AXIS2_PLACEMENT_3D ( 'NONE', #1958, #5006, #884 ) ;
#3074 = DIRECTION ( 'NONE',  ( -0.000000000000000000, -0.000000000000000000, -1.000000000000000000 ) ) ;
#3075 = CARTESIAN_POINT ( 'NONE',  ( -11.99999999999998579, 43.00000000000000000, 44.00000000000000000 ) ) ;
#3076 = DIRECTION ( 'NONE',  ( 8.673617379884035472E-16, -1.000000000000000000, 0.000000000000000000 ) ) ;
#3077 = EDGE_CURVE ( 'NONE', #1842, #538, #1635, .T. ) ;
#3078 = DIRECTION ( 'NONE',  ( -1.000000000000000000, 0.000000000000000000, 0.000000000000000000 ) ) ;
#3079 = CIRCLE ( 'NONE', #47, 1.750000000000013323 ) ;
#3080 = ORIENTED_EDGE ( 'NONE', *, *, #6169, .T. ) ;
#3081 = EDGE_CURVE ( 'NONE', #185, #2733, #5778, .T. ) ;
#3082 = ORIENTED_EDGE ( 'NONE', *, *, #5983, .F. ) ;
#3083 = DIRECTION ( 'NONE',  ( -0.000000000000000000, -0.000000000000000000, -1.000000000000000000 ) ) ;
#3084 = EDGE_CURVE ( 'NONE', #258, #4071, #564, .T. ) ;
#3085 = DIRECTION ( 'NONE',  ( -0.000000000000000000, -0.000000000000000000, 1.000000000000000000 ) ) ;
#3086 = AXIS2_PLACEMENT_3D ( 'NONE', #2034, #1567, #4187 ) ;
#3087 = LINE ( 'NONE', #2105, #4130 ) ;
#3088 = ORIENTED_EDGE ( 'NONE', *, *, #848, .F. ) ;
#3089 = CARTESIAN_POINT ( 'NONE',  ( 16.99999999999998934, -21.50000000000000711, 1.530808498934192064E-16 ) ) ;
#3090 = EDGE_CURVE ( 'NONE', #5474, #1528, #3378, .T. ) ;
#3091 = VERTEX_POINT ( 'NONE', #979 ) ;
#3092 = AXIS2_PLACEMENT_3D ( 'NONE', #6447, #5902, #4947 ) ;
#3093 = ORIENTED_EDGE ( 'NONE', *, *, #2830, .F. ) ;
#3094 = DIRECTION ( 'NONE',  ( -0.000000000000000000, -0.000000000000000000, -1.000000000000000000 ) ) ;
#3095 = LINE ( 'NONE', #2508, #2354 ) ;
#3096 = CARTESIAN_POINT ( 'NONE',  ( 1.750000000000020650, -55.00000000000001421, 8.000000000000000000 ) ) ;
#3097 = ORIENTED_EDGE ( 'NONE', *, *, #2669, .T. ) ;
#3098 = ORIENTED_EDGE ( 'NONE', *, *, #5730, .F. ) ;
#3099 = EDGE_LOOP ( 'NONE', ( #6714, #2659, #4819, #5536 ) ) ;
#3100 = DIRECTION ( 'NONE',  ( -0.000000000000000000, -0.000000000000000000, -1.000000000000000000 ) ) ;
#3101 = CARTESIAN_POINT ( 'NONE',  ( -40.99999999999995026, 76.00000000000001421, 12.00000000000000000 ) ) ;
#3102 = ORIENTED_EDGE ( 'NONE', *, *, #2420, .T. ) ;
#3103 = CYLINDRICAL_SURFACE ( 'NONE', #5668, 1.500000000000012657 ) ;
#3104 = DIRECTION ( 'NONE',  ( -0.000000000000000000, -0.000000000000000000, 1.000000000000000000 ) ) ;
#3105 = ORIENTED_EDGE ( 'NONE', *, *, #6349, .T. ) ;
#3106 = CIRCLE ( 'NONE', #727, 1.750000000000013767 ) ;
#3107 = ORIENTED_EDGE ( 'NONE', *, *, #1514, .F. ) ;
#3108 = DIRECTION ( 'NONE',  ( -1.000000000000000000, 0.000000000000000000, 0.000000000000000000 ) ) ;
#3109 = FACE_BOUND ( 'NONE', #3739, .T. ) ;
#3110 = CARTESIAN_POINT ( 'NONE',  ( 20.00000000000000355, -21.50000000000000711, 1.530808498934192064E-16 ) ) ;
#3111 = CARTESIAN_POINT ( 'NONE',  ( -113.9999999999999858, -54.75000000000002132, 1.836970198721029688E-16 ) ) ;
#3112 = ADVANCED_FACE ( 'NONE', ( #458 ), #4615, .F. ) ;
#3113 = ORIENTED_EDGE ( 'NONE', *, *, #4119, .T. ) ;
#3114 = CIRCLE ( 'NONE', #1817, 1.750000000000011990 ) ;
#3115 = ORIENTED_EDGE ( 'NONE', *, *, #5599, .T. ) ;
#3116 = DIRECTION ( 'NONE',  ( -0.000000000000000000, -0.000000000000000000, -1.000000000000000000 ) ) ;
#3117 = DIRECTION ( 'NONE',  ( 1.000000000000000000, 0.000000000000000000, 0.000000000000000000 ) ) ;
#3118 = CARTESIAN_POINT ( 'NONE',  ( 60.00000000000000000, -60.00000000000002842, 0.000000000000000000 ) ) ;
#3119 = ORIENTED_EDGE ( 'NONE', *, *, #2987, .T. ) ;
#3120 = LINE ( 'NONE', #4593, #4203 ) ;
#3121 = AXIS2_PLACEMENT_3D ( 'NONE', #565, #529, #2599 ) ;
#3122 = FACE_BOUND ( 'NONE', #2531, .T. ) ;
#3123 = ADVANCED_FACE ( 'NONE', ( #5162 ), #2096, .F. ) ;
#3124 = ORIENTED_EDGE ( 'NONE', *, *, #6176, .T. ) ;
#3125 = AXIS2_PLACEMENT_3D ( 'NONE', #4236, #6284, #1544 ) ;
#3126 = CARTESIAN_POINT ( 'NONE',  ( -108.9999999999999716, 67.49999999999997158, 0.000000000000000000 ) ) ;
#3127 = VECTOR ( 'NONE', #4091, 1000.000000000000000 ) ;
#3128 = CARTESIAN_POINT ( 'NONE',  ( 20.00000000000000000, -5.000000000000004441, 8.000000000000000000 ) ) ;
#3129 = DIRECTION ( 'NONE',  ( -0.000000000000000000, -0.000000000000000000, -1.000000000000000000 ) ) ;
#3130 = CIRCLE ( 'NONE', #3355, 3.000000000000002665 ) ;
#3131 = ORIENTED_EDGE ( 'NONE', *, *, #4172, .F. ) ;
#3132 = ORIENTED_EDGE ( 'NONE', *, *, #2385, .T. ) ;
#3133 = EDGE_LOOP ( 'NONE', ( #243, #4104 ) ) ;
#3134 = EDGE_CURVE ( 'NONE', #3617, #5327, #6257, .T. ) ;
#3135 = FACE_OUTER_BOUND ( 'NONE', #2655, .T. ) ;
#3136 = AXIS2_PLACEMENT_3D ( 'NONE', #478, #5697, #2548 ) ;
#3137 = DIRECTION ( 'NONE',  ( -0.000000000000000000, -0.000000000000000000, -1.000000000000000000 ) ) ;
#3138 = ORIENTED_EDGE ( 'NONE', *, *, #55, .T. ) ;
#3139 = DIRECTION ( 'NONE',  ( 0.000000000000000000, -0.000000000000000000, -1.000000000000000000 ) ) ;
#3140 = DIRECTION ( 'NONE',  ( -0.000000000000000000, -0.000000000000000000, -1.000000000000000000 ) ) ;
#3141 = EDGE_LOOP ( 'NONE', ( #4442, #414 ) ) ;
#3142 = ORIENTED_EDGE ( 'NONE', *, *, #598, .T. ) ;
#3143 = CYLINDRICAL_SURFACE ( 'NONE', #4045, 1.750000000000015543 ) ;
#3144 = FACE_OUTER_BOUND ( 'NONE', #5651, .T. ) ;
#3145 = VECTOR ( 'NONE', #3175, 1000.000000000000000 ) ;
#3146 = CARTESIAN_POINT ( 'NONE',  ( 60.00000000000000000, 119.9999999999999716, 8.000000000000000000 ) ) ;
#3147 = CARTESIAN_POINT ( 'NONE',  ( -5.837290253120440868E-15, -21.50000000000001066, 1.530808498934192064E-16 ) ) ;
#3148 = ORIENTED_EDGE ( 'NONE', *, *, #3084, .T. ) ;
#3149 = AXIS2_PLACEMENT_3D ( 'NONE', #881, #1926, #6629 ) ;
#3150 = ORIENTED_EDGE ( 'NONE', *, *, #4714, .T. ) ;
#3151 = CARTESIAN_POINT ( 'NONE',  ( 3.000000000000018652, -35.00000000000001421, -8.572527594031465301E-16 ) ) ;
#3152 = DIRECTION ( 'NONE',  ( -0.000000000000000000, -0.000000000000000000, 1.000000000000000000 ) ) ;
#3153 = DIRECTION ( 'NONE',  ( 1.000000000000000000, 0.000000000000000000, 0.000000000000000000 ) ) ;
#3154 = VERTEX_POINT ( 'NONE', #1014 ) ;
#3155 = LINE ( 'NONE', #5245, #2251 ) ;
#3156 = AXIS2_PLACEMENT_3D ( 'NONE', #2018, #4100, #3594 ) ;
#3157 = ORIENTED_EDGE ( 'NONE', *, *, #1929, .T. ) ;
#3158 = ORIENTED_EDGE ( 'NONE', *, *, #4986, .T. ) ;
#3159 = EDGE_CURVE ( 'NONE', #5542, #2079, #4684, .T. ) ;
#3160 = VECTOR ( 'NONE', #5739, 1000.000000000000000 ) ;
#3161 = CARTESIAN_POINT ( 'NONE',  ( 5.782411586589356455E-15, -35.00000000000000711, 8.000000000000000000 ) ) ;
#3162 = DIRECTION ( 'NONE',  ( -0.000000000000000000, -0.000000000000000000, 1.000000000000000000 ) ) ;
#3163 = DIRECTION ( 'NONE',  ( -0.000000000000000000, -0.000000000000000000, -1.000000000000000000 ) ) ;
#3164 = EDGE_CURVE ( 'NONE', #3386, #2475, #2056, .T. ) ;
#3165 = VECTOR ( 'NONE', #1268, 1000.000000000000000 ) ;
#3166 = ORIENTED_EDGE ( 'NONE', *, *, #2928, .T. ) ;
#3167 = ADVANCED_FACE ( 'NONE', ( #1220 ), #3799, .F. ) ;
#3168 = ORIENTED_EDGE ( 'NONE', *, *, #4395, .F. ) ;
#3169 = ORIENTED_EDGE ( 'NONE', *, *, #6716, .F. ) ;
#3170 = EDGE_CURVE ( 'NONE', #2557, #2907, #1425, .T. ) ;
#3171 = FACE_OUTER_BOUND ( 'NONE', #1991, .T. ) ;
#3172 = CIRCLE ( 'NONE', #566, 1.750000000000013323 ) ;
#3173 = ADVANCED_FACE ( 'NONE', ( #1189 ), #6362, .F. ) ;
#3174 = AXIS2_PLACEMENT_3D ( 'NONE', #497, #4902, #2776 ) ;
#3175 = DIRECTION ( 'NONE',  ( 1.000000000000000000, 0.000000000000000000, 0.000000000000000000 ) ) ;
#3176 = ORIENTED_EDGE ( 'NONE', *, *, #4704, .F. ) ;
#3177 = CARTESIAN_POINT ( 'NONE',  ( 13.00000000000001776, 72.00000000000001421, 4.000000000000000000 ) ) ;
#3178 = CARTESIAN_POINT ( 'NONE',  ( 10.00000000000000533, -35.00000000000000000, 8.000000000000000000 ) ) ;
#3179 = EDGE_CURVE ( 'NONE', #1380, #2557, #737, .T. ) ;
#3180 = VERTEX_POINT ( 'NONE', #3767 ) ;
#3181 = AXIS2_PLACEMENT_3D ( 'NONE', #2427, #907, #3388 ) ;
#3182 = CIRCLE ( 'NONE', #140, 1.750000000000011990 ) ;
#3183 = ORIENTED_EDGE ( 'NONE', *, *, #3553, .T. ) ;
#3184 = CARTESIAN_POINT ( 'NONE',  ( -48.49999999999995026, 116.4999999999999716, 8.000000000000000000 ) ) ;
#3185 = CARTESIAN_POINT ( 'NONE',  ( 11.75000000000001954, -45.00000000000000711, 8.000000000000000000 ) ) ;
#3186 = DIRECTION ( 'NONE',  ( -0.000000000000000000, -0.000000000000000000, 1.000000000000000000 ) ) ;
#3187 = LINE ( 'NONE', #4650, #3738 ) ;
#3188 = VERTEX_POINT ( 'NONE', #3253 ) ;
#3189 = CIRCLE ( 'NONE', #6031, 1.750000000000015543 ) ;
#3190 = ORIENTED_EDGE ( 'NONE', *, *, #842, .F. ) ;
#3191 = FACE_OUTER_BOUND ( 'NONE', #5249, .T. ) ;
#3192 = CARTESIAN_POINT ( 'NONE',  ( -44.99999999999995737, 63.99999999999991473, 8.000000000000000000 ) ) ;
#3193 = CARTESIAN_POINT ( 'NONE',  ( 30.00000000000000000, -56.00000000000002132, 8.000000000000000000 ) ) ;
#3194 = ORIENTED_EDGE ( 'NONE', *, *, #4268, .F. ) ;
#3195 = DIRECTION ( 'NONE',  ( -0.000000000000000000, -0.000000000000000000, -1.000000000000000000 ) ) ;
#3196 = AXIS2_PLACEMENT_3D ( 'NONE', #5063, #840, #6116 ) ;
#3197 = ORIENTED_EDGE ( 'NONE', *, *, #4172, .T. ) ;
#3198 = ORIENTED_EDGE ( 'NONE', *, *, #4136, .T. ) ;
#3199 = AXIS2_PLACEMENT_3D ( 'NONE', #2855, #4327, #2785 ) ;
#3200 = FACE_BOUND ( 'NONE', #3248, .T. ) ;
#3201 = EDGE_CURVE ( 'NONE', #2392, #3394, #1652, .T. ) ;
#3202 = DIRECTION ( 'NONE',  ( 0.000000000000000000, 0.000000000000000000, 1.000000000000000000 ) ) ;
#3203 = DIRECTION ( 'NONE',  ( -0.000000000000000000, -0.000000000000000000, -1.000000000000000000 ) ) ;
#3204 = AXIS2_PLACEMENT_3D ( 'NONE', #5592, #4073, #403 ) ;
#3205 = ORIENTED_EDGE ( 'NONE', *, *, #96, .F. ) ;
#3206 = EDGE_CURVE ( 'NONE', #590, #3458, #2828, .T. ) ;
#3207 = VERTEX_POINT ( 'NONE', #3219 ) ;
#3208 = EDGE_LOOP ( 'NONE', ( #2109, #6657 ) ) ;
#3209 = DIRECTION ( 'NONE',  ( -1.000000000000000000, 0.000000000000000000, 0.000000000000000000 ) ) ;
#3210 = CARTESIAN_POINT ( 'NONE',  ( 10.00000000000000000, -21.50000000000001066, 4.000000000000000000 ) ) ;
#3211 = ORIENTED_EDGE ( 'NONE', *, *, #4756, .F. ) ;
#3212 = DIRECTION ( 'NONE',  ( -0.000000000000000000, -0.000000000000000000, -1.000000000000000000 ) ) ;
#3213 = DIRECTION ( 'NONE',  ( 0.000000000000000000, 0.000000000000000000, 1.000000000000000000 ) ) ;
#3214 = EDGE_CURVE ( 'NONE', #5756, #6047, #4345, .T. ) ;
#3215 = ORIENTED_EDGE ( 'NONE', *, *, #3518, .T. ) ;
#3216 = ORIENTED_EDGE ( 'NONE', *, *, #5092, .F. ) ;
#3217 = EDGE_CURVE ( 'NONE', #6382, #4024, #2804, .T. ) ;
#3218 = PLANE ( 'NONE',  #5692 ) ;
#3219 = CARTESIAN_POINT ( 'NONE',  ( -119.9999999999999858, 3.749999999999952927, 44.00000000000000000 ) ) ;
#3220 = LINE ( 'NONE', #3146, #3350 ) ;
#3221 = CARTESIAN_POINT ( 'NONE',  ( -19.99999999999999289, 56.24999999999994316, 8.000000000000000000 ) ) ;
#3222 = VERTEX_POINT ( 'NONE', #5306 ) ;
#3223 = ORIENTED_EDGE ( 'NONE', *, *, #5597, .F. ) ;
#3224 = CARTESIAN_POINT ( 'NONE',  ( -29.99999999999998934, -5.000000000000002665, 33.99999999999999289 ) ) ;
#3225 = CIRCLE ( 'NONE', #498, 3.000000000000012879 ) ;
#3226 = ADVANCED_FACE ( 'NONE', ( #5953 ), #5820, .F. ) ;
#3227 = CARTESIAN_POINT ( 'NONE',  ( 60.00000000000000000, 60.00000000000000000, 0.000000000000000000 ) ) ;
#3228 = PLANE ( 'NONE',  #3920 ) ;
#3229 = ORIENTED_EDGE ( 'NONE', *, *, #861, .F. ) ;
#3230 = DIRECTION ( 'NONE',  ( -0.000000000000000000, -0.000000000000000000, 1.000000000000000000 ) ) ;
#3231 = DIRECTION ( 'NONE',  ( -0.000000000000000000, -0.000000000000000000, -1.000000000000000000 ) ) ;
#3232 = AXIS2_PLACEMENT_3D ( 'NONE', #5107, #470, #2572 ) ;
#3233 = ORIENTED_EDGE ( 'NONE', *, *, #6628, .T. ) ;
#3234 = DIRECTION ( 'NONE',  ( 1.000000000000000000, 0.000000000000000000, 0.000000000000000000 ) ) ;
#3235 = CARTESIAN_POINT ( 'NONE',  ( 16.99999999999998934, -35.00000000000000000, 0.000000000000000000 ) ) ;
#3236 = CIRCLE ( 'NONE', #406, 2.100000000000013411 ) ;
#3237 = DIRECTION ( 'NONE',  ( -0.000000000000000000, -0.000000000000000000, -1.000000000000000000 ) ) ;
#3238 = CARTESIAN_POINT ( 'NONE',  ( -33.00000000000000000, 63.00000000000000000, 33.99999999999999289 ) ) ;
#3239 = ORIENTED_EDGE ( 'NONE', *, *, #5210, .T. ) ;
#3240 = VERTEX_POINT ( 'NONE', #5376 ) ;
#3241 = ORIENTED_EDGE ( 'NONE', *, *, #2721, .F. ) ;
#3242 = DIRECTION ( 'NONE',  ( -0.000000000000000000, -0.000000000000000000, -1.000000000000000000 ) ) ;
#3243 = CIRCLE ( 'NONE', #5094, 1.750000000000011990 ) ;
#3244 = ORIENTED_EDGE ( 'NONE', *, *, #5259, .F. ) ;
#3245 = CARTESIAN_POINT ( 'NONE',  ( -5.837290253120440868E-15, -21.50000000000001066, 0.000000000000000000 ) ) ;
#3246 = EDGE_CURVE ( 'NONE', #2179, #1282, #548, .T. ) ;
#3247 = CARTESIAN_POINT ( 'NONE',  ( 15.10000000000003162, 72.00000000000001421, 4.000000000000000000 ) ) ;
#3248 = EDGE_LOOP ( 'NONE', ( #6570, #3882 ) ) ;
#3249 = ORIENTED_EDGE ( 'NONE', *, *, #3429, .T. ) ;
#3250 = VECTOR ( 'NONE', #2114, 1000.000000000000000 ) ;
#3251 = FACE_OUTER_BOUND ( 'NONE', #279, .T. ) ;
#3252 = EDGE_CURVE ( 'NONE', #2145, #5155, #2288, .T. ) ;
#3253 = CARTESIAN_POINT ( 'NONE',  ( -45.99999999999993605, 116.4999999999999716, 1.224646799147353454E-16 ) ) ;
#3254 = DIRECTION ( 'NONE',  ( 1.000000000000000000, 0.000000000000000000, 0.000000000000000000 ) ) ;
#3255 = EDGE_CURVE ( 'NONE', #6172, #4531, #3924, .T. ) ;
#3256 = DIRECTION ( 'NONE',  ( -0.000000000000000000, -0.000000000000000000, 1.000000000000000000 ) ) ;
#3257 = VERTEX_POINT ( 'NONE', #6465 ) ;
#3258 = CARTESIAN_POINT ( 'NONE',  ( 60.00000000000000000, 0.000000000000000000, 0.000000000000000000 ) ) ;
#3259 = AXIS2_PLACEMENT_3D ( 'NONE', #5046, #436, #340 ) ;
#3260 = DIRECTION ( 'NONE',  ( 1.000000000000000000, 0.000000000000000000, 0.000000000000000000 ) ) ;
#3261 = ADVANCED_FACE ( 'NONE', ( #5443 ), #770, .F. ) ;
#3262 = CARTESIAN_POINT ( 'NONE',  ( 21.75000000000001776, -55.00000000000000711, 8.000000000000000000 ) ) ;
#3263 = VERTEX_POINT ( 'NONE', #1720 ) ;
#3264 = FACE_OUTER_BOUND ( 'NONE', #1944, .T. ) ;
#3265 = FACE_OUTER_BOUND ( 'NONE', #4443, .T. ) ;
#3266 = EDGE_CURVE ( 'NONE', #1714, #70, #6542, .T. ) ;
#3267 = CIRCLE ( 'NONE', #2823, 1.750000000000015543 ) ;
#3268 = ORIENTED_EDGE ( 'NONE', *, *, #353, .T. ) ;
#3269 = DIRECTION ( 'NONE',  ( -0.000000000000000000, -0.000000000000000000, 1.000000000000000000 ) ) ;
#3270 = DIRECTION ( 'NONE',  ( -0.000000000000000000, -0.000000000000000000, 1.000000000000000000 ) ) ;
#3271 = AXIS2_PLACEMENT_3D ( 'NONE', #3494, #3943, #6123 ) ;
#3272 = DIRECTION ( 'NONE',  ( -0.000000000000000000, -0.000000000000000000, 1.000000000000000000 ) ) ;
#3273 = ORIENTED_EDGE ( 'NONE', *, *, #2664, .T. ) ;
#3274 = CIRCLE ( 'NONE', #1969, 1.750000000000013323 ) ;
#3275 = ORIENTED_EDGE ( 'NONE', *, *, #5218, .F. ) ;
#3276 = VECTOR ( 'NONE', #6197, 1000.000000000000114 ) ;
#3277 = ORIENTED_EDGE ( 'NONE', *, *, #5488, .F. ) ;
#3278 = DIRECTION ( 'NONE',  ( -1.000000000000000000, 0.000000000000000000, 0.000000000000000000 ) ) ;
#3279 = LINE ( 'NONE', #4235, #4921 ) ;
#3280 = AXIS2_PLACEMENT_3D ( 'NONE', #6458, #6355, #1743 ) ;
#3281 = MANIFOLD_SOLID_BREP ( '\X2\5b54\X0\14', #1882 ) ;
#3282 = DIRECTION ( 'NONE',  ( 1.000000000000000000, 0.000000000000000000, 0.000000000000000000 ) ) ;
#3283 = EDGE_LOOP ( 'NONE', ( #3810, #2725, #1746, #733 ) ) ;
#3284 = VERTEX_POINT ( 'NONE', #1818 ) ;
#3285 = AXIS2_PLACEMENT_3D ( 'NONE', #1993, #1522, #5203 ) ;
#3286 = CARTESIAN_POINT ( 'NONE',  ( 13.00000000000001421, -5.000000000000004441, 0.000000000000000000 ) ) ;
#3287 = CARTESIAN_POINT ( 'NONE',  ( -106.4999999999999574, 116.4999999999999716, 8.000000000000000000 ) ) ;
#3288 = ADVANCED_FACE ( 'NONE', ( #6594 ), #6430, .F. ) ;
#3289 = CARTESIAN_POINT ( 'NONE',  ( 6.999999999999992006, -55.00000000000000711, 0.000000000000000000 ) ) ;
#3290 = FACE_OUTER_BOUND ( 'NONE', #3701, .T. ) ;
#3291 = VECTOR ( 'NONE', #5416, 1000.000000000000000 ) ;
#3292 = CIRCLE ( 'NONE', #2739, 2.100000000000015188 ) ;
#3293 = CARTESIAN_POINT ( 'NONE',  ( -113.9999999999999716, -14.75000000000001243, 8.000000000000001776 ) ) ;
#3294 = ORIENTED_EDGE ( 'NONE', *, *, #2453, .T. ) ;
#3295 = VECTOR ( 'NONE', #6529, 1000.000000000000000 ) ;
#3296 = DIRECTION ( 'NONE',  ( -8.673617379884026597E-16, 1.000000000000000000, 0.000000000000000000 ) ) ;
#3297 = CARTESIAN_POINT ( 'NONE',  ( -113.9999999999999858, -54.75000000000002132, 0.000000000000000000 ) ) ;
#3298 = ADVANCED_FACE ( 'NONE', ( #3455 ), #1945, .F. ) ;
#3299 = DIRECTION ( 'NONE',  ( 1.000000000000000000, -0.000000000000000000, -0.000000000000000000 ) ) ;
#3300 = EDGE_LOOP ( 'NONE', ( #1976, #4322, #6174, #503 ) ) ;
#3301 = CARTESIAN_POINT ( 'NONE',  ( 18.24999999999998934, -45.00000000000000711, 8.000000000000000000 ) ) ;
#3302 = FACE_BOUND ( 'NONE', #2290, .T. ) ;
#3303 = ADVANCED_FACE ( 'NONE', ( #4447 ), #1917, .F. ) ;
#3304 = ORIENTED_EDGE ( 'NONE', *, *, #559, .F. ) ;
#3305 = DIRECTION ( 'NONE',  ( -0.000000000000000000, -0.000000000000000000, 1.000000000000000000 ) ) ;
#3306 = ADVANCED_FACE ( 'NONE', ( #5548 ), #6114, .F. ) ;
#3307 = CARTESIAN_POINT ( 'NONE',  ( 5.782411586589356455E-15, -35.00000000000000711, 8.000000000000000000 ) ) ;
#3308 = AXIS2_PLACEMENT_3D ( 'NONE', #6092, #1456, #2980 ) ;
#3309 = EDGE_CURVE ( 'NONE', #6113, #6322, #4028, .T. ) ;
#3310 = DIRECTION ( 'NONE',  ( 0.000000000000000000, 0.000000000000000000, 1.000000000000000000 ) ) ;
#3311 = ORIENTED_EDGE ( 'NONE', *, *, #4437, .T. ) ;
#3312 = CIRCLE ( 'NONE', #812, 3.000000000000012879 ) ;
#3313 = ORIENTED_EDGE ( 'NONE', *, *, #3874, .T. ) ;
#3314 = EDGE_LOOP ( 'NONE', ( #3124, #5572 ) ) ;
#3315 = CARTESIAN_POINT ( 'NONE',  ( -11.99999999999998579, 17.00000000000000000, 44.00000000000000000 ) ) ;
#3316 = EDGE_CURVE ( 'NONE', #1323, #6046, #2612, .T. ) ;
#3317 = AXIS2_PLACEMENT_3D ( 'NONE', #2419, #897, #5050 ) ;
#3318 = DIRECTION ( 'NONE',  ( -0.000000000000000000, -0.000000000000000000, -1.000000000000000000 ) ) ;
#3319 = DIRECTION ( 'NONE',  ( 1.000000000000000000, 0.000000000000000000, 0.000000000000000000 ) ) ;
#3320 = ORIENTED_EDGE ( 'NONE', *, *, #1231, .F. ) ;
#3321 = EDGE_LOOP ( 'NONE', ( #2779, #3205, #3447, #2118 ) ) ;
#3322 = CIRCLE ( 'NONE', #6370, 1.750000000000013767 ) ;
#3323 = DIRECTION ( 'NONE',  ( 1.000000000000000000, 0.000000000000000000, 0.000000000000000000 ) ) ;
#3324 = CARTESIAN_POINT ( 'NONE',  ( -29.99999999999998934, -8.000000000000001776, 33.99999999999999289 ) ) ;
#3325 = DIRECTION ( 'NONE',  ( 1.000000000000000000, 0.000000000000000000, 0.000000000000000000 ) ) ;
#3326 = CARTESIAN_POINT ( 'NONE',  ( -106.4999999999999574, 116.4999999999999716, 1.224646799147353454E-16 ) ) ;
#3327 = DIRECTION ( 'NONE',  ( -1.000000000000000000, 0.000000000000000000, 0.000000000000000000 ) ) ;
#3328 = VERTEX_POINT ( 'NONE', #1415 ) ;
#3329 = PLANE ( 'NONE',  #1973 ) ;
#3330 = DIRECTION ( 'NONE',  ( -0.000000000000000000, -0.000000000000000000, -1.000000000000000000 ) ) ;
#3331 = CARTESIAN_POINT ( 'NONE',  ( -40.99999999999995026, 108.0000000000000142, 12.00000000000000000 ) ) ;
#3332 = ORIENTED_EDGE ( 'NONE', *, *, #1146, .T. ) ;
#3333 = CARTESIAN_POINT ( 'NONE',  ( -30.00000000000000355, 68.00000000000000000, 33.99999999999999289 ) ) ;
#3334 = CARTESIAN_POINT ( 'NONE',  ( 53.00000000000000000, 51.50000000000000711, 8.000000000000007105 ) ) ;
#3335 = VECTOR ( 'NONE', #2803, 1000.000000000000000 ) ;
#3336 = VERTEX_POINT ( 'NONE', #909 ) ;
#3337 = CARTESIAN_POINT ( 'NONE',  ( 20.00000000000000000, -5.000000000000004441, 8.000000000000000000 ) ) ;
#3338 = DIRECTION ( 'NONE',  ( 1.000000000000000000, 0.000000000000000000, 0.000000000000000000 ) ) ;
#3339 = CARTESIAN_POINT ( 'NONE',  ( 8.499999999999984013, 8.500000000000007105, 1.224646799147353454E-16 ) ) ;
#3340 = DIRECTION ( 'NONE',  ( -1.000000000000000000, -6.938893903907228378E-17, -0.000000000000000000 ) ) ;
#3341 = CIRCLE ( 'NONE', #4758, 1.250000000000015099 ) ;
#3342 = EDGE_CURVE ( 'NONE', #1608, #3021, #1383, .T. ) ;
#3343 = ORIENTED_EDGE ( 'NONE', *, *, #4119, .F. ) ;
#3344 = ORIENTED_EDGE ( 'NONE', *, *, #5761, .F. ) ;
#3345 = AXIS2_PLACEMENT_3D ( 'NONE', #5350, #1233, #1628 ) ;
#3346 = FACE_OUTER_BOUND ( 'NONE', #3948, .T. ) ;
#3347 = ADVANCED_FACE ( 'NONE', ( #3001, #3968 ), #2938, .F. ) ;
#3348 = DIRECTION ( 'NONE',  ( -0.000000000000000000, -0.000000000000000000, -1.000000000000000000 ) ) ;
#3349 = DIRECTION ( 'NONE',  ( -0.000000000000000000, -0.000000000000000000, 1.000000000000000000 ) ) ;
#3350 = VECTOR ( 'NONE', #3699, 1000.000000000000000 ) ;
#3351 = EDGE_LOOP ( 'NONE', ( #6306, #1537, #2747, #5182 ) ) ;
#3352 = EDGE_CURVE ( 'NONE', #1813, #1716, #2455, .T. ) ;
#3353 = VERTEX_POINT ( 'NONE', #420 ) ;
#3354 = VERTEX_POINT ( 'NONE', #2485 ) ;
#3355 = AXIS2_PLACEMENT_3D ( 'NONE', #875, #3456, #3999 ) ;
#3356 = FACE_OUTER_BOUND ( 'NONE', #4186, .T. ) ;
#3357 = LINE ( 'NONE', #5442, #4315 ) ;
#3358 = DIRECTION ( 'NONE',  ( -1.000000000000000000, 0.000000000000000000, 0.000000000000000000 ) ) ;
#3359 = DIRECTION ( 'NONE',  ( -0.000000000000000000, -0.000000000000000000, -1.000000000000000000 ) ) ;
#3360 = DIRECTION ( 'NONE',  ( -0.000000000000000000, -0.000000000000000000, -1.000000000000000000 ) ) ;
#3361 = VECTOR ( 'NONE', #2389, 1000.000000000000000 ) ;
#3362 = ORIENTED_EDGE ( 'NONE', *, *, #6056, .T. ) ;
#3363 = FACE_BOUND ( 'NONE', #5595, .T. ) ;
#3364 = DIRECTION ( 'NONE',  ( -0.000000000000000000, -0.000000000000000000, -1.000000000000000000 ) ) ;
#3365 = CYLINDRICAL_SURFACE ( 'NONE', #4357, 2.500000000000015987 ) ;
#3366 = ORIENTED_EDGE ( 'NONE', *, *, #3429, .F. ) ;
#3367 = CARTESIAN_POINT ( 'NONE',  ( 20.00000000000000355, -55.00000000000000711, 4.000000000000003553 ) ) ;
#3368 = SHAPE_DEFINITION_REPRESENTATION ( #799, #5534 ) ;
#3369 = FACE_BOUND ( 'NONE', #4248, .T. ) ;
#3370 = ORIENTED_EDGE ( 'NONE', *, *, #6433, .T. ) ;
#3371 = CARTESIAN_POINT ( 'NONE',  ( -40.99999999999995026, 95.99999999999991473, 8.000000000000000000 ) ) ;
#3372 = DIRECTION ( 'NONE',  ( 0.000000000000000000, 0.000000000000000000, -1.000000000000000000 ) ) ;
#3373 = DIRECTION ( 'NONE',  ( -1.000000000000000000, 0.000000000000000000, 0.000000000000000000 ) ) ;
#3374 = LINE ( 'NONE', #2414, #3552 ) ;
#3375 = AXIS2_PLACEMENT_3D ( 'NONE', #1230, #172, #6405 ) ;
#3376 = ORIENTED_EDGE ( 'NONE', *, *, #967, .F. ) ;
#3377 = EDGE_LOOP ( 'NONE', ( #2409, #1675, #3313, #2125 ) ) ;
#3378 = CIRCLE ( 'NONE', #4134, 3.000000000000012879 ) ;
#3379 = CARTESIAN_POINT ( 'NONE',  ( -31.74999999999998579, -54.75000000000002132, 8.000000000000000000 ) ) ;
#3380 = EDGE_CURVE ( 'NONE', #2258, #939, #2871, .T. ) ;
#3381 = CYLINDRICAL_SURFACE ( 'NONE', #4370, 1.750000000000011990 ) ;
#3382 = FACE_BOUND ( 'NONE', #67, .T. ) ;
#3383 = ORIENTED_EDGE ( 'NONE', *, *, #353, .F. ) ;
#3384 = ADVANCED_FACE ( 'NONE', ( #3422 ), #5512, .F. ) ;
#3385 = ORIENTED_EDGE ( 'NONE', *, *, #3682, .F. ) ;
#3386 = VERTEX_POINT ( 'NONE', #6052 ) ;
#3387 = ADVANCED_FACE ( 'NONE', ( #4573 ), #6723, .F. ) ;
#3388 = DIRECTION ( 'NONE',  ( -1.000000000000000000, 0.000000000000000000, 0.000000000000000000 ) ) ;
#3389 = LINE ( 'NONE', #5916, #2558 ) ;
#3390 = EDGE_CURVE ( 'NONE', #291, #4531, #1110, .T. ) ;
#3391 = DIRECTION ( 'NONE',  ( -0.000000000000000000, -0.000000000000000000, -1.000000000000000000 ) ) ;
#3392 = CARTESIAN_POINT ( 'NONE',  ( -107.9999999999999716, 67.49999999999997158, 3.000000000000000000 ) ) ;
#3393 = AXIS2_PLACEMENT_3D ( 'NONE', #29, #2534, #2136 ) ;
#3394 = VERTEX_POINT ( 'NONE', #49 ) ;
#3395 = DIRECTION ( 'NONE',  ( -0.000000000000000000, -0.000000000000000000, -1.000000000000000000 ) ) ;
#3396 = FACE_OUTER_BOUND ( 'NONE', #5832, .T. ) ;
#3397 = VECTOR ( 'NONE', #915, 1000.000000000000000 ) ;
#3398 = DIRECTION ( 'NONE',  ( -0.000000000000000000, -0.000000000000000000, -1.000000000000000000 ) ) ;
#3399 = CARTESIAN_POINT ( 'NONE',  ( 51.49999999999998579, 51.50000000000000711, 0.000000000000000000 ) ) ;
#3400 = CARTESIAN_POINT ( 'NONE',  ( 34.00000000000000711, 64.00000000000000000, 0.000000000000000000 ) ) ;
#3401 = CIRCLE ( 'NONE', #5482, 1.500000000000015099 ) ;
#3402 = ORIENTED_EDGE ( 'NONE', *, *, #4724, .T. ) ;
#3403 = CARTESIAN_POINT ( 'NONE',  ( 34.00000000000000000, -4.000000000000003553, 0.000000000000000000 ) ) ;
#3404 = CARTESIAN_POINT ( 'NONE',  ( 23.00000000000001776, -55.00000000000000711, 0.000000000000000000 ) ) ;
#3405 = CARTESIAN_POINT ( 'NONE',  ( 20.00000000000000355, -55.00000000000000711, 8.000000000000000000 ) ) ;
#3406 = CARTESIAN_POINT ( 'NONE',  ( -44.99999999999995026, 108.0000000000000142, 10.24999999999999112 ) ) ;
#3407 = CIRCLE ( 'NONE', #1019, 1.750000000000013767 ) ;
#3408 = ORIENTED_EDGE ( 'NONE', *, *, #5484, .T. ) ;
#3409 = EDGE_LOOP ( 'NONE', ( #2116, #495 ) ) ;
#3410 = AXIS2_PLACEMENT_3D ( 'NONE', #5956, #2267, #6364 ) ;
#3411 = EDGE_CURVE ( 'NONE', #2576, #3222, #3713, .T. ) ;
#3412 = CYLINDRICAL_SURFACE ( 'NONE', #2975, 4.000000000000003553 ) ;
#3413 = CARTESIAN_POINT ( 'NONE',  ( 51.49999999999998579, 51.50000000000000711, 3.000000000000000000 ) ) ;
#3414 = FACE_OUTER_BOUND ( 'NONE', #4239, .T. ) ;
#3415 = VECTOR ( 'NONE', #2221, 1000.000000000000000 ) ;
#3416 = ORIENTED_EDGE ( 'NONE', *, *, #3841, .T. ) ;
#3417 = EDGE_LOOP ( 'NONE', ( #1509, #6108, #183, #1441 ) ) ;
#3418 = ORIENTED_EDGE ( 'NONE', *, *, #3470, .F. ) ;
#3419 = AXIS2_PLACEMENT_3D ( 'NONE', #4502, #3987, #3573 ) ;
#3420 = DIRECTION ( 'NONE',  ( 0.000000000000000000, 0.000000000000000000, 1.000000000000000000 ) ) ;
#3421 = CARTESIAN_POINT ( 'NONE',  ( 4.047688110612550150E-15, -5.000000000000011546, 0.000000000000000000 ) ) ;
#3422 = FACE_OUTER_BOUND ( 'NONE', #5349, .T. ) ;
#3423 = LINE ( 'NONE', #5885, #2688 ) ;
#3424 = CARTESIAN_POINT ( 'NONE',  ( -40.99999999999995026, 104.0000000000000142, 16.00000000000000000 ) ) ;
#3425 = VECTOR ( 'NONE', #1523, 1000.000000000000000 ) ;
#3426 = ORIENTED_EDGE ( 'NONE', *, *, #4666, .F. ) ;
#3427 = DIRECTION ( 'NONE',  ( -0.000000000000000000, 0.000000000000000000, 1.000000000000000000 ) ) ;
#3428 = CARTESIAN_POINT ( 'NONE',  ( -44.99999999999995737, 88.00000000000009948, 8.000000000000000000 ) ) ;
#3429 = EDGE_CURVE ( 'NONE', #2732, #5631, #4365, .T. ) ;
#3430 = DIRECTION ( 'NONE',  ( -0.000000000000000000, -0.000000000000000000, 1.000000000000000000 ) ) ;
#3431 = DIRECTION ( 'NONE',  ( -0.000000000000000000, 0.000000000000000000, 1.000000000000000000 ) ) ;
#3432 = DIRECTION ( 'NONE',  ( -0.000000000000000000, -0.000000000000000000, 1.000000000000000000 ) ) ;
#3433 = EDGE_CURVE ( 'NONE', #5750, #2518, #4717, .T. ) ;
#3434 = ORIENTED_EDGE ( 'NONE', *, *, #4513, .T. ) ;
#3435 = DIRECTION ( 'NONE',  ( -0.000000000000000000, -0.000000000000000000, 1.000000000000000000 ) ) ;
#3436 = LINE ( 'NONE', #888, #2228 ) ;
#3437 = DIRECTION ( 'NONE',  ( 1.000000000000000000, 0.000000000000000000, 0.000000000000000000 ) ) ;
#3438 = VERTEX_POINT ( 'NONE', #451 ) ;
#3439 = DIRECTION ( 'NONE',  ( -0.000000000000000000, -0.000000000000000000, -1.000000000000000000 ) ) ;
#3440 = CIRCLE ( 'NONE', #1590, 1.750000000000013767 ) ;
#3441 = VERTEX_POINT ( 'NONE', #4196 ) ;
#3442 = ORIENTED_EDGE ( 'NONE', *, *, #3893, .T. ) ;
#3443 = CARTESIAN_POINT ( 'NONE',  ( -119.9999999999999858, 0.000000000000000000, 44.00000000000000000 ) ) ;
#3444 = AXIS2_PLACEMENT_3D ( 'NONE', #4017, #6101, #5594 ) ;
#3445 = CYLINDRICAL_SURFACE ( 'NONE', #893, 1.750000000000013323 ) ;
#3446 = DIRECTION ( 'NONE',  ( -0.000000000000000000, -0.000000000000000000, 1.000000000000000000 ) ) ;
#3447 = ORIENTED_EDGE ( 'NONE', *, *, #1270, .T. ) ;
#3448 = CIRCLE ( 'NONE', #509, 1.500000000000011768 ) ;
#3449 = ORIENTED_EDGE ( 'NONE', *, *, #5945, .F. ) ;
#3450 = ORIENTED_EDGE ( 'NONE', *, *, #551, .F. ) ;
#3451 = EDGE_CURVE ( 'NONE', #6181, #5841, #2071, .T. ) ;
#3452 = FACE_BOUND ( 'NONE', #5689, .T. ) ;
#3453 = CARTESIAN_POINT ( 'NONE',  ( 20.00000000000000000, -5.000000000000004441, 0.000000000000000000 ) ) ;
#3454 = CIRCLE ( 'NONE', #2792, 1.750000000000015543 ) ;
#3455 = FACE_OUTER_BOUND ( 'NONE', #1174, .T. ) ;
#3456 = DIRECTION ( 'NONE',  ( -0.000000000000000000, 0.000000000000000000, 1.000000000000000000 ) ) ;
#3457 = DIRECTION ( 'NONE',  ( -0.000000000000000000, -0.000000000000000000, 1.000000000000000000 ) ) ;
#3458 = VERTEX_POINT ( 'NONE', #2012 ) ;
#3459 = VECTOR ( 'NONE', #1691, 1000.000000000000000 ) ;
#3460 = CARTESIAN_POINT ( 'NONE',  ( -11.00000000000000178, 68.00000000000000000, 33.99999999999999289 ) ) ;
#3461 = DIRECTION ( 'NONE',  ( -0.000000000000000000, -0.000000000000000000, -1.000000000000000000 ) ) ;
#3462 = DIRECTION ( 'NONE',  ( 0.000000000000000000, -0.000000000000000000, -1.000000000000000000 ) ) ;
#3463 = EDGE_CURVE ( 'NONE', #3071, #6382, #5351, .T. ) ;
#3464 = AXIS2_PLACEMENT_3D ( 'NONE', #5436, #5405, #4890 ) ;
#3465 = DIRECTION ( 'NONE',  ( 0.000000000000000000, 0.000000000000000000, 1.000000000000000000 ) ) ;
#3466 = DIRECTION ( 'NONE',  ( 1.000000000000000000, 0.000000000000000000, 0.000000000000000000 ) ) ;
#3467 = EDGE_CURVE ( 'NONE', #827, #3188, #2496, .T. ) ;
#3468 = ORIENTED_EDGE ( 'NONE', *, *, #3170, .F. ) ;
#3469 = DIRECTION ( 'NONE',  ( -0.000000000000000000, -0.000000000000000000, 1.000000000000000000 ) ) ;
#3470 = EDGE_CURVE ( 'NONE', #939, #6590, #4060, .T. ) ;
#3471 = LINE ( 'NONE', #4014, #5502 ) ;
#3472 = CARTESIAN_POINT ( 'NONE',  ( 0.000000000000000000, 68.00000000000000000, 44.00000000000000000 ) ) ;
#3473 = CARTESIAN_POINT ( 'NONE',  ( -106.4999999999999574, 67.49999999999997158, 0.000000000000000000 ) ) ;
#3474 = EDGE_CURVE ( 'NONE', #4653, #2885, #5636, .T. ) ;
#3475 = EDGE_LOOP ( 'NONE', ( #6534, #6461, #5133, #5766 ) ) ;
#3476 = DIRECTION ( 'NONE',  ( -0.000000000000000000, -0.000000000000000000, -1.000000000000000000 ) ) ;
#3477 = VECTOR ( 'NONE', #924, 1000.000000000000000 ) ;
#3478 = DIRECTION ( 'NONE',  ( -1.000000000000000000, 0.000000000000000000, 0.000000000000000000 ) ) ;
#3479 = CARTESIAN_POINT ( 'NONE',  ( -11.00000000000000178, 65.00000000000000000, 33.99999999999999289 ) ) ;
#3480 = ORIENTED_EDGE ( 'NONE', *, *, #4293, .T. ) ;
#3481 = CIRCLE ( 'NONE', #3149, 3.000000000000012879 ) ;
#3482 = ORIENTED_EDGE ( 'NONE', *, *, #6597, .F. ) ;
#3483 = EDGE_LOOP ( 'NONE', ( #570, #321 ) ) ;
#3484 = FACE_BOUND ( 'NONE', #63, .T. ) ;
#3485 = ORIENTED_EDGE ( 'NONE', *, *, #3164, .F. ) ;
#3486 = CARTESIAN_POINT ( 'NONE',  ( 10.00000000000000000, -21.50000000000001066, 0.000000000000000000 ) ) ;
#3487 = AXIS2_PLACEMENT_3D ( 'NONE', #3697, #5780, #4648 ) ;
#3488 = DIRECTION ( 'NONE',  ( 1.000000000000000000, 0.000000000000000000, 0.000000000000000000 ) ) ;
#3489 = CARTESIAN_POINT ( 'NONE',  ( 6.360652745248292417E-15, -45.00000000000001421, 8.000000000000000000 ) ) ;
#3490 = ORIENTED_EDGE ( 'NONE', *, *, #6059, .T. ) ;
#3491 = AXIS2_PLACEMENT_3D ( 'NONE', #3623, #4678, #3032 ) ;
#3492 = EDGE_CURVE ( 'NONE', #5291, #5329, #1855, .T. ) ;
#3493 = FACE_OUTER_BOUND ( 'NONE', #2417, .T. ) ;
#3494 = CARTESIAN_POINT ( 'NONE',  ( 8.499999999999984013, 8.500000000000007105, 3.000000000000000000 ) ) ;
#3495 = DIRECTION ( 'NONE',  ( -0.000000000000000000, -0.000000000000000000, -1.000000000000000000 ) ) ;
#3496 = CIRCLE ( 'NONE', #5357, 1.750000000000013767 ) ;
#3497 = FACE_OUTER_BOUND ( 'NONE', #6194, .T. ) ;
#3498 = ORIENTED_EDGE ( 'NONE', *, *, #6093, .F. ) ;
#3499 = ADVANCED_FACE ( 'NONE', ( #4093 ), #3103, .F. ) ;
#3500 = AXIS2_PLACEMENT_3D ( 'NONE', #3297, #3330, #3773 ) ;
#3501 = CARTESIAN_POINT ( 'NONE',  ( 14.25000000000003197, 72.00000000000001421, 8.000000000000000000 ) ) ;
#3502 = VECTOR ( 'NONE', #4458, 1000.000000000000000 ) ;
#3503 = FACE_OUTER_BOUND ( 'NONE', #5846, .T. ) ;
#3504 = DIRECTION ( 'NONE',  ( 1.000000000000000000, 0.000000000000000000, 0.000000000000000000 ) ) ;
#3505 = LINE ( 'NONE', #2029, #4869 ) ;
#3506 = ADVANCED_FACE ( 'NONE', ( #4163 ), #6147, .T. ) ;
#3507 = VECTOR ( 'NONE', #195, 1000.000000000000114 ) ;
#3508 = EDGE_CURVE ( 'NONE', #604, #5567, #1217, .T. ) ;
#3509 = VECTOR ( 'NONE', #3546, 1000.000000000000000 ) ;
#3510 = ORIENTED_EDGE ( 'NONE', *, *, #3844, .T. ) ;
#3511 = EDGE_CURVE ( 'NONE', #5363, #826, #5896, .T. ) ;
#3512 = ADVANCED_FACE ( 'NONE', ( #3585 ), #5667, .F. ) ;
#3513 = CARTESIAN_POINT ( 'NONE',  ( -44.99999999999995737, 80.00000000000000000, 16.00000000000000000 ) ) ;
#3514 = DIRECTION ( 'NONE',  ( 0.000000000000000000, 0.000000000000000000, -1.000000000000000000 ) ) ;
#3515 = ORIENTED_EDGE ( 'NONE', *, *, #3600, .F. ) ;
#3516 = ORIENTED_EDGE ( 'NONE', *, *, #2879, .F. ) ;
#3517 = ORIENTED_EDGE ( 'NONE', *, *, #4124, .F. ) ;
#3518 = EDGE_CURVE ( 'NONE', #5957, #5363, #487, .T. ) ;
#3519 = DIRECTION ( 'NONE',  ( -1.000000000000000000, -1.156482317317871725E-16, 0.000000000000000000 ) ) ;
#3520 = VECTOR ( 'NONE', #5714, 1000.000000000000000 ) ;
#3521 = ORIENTED_EDGE ( 'NONE', *, *, #4008, .F. ) ;
#3522 = DIRECTION ( 'NONE',  ( -1.000000000000000000, -1.387778780781445676E-16, 0.000000000000000000 ) ) ;
#3523 = FACE_OUTER_BOUND ( 'NONE', #4162, .T. ) ;
#3524 = CYLINDRICAL_SURFACE ( 'NONE', #2111, 1.750000000000015543 ) ;
#3525 = VERTEX_POINT ( 'NONE', #2592 ) ;
#3526 = DIRECTION ( 'NONE',  ( -0.000000000000000000, -0.7071067811865521247, 0.7071067811865429098 ) ) ;
#3527 = DIRECTION ( 'NONE',  ( -6.608470384673553242E-17, 1.000000000000000000, -0.000000000000000000 ) ) ;
#3528 = CARTESIAN_POINT ( 'NONE',  ( 13.00000000000001066, 108.0000000000000142, 1.224646799147356350E-17 ) ) ;
#3529 = CIRCLE ( 'NONE', #1034, 4.000000000000000000 ) ;
#3530 = CARTESIAN_POINT ( 'NONE',  ( -48.49999999999995026, 116.4999999999999716, 0.000000000000000000 ) ) ;
#3531 = ORIENTED_EDGE ( 'NONE', *, *, #5924, .T. ) ;
#3532 = LINE ( 'NONE', #855, #350 ) ;
#3533 = DIRECTION ( 'NONE',  ( -0.000000000000000000, -0.000000000000000000, -1.000000000000000000 ) ) ;
#3534 = DIRECTION ( 'NONE',  ( -1.000000000000000000, 0.000000000000000000, 0.000000000000000000 ) ) ;
#3535 = DIRECTION ( 'NONE',  ( -1.000000000000000000, 0.000000000000000000, 0.000000000000000000 ) ) ;
#3536 = ORIENTED_EDGE ( 'NONE', *, *, #3467, .T. ) ;
#3537 = DIRECTION ( 'NONE',  ( 1.000000000000000000, 0.000000000000000000, 0.000000000000000000 ) ) ;
#3538 = EDGE_CURVE ( 'NONE', #1545, #5982, #2724, .T. ) ;
#3539 = CARTESIAN_POINT ( 'NONE',  ( 20.00000000000000355, -45.00000000000000711, 8.000000000000000000 ) ) ;
#3540 = ADVANCED_FACE ( 'NONE', ( #4750 ), #6388, .F. ) ;
#3541 = ORIENTED_EDGE ( 'NONE', *, *, #4470, .F. ) ;
#3542 = ORIENTED_EDGE ( 'NONE', *, *, #4475, .T. ) ;
#3543 = ORIENTED_EDGE ( 'NONE', *, *, #6102, .T. ) ;
#3544 = EDGE_CURVE ( 'NONE', #934, #2926, #993, .T. ) ;
#3545 = CIRCLE ( 'NONE', #6601, 2.500000000000015987 ) ;
#3546 = DIRECTION ( 'NONE',  ( -0.000000000000000000, -0.000000000000000000, -1.000000000000000000 ) ) ;
#3547 = EDGE_CURVE ( 'NONE', #2512, #1884, #5297, .T. ) ;
#3548 = LINE ( 'NONE', #4639, #343 ) ;
#3549 = ORIENTED_EDGE ( 'NONE', *, *, #4670, .T. ) ;
#3550 = DIRECTION ( 'NONE',  ( -0.000000000000000000, -0.000000000000000000, -1.000000000000000000 ) ) ;
#3551 = DIRECTION ( 'NONE',  ( -0.000000000000000000, 0.000000000000000000, 1.000000000000000000 ) ) ;
#3552 = VECTOR ( 'NONE', #3340, 1000.000000000000000 ) ;
#3553 = EDGE_CURVE ( 'NONE', #4781, #755, #1212, .T. ) ;
#3554 = EDGE_LOOP ( 'NONE', ( #2790, #4783 ) ) ;
#3555 = ORIENTED_EDGE ( 'NONE', *, *, #2532, .T. ) ;
#3556 = CIRCLE ( 'NONE', #1182, 3.250000000000016875 ) ;
#3557 = CARTESIAN_POINT ( 'NONE',  ( 26.00000000000000000, 115.9999999999999574, 0.000000000000000000 ) ) ;
#3558 = EDGE_CURVE ( 'NONE', #444, #5331, #1529, .T. ) ;
#3559 = DIRECTION ( 'NONE',  ( 0.000000000000000000, 1.000000000000000000, -0.000000000000000000 ) ) ;
#3560 = FACE_BOUND ( 'NONE', #3758, .T. ) ;
#3561 = LINE ( 'NONE', #568, #6131 ) ;
#3562 = CIRCLE ( 'NONE', #3121, 2.500000000000015987 ) ;
#3563 = EDGE_LOOP ( 'NONE', ( #2054, #6487, #3845, #5738 ) ) ;
#3564 = EDGE_LOOP ( 'NONE', ( #4683, #1794 ) ) ;
#3565 = DIRECTION ( 'NONE',  ( -1.000000000000000000, 0.000000000000000000, 0.000000000000000000 ) ) ;
#3566 = CARTESIAN_POINT ( 'NONE',  ( 13.00000000000001776, 72.00000000000001421, 1.224646799147356350E-17 ) ) ;
#3567 = AXIS2_PLACEMENT_3D ( 'NONE', #6010, #760, #4307 ) ;
#3568 = DIRECTION ( 'NONE',  ( -0.000000000000000000, -0.000000000000000000, -1.000000000000000000 ) ) ;
#3569 = VERTEX_POINT ( 'NONE', #2286 ) ;
#3570 = DIRECTION ( 'NONE',  ( -0.000000000000000000, -0.000000000000000000, -1.000000000000000000 ) ) ;
#3571 = AXIS2_PLACEMENT_3D ( 'NONE', #3717, #3163, #111 ) ;
#3572 = ORIENTED_EDGE ( 'NONE', *, *, #4124, .T. ) ;
#3573 = DIRECTION ( 'NONE',  ( 1.000000000000000000, 0.000000000000000000, 0.000000000000000000 ) ) ;
#3574 = ADVANCED_FACE ( 'NONE', ( #82 ), #2192, .F. ) ;
#3575 = FACE_OUTER_BOUND ( 'NONE', #4600, .T. ) ;
#3576 = CARTESIAN_POINT ( 'NONE',  ( -10.24999999999997513, 43.00000000000000000, 44.00000000000000000 ) ) ;
#3577 = EDGE_LOOP ( 'NONE', ( #1179, #1175, #5148, #2393 ) ) ;
#3578 = EDGE_LOOP ( 'NONE', ( #6119, #2815, #1346, #6080 ) ) ;
#3579 = VERTEX_POINT ( 'NONE', #694 ) ;
#3580 = AXIS2_PLACEMENT_3D ( 'NONE', #468, #1463, #6579 ) ;
#3581 = CARTESIAN_POINT ( 'NONE',  ( -26.99999999999998934, -4.000000000000001776, 44.00000000000000000 ) ) ;
#3582 = EDGE_CURVE ( 'NONE', #6417, #6186, #3274, .T. ) ;
#3583 = CYLINDRICAL_SURFACE ( 'NONE', #876, 1.750000000000008438 ) ;
#3584 = ORIENTED_EDGE ( 'NONE', *, *, #460, .T. ) ;
#3585 = FACE_OUTER_BOUND ( 'NONE', #2281, .T. ) ;
#3586 = CARTESIAN_POINT ( 'NONE',  ( 6.360652745248292417E-15, -45.00000000000001421, 0.000000000000000000 ) ) ;
#3587 = ADVANCED_FACE ( 'NONE', ( #2223 ), #728, .F. ) ;
#3588 = CIRCLE ( 'NONE', #4564, 4.000000000000003553 ) ;
#3589 = ORIENTED_EDGE ( 'NONE', *, *, #2295, .T. ) ;
#3590 = VERTEX_POINT ( 'NONE', #188 ) ;
#3591 = EDGE_CURVE ( 'NONE', #3669, #6113, #5875, .T. ) ;
#3592 = VECTOR ( 'NONE', #3869, 1000.000000000000000 ) ;
#3593 = CYLINDRICAL_SURFACE ( 'NONE', #4380, 2.100000000000011635 ) ;
#3594 = DIRECTION ( 'NONE',  ( -1.000000000000000000, 0.000000000000000000, 0.000000000000000000 ) ) ;
#3595 = CARTESIAN_POINT ( 'NONE',  ( 8.249999999999992895, -45.00000000000000711, 8.000000000000000000 ) ) ;
#3596 = DIRECTION ( 'NONE',  ( -0.000000000000000000, -0.000000000000000000, -1.000000000000000000 ) ) ;
#3597 = AXIS2_PLACEMENT_3D ( 'NONE', #1711, #2158, #1280 ) ;
#3598 = EDGE_LOOP ( 'NONE', ( #2596, #6528 ) ) ;
#3599 = CIRCLE ( 'NONE', #1206, 1.750000000000013767 ) ;
#3600 = EDGE_CURVE ( 'NONE', #153, #2926, #3279, .T. ) ;
#3601 = ORIENTED_EDGE ( 'NONE', *, *, #3879, .T. ) ;
#3602 = FACE_OUTER_BOUND ( 'NONE', #3314, .T. ) ;
#3603 = LINE ( 'NONE', #1023, #1008 ) ;
#3605 = DIRECTION ( 'NONE',  ( -0.000000000000000000, 0.000000000000000000, 1.000000000000000000 ) ) ;
#3604 = VECTOR ( 'NONE', #6445, 1000.000000000000000 ) ;
#3606 = VERTEX_POINT ( 'NONE', #6318 ) ;
#3607 = CARTESIAN_POINT ( 'NONE',  ( 6.999999999999990230, -35.00000000000000000, 4.000000000000003553 ) ) ;
#3608 = PLANE ( 'NONE',  #4936 ) ;
#3609 = AXIS2_PLACEMENT_3D ( 'NONE', #6635, #4040, #6127 ) ;
#3610 = EDGE_LOOP ( 'NONE', ( #4054, #4025, #3637, #1682 ) ) ;
#3611 = LINE ( 'NONE', #3126, #1364 ) ;
#3612 = DIRECTION ( 'NONE',  ( -0.000000000000000000, -0.000000000000000000, -1.000000000000000000 ) ) ;
#3613 = AXIS2_PLACEMENT_3D ( 'NONE', #3975, #4519, #3910 ) ;
#3614 = VECTOR ( 'NONE', #4638, 1000.000000000000000 ) ;
#3615 = DIRECTION ( 'NONE',  ( 0.000000000000000000, 1.000000000000000000, -0.000000000000000000 ) ) ;
#3616 = ORIENTED_EDGE ( 'NONE', *, *, #685, .F. ) ;
#3617 = VERTEX_POINT ( 'NONE', #1149 ) ;
#3618 = AXIS2_PLACEMENT_3D ( 'NONE', #1986, #6289, #4099 ) ;
#3619 = ORIENTED_EDGE ( 'NONE', *, *, #886, .F. ) ;
#3620 = LINE ( 'NONE', #5702, #1445 ) ;
#3621 = CARTESIAN_POINT ( 'NONE',  ( 10.00000000000000000, -21.50000000000001066, 8.000000000000001776 ) ) ;
#3622 = ORIENTED_EDGE ( 'NONE', *, *, #3600, .T. ) ;
#3623 = CARTESIAN_POINT ( 'NONE',  ( -106.4999999999999574, 116.4999999999999716, 0.000000000000000000 ) ) ;
#3624 = EDGE_CURVE ( 'NONE', #2768, #6229, #2076, .T. ) ;
#3625 = CARTESIAN_POINT ( 'NONE',  ( -104.9999999999999432, 116.4999999999999716, 8.000000000000000000 ) ) ;
#3626 = ORIENTED_EDGE ( 'NONE', *, *, #2990, .T. ) ;
#3627 = EDGE_LOOP ( 'NONE', ( #2981, #1558, #5407, #5535 ) ) ;
#3628 = AXIS2_PLACEMENT_3D ( 'NONE', #4207, #2600, #60 ) ;
#3629 = ADVANCED_FACE ( 'NONE', ( #624 ), #3759, .F. ) ;
#3630 = DIRECTION ( 'NONE',  ( -0.000000000000000000, -0.000000000000000000, 1.000000000000000000 ) ) ;
#3631 = EDGE_CURVE ( 'NONE', #5219, #61, #1330, .T. ) ;
#3632 = CARTESIAN_POINT ( 'NONE',  ( -48.49999999999995026, 116.4999999999999716, 8.000000000000000000 ) ) ;
#3633 = FACE_OUTER_BOUND ( 'NONE', #6271, .T. ) ;
#3634 = LINE ( 'NONE', #1121, #3520 ) ;
#3635 = AXIS2_PLACEMENT_3D ( 'NONE', #6087, #4966, #328 ) ;
#3636 = VERTEX_POINT ( 'NONE', #5844 ) ;
#3637 = ORIENTED_EDGE ( 'NONE', *, *, #5809, .T. ) ;
#3638 = DIRECTION ( 'NONE',  ( -0.000000000000000000, -0.000000000000000000, -1.000000000000000000 ) ) ;
#3639 = DIRECTION ( 'NONE',  ( -0.000000000000000000, -0.000000000000000000, -1.000000000000000000 ) ) ;
#3640 = AXIS2_PLACEMENT_3D ( 'NONE', #5287, #3681, #5727 ) ;
#3641 = DIRECTION ( 'NONE',  ( -0.000000000000000000, -0.000000000000000000, -1.000000000000000000 ) ) ;
#3642 = EDGE_LOOP ( 'NONE', ( #6383, #4190, #3510, #6208 ) ) ;
#3643 = FACE_OUTER_BOUND ( 'NONE', #4150, .T. ) ;
#3644 = FACE_BOUND ( 'NONE', #560, .T. ) ;
#3645 = EDGE_CURVE ( 'NONE', #4373, #2101, #2695, .T. ) ;
#3646 = CIRCLE ( 'NONE', #5064, 2.500000000000012434 ) ;
#3647 = VERTEX_POINT ( 'NONE', #3727 ) ;
#3648 = DIRECTION ( 'NONE',  ( -0.000000000000000000, -0.000000000000000000, -1.000000000000000000 ) ) ;
#3649 = PLANE ( 'NONE',  #4636 ) ;
#3650 = DIRECTION ( 'NONE',  ( 1.000000000000000000, 0.000000000000000000, 0.000000000000000000 ) ) ;
#3651 = EDGE_LOOP ( 'NONE', ( #3616, #6617 ) ) ;
#3652 = ORIENTED_EDGE ( 'NONE', *, *, #1968, .F. ) ;
#3653 = ORIENTED_EDGE ( 'NONE', *, *, #1630, .F. ) ;
#3654 = DIRECTION ( 'NONE',  ( -1.000000000000000000, 0.000000000000000000, 0.000000000000000000 ) ) ;
#3655 = CARTESIAN_POINT ( 'NONE',  ( -120.0000000000000568, 115.9999999999999574, 1.040834085586084257E-14 ) ) ;
#3656 = ORIENTED_EDGE ( 'NONE', *, *, #1231, .T. ) ;
#3657 = CARTESIAN_POINT ( 'NONE',  ( 60.00000000000000000, 0.000000000000000000, 8.000000000000000000 ) ) ;
#3658 = LINE ( 'NONE', #5298, #1073 ) ;
#3659 = ORIENTED_EDGE ( 'NONE', *, *, #5062, .F. ) ;
#3660 = AXIS2_PLACEMENT_3D ( 'NONE', #3783, #5325, #2280 ) ;
#3661 = ORIENTED_EDGE ( 'NONE', *, *, #4807, .F. ) ;
#3662 = FACE_OUTER_BOUND ( 'NONE', #2707, .T. ) ;
#3663 = AXIS2_PLACEMENT_3D ( 'NONE', #1403, #891, #5047 ) ;
#3664 = DIRECTION ( 'NONE',  ( -0.000000000000000000, -0.000000000000000000, 1.000000000000000000 ) ) ;
#3665 = CYLINDRICAL_SURFACE ( 'NONE', #1496, 1.750000000000011990 ) ;
#3666 = CARTESIAN_POINT ( 'NONE',  ( 53.00000000000000000, 8.500000000000007105, 0.000000000000000000 ) ) ;
#3667 = VERTEX_POINT ( 'NONE', #658 ) ;
#3668 = CIRCLE ( 'NONE', #4765, 1.750000000000001554 ) ;
#3669 = VERTEX_POINT ( 'NONE', #5812 ) ;
#3670 = FACE_BOUND ( 'NONE', #1208, .T. ) ;
#3671 = DIRECTION ( 'NONE',  ( 1.000000000000000000, 0.000000000000000000, 0.000000000000000000 ) ) ;
#3672 = EDGE_CURVE ( 'NONE', #2314, #6598, #4259, .T. ) ;
#3673 = CARTESIAN_POINT ( 'NONE',  ( 3.000000000000019540, -45.00000000000001421, -8.572527594031465301E-16 ) ) ;
#3674 = ORIENTED_EDGE ( 'NONE', *, *, #892, .T. ) ;
#3675 = CARTESIAN_POINT ( 'NONE',  ( -44.99999999999995737, 76.00000000000001421, 12.00000000000000000 ) ) ;
#3676 = AXIS2_PLACEMENT_3D ( 'NONE', #5032, #2972, #360 ) ;
#3677 = ORIENTED_EDGE ( 'NONE', *, *, #4583, .T. ) ;
#3678 = ADVANCED_FACE ( 'NONE', ( #1809 ), #3895, .F. ) ;
#3679 = ADVANCED_FACE ( 'NONE', ( #829 ), #3381, .F. ) ;
#3680 = VERTEX_POINT ( 'NONE', #6043 ) ;
#3681 = DIRECTION ( 'NONE',  ( -0.000000000000000000, -0.000000000000000000, 1.000000000000000000 ) ) ;
#3682 = EDGE_CURVE ( 'NONE', #2060, #3726, #2617, .T. ) ;
#3683 = CARTESIAN_POINT ( 'NONE',  ( -107.9999999999999716, 67.49999999999997158, 8.000000000000000000 ) ) ;
#3684 = PLANE ( 'NONE',  #4553 ) ;
#3685 = AXIS2_PLACEMENT_3D ( 'NONE', #4779, #3, #2616 ) ;
#3686 = ORIENTED_EDGE ( 'NONE', *, *, #2459, .T. ) ;
#3687 = VERTEX_POINT ( 'NONE', #867 ) ;
#3688 = ORIENTED_EDGE ( 'NONE', *, *, #3923, .F. ) ;
#3689 = DIRECTION ( 'NONE',  ( -1.000000000000000000, 0.000000000000000000, 0.000000000000000000 ) ) ;
#3690 = DIRECTION ( 'NONE',  ( 1.000000000000000000, 0.000000000000000000, 0.000000000000000000 ) ) ;
#3691 = ORIENTED_EDGE ( 'NONE', *, *, #1649, .F. ) ;
#3692 = DIRECTION ( 'NONE',  ( -0.000000000000000000, -0.000000000000000000, -1.000000000000000000 ) ) ;
#3693 = FACE_OUTER_BOUND ( 'NONE', #207, .T. ) ;
#3694 = ORIENTED_EDGE ( 'NONE', *, *, #6599, .T. ) ;
#3695 = EDGE_LOOP ( 'NONE', ( #5949, #6717 ) ) ;
#3696 = CARTESIAN_POINT ( 'NONE',  ( 10.00000000000000000, -21.50000000000001066, 4.000000000000000000 ) ) ;
#3697 = CARTESIAN_POINT ( 'NONE',  ( -29.99999999999997158, -54.75000000000002132, 4.000000000000000000 ) ) ;
#3698 = AXIS2_PLACEMENT_3D ( 'NONE', #1327, #2306, #1295 ) ;
#3699 = DIRECTION ( 'NONE',  ( -1.000000000000000000, 0.000000000000000000, 0.000000000000000000 ) ) ;
#3700 = DIRECTION ( 'NONE',  ( -1.000000000000000000, 0.000000000000000000, -0.000000000000000000 ) ) ;
#3701 = EDGE_LOOP ( 'NONE', ( #1296, #16, #3119, #3064 ) ) ;
#3702 = EDGE_CURVE ( 'NONE', #464, #4611, #5674, .T. ) ;
#3703 = VECTOR ( 'NONE', #5746, 1000.000000000000000 ) ;
#3704 = ORIENTED_EDGE ( 'NONE', *, *, #5807, .F. ) ;
#3705 = LINE ( 'NONE', #2568, #5580 ) ;
#3706 = DIRECTION ( 'NONE',  ( 1.000000000000000000, 0.000000000000000000, 0.000000000000000000 ) ) ;
#3707 = CARTESIAN_POINT ( 'NONE',  ( 53.00000000000000000, 8.500000000000007105, 3.000000000000000000 ) ) ;
#3708 = ORIENTED_EDGE ( 'NONE', *, *, #2144, .T. ) ;
#3709 = CARTESIAN_POINT ( 'NONE',  ( 10.00000000000000533, -35.00000000000000000, 4.000000000000003553 ) ) ;
#3710 = AXIS2_PLACEMENT_3D ( 'NONE', #3632, #3664, #4726 ) ;
#3711 = DIRECTION ( 'NONE',  ( -0.000000000000000000, -0.000000000000000000, -1.000000000000000000 ) ) ;
#3712 = VERTEX_POINT ( 'NONE', #1878 ) ;
#3713 = CIRCLE ( 'NONE', #4254, 1.500000000000015099 ) ;
#3714 = CARTESIAN_POINT ( 'NONE',  ( -25.24999999999999289, 64.00000000000000000, 44.00000000000000000 ) ) ;
#3715 = PLANE ( 'NONE',  #5305 ) ;
#3716 = EDGE_CURVE ( 'NONE', #3091, #5942, #1839, .T. ) ;
#3717 = CARTESIAN_POINT ( 'NONE',  ( 20.00000000000000355, -45.00000000000000711, -8.572527594031465301E-16 ) ) ;
#3718 = AXIS2_PLACEMENT_3D ( 'NONE', #650, #6343, #4359 ) ;
#3719 = VERTEX_POINT ( 'NONE', #255 ) ;
#3720 = ORIENTED_EDGE ( 'NONE', *, *, #2844, .T. ) ;
#3721 = ORIENTED_EDGE ( 'NONE', *, *, #6510, .F. ) ;
#3722 = CARTESIAN_POINT ( 'NONE',  ( 60.00000000000000000, 0.000000000000000000, 8.000000000000000000 ) ) ;
#3723 = AXIS2_PLACEMENT_3D ( 'NONE', #6736, #6158, #4144 ) ;
#3724 = AXIS2_PLACEMENT_3D ( 'NONE', #307, #5044, #2469 ) ;
#3725 = DIRECTION ( 'NONE',  ( -0.000000000000000000, -0.000000000000000000, 1.000000000000000000 ) ) ;
#3726 = VERTEX_POINT ( 'NONE', #2862 ) ;
#3727 = CARTESIAN_POINT ( 'NONE',  ( -120.0000000000000568, 115.9999999999999574, 8.000000000000000000 ) ) ;
#3728 = LINE ( 'NONE', #4164, #4223 ) ;
#3729 = ORIENTED_EDGE ( 'NONE', *, *, #4475, .F. ) ;
#3730 = VECTOR ( 'NONE', #1286, 1000.000000000000000 ) ;
#3731 = EDGE_CURVE ( 'NONE', #5485, #4672, #2930, .T. ) ;
#3732 = ORIENTED_EDGE ( 'NONE', *, *, #2128, .F. ) ;
#3733 = CARTESIAN_POINT ( 'NONE',  ( -11.99999999999998579, 43.00000000000000000, 44.00000000000000000 ) ) ;
#3734 = DIRECTION ( 'NONE',  ( -0.000000000000000000, -0.000000000000000000, -1.000000000000000000 ) ) ;
#3735 = FACE_OUTER_BOUND ( 'NONE', #3013, .T. ) ;
#3736 = CARTESIAN_POINT ( 'NONE',  ( -108.9999999999999716, 67.49999999999997158, 3.000000000000000000 ) ) ;
#3737 = EDGE_LOOP ( 'NONE', ( #4474, #5054 ) ) ;
#3738 = VECTOR ( 'NONE', #5275, 1000.000000000000000 ) ;
#3739 = EDGE_LOOP ( 'NONE', ( #5317, #3229 ) ) ;
#3740 = DIRECTION ( 'NONE',  ( 1.000000000000000000, 0.000000000000000000, 0.000000000000000000 ) ) ;
#3741 = DIRECTION ( 'NONE',  ( 0.000000000000000000, 1.000000000000000000, -0.000000000000000000 ) ) ;
#3742 = DIRECTION ( 'NONE',  ( 1.000000000000000000, 0.000000000000000000, -0.000000000000000000 ) ) ;
#3743 = EDGE_LOOP ( 'NONE', ( #6163, #4607 ) ) ;
#3744 = DIRECTION ( 'NONE',  ( -1.000000000000000000, 0.000000000000000000, 0.000000000000000000 ) ) ;
#3745 = AXIS2_PLACEMENT_3D ( 'NONE', #3894, #4985, #3788 ) ;
#3746 = DIRECTION ( 'NONE',  ( -0.000000000000000000, -0.000000000000000000, -1.000000000000000000 ) ) ;
#3747 = ORIENTED_EDGE ( 'NONE', *, *, #505, .F. ) ;
#3748 = AXIS2_PLACEMENT_3D ( 'NONE', #2754, #4878, #2719 ) ;
#3749 = DIRECTION ( 'NONE',  ( -0.000000000000000000, -0.000000000000000000, -1.000000000000000000 ) ) ;
#3750 = ADVANCED_FACE ( 'NONE', ( #4956 ), #5570, .F. ) ;
#3751 = CARTESIAN_POINT ( 'NONE',  ( 5.999999999999970690, 51.50000000000000711, 1.224646799147353454E-16 ) ) ;
#3752 = LINE ( 'NONE', #1602, #1705 ) ;
#3753 = AXIS2_PLACEMENT_3D ( 'NONE', #6512, #3851, #5324 ) ;
#3754 = VERTEX_POINT ( 'NONE', #6008 ) ;
#3755 = ORIENTED_EDGE ( 'NONE', *, *, #6384, .F. ) ;
#3756 = ORIENTED_EDGE ( 'NONE', *, *, #1630, .T. ) ;
#3757 = EDGE_CURVE ( 'NONE', #1051, #3394, #5901, .T. ) ;
#3758 = EDGE_LOOP ( 'NONE', ( #3986, #1285 ) ) ;
#3759 = CYLINDRICAL_SURFACE ( 'NONE', #3280, 1.250000000000015099 ) ;
#3760 = DIRECTION ( 'NONE',  ( -0.000000000000000000, -0.000000000000000000, 1.000000000000000000 ) ) ;
#3761 = ORIENTED_EDGE ( 'NONE', *, *, #4111, .F. ) ;
#3762 = EDGE_CURVE ( 'NONE', #2028, #1077, #5242, .T. ) ;
#3763 = EDGE_LOOP ( 'NONE', ( #2549, #609, #1773, #1521 ) ) ;
#3764 = ADVANCED_FACE ( 'NONE', ( #4504 ), #3445, .F. ) ;
#3765 = DIRECTION ( 'NONE',  ( 1.000000000000000000, 0.000000000000000000, 0.000000000000000000 ) ) ;
#3766 = ADVANCED_FACE ( 'NONE', ( #3927, #1344 ), #6524, .F. ) ;
#3767 = CARTESIAN_POINT ( 'NONE',  ( 8.249999999999989342, -5.000000000000004441, 8.000000000000000000 ) ) ;
#3768 = LINE ( 'NONE', #1190, #520 ) ;
#3769 = CARTESIAN_POINT ( 'NONE',  ( 20.00000000000000355, -35.00000000000000000, 8.000000000000000000 ) ) ;
#3770 = EDGE_LOOP ( 'NONE', ( #2898, #1232, #3072, #2384 ) ) ;
#3771 = CARTESIAN_POINT ( 'NONE',  ( 30.00000000000000000, -56.00000000000002132, 0.000000000000000000 ) ) ;
#3772 = CIRCLE ( 'NONE', #1279, 1.750000000000015543 ) ;
#3773 = DIRECTION ( 'NONE',  ( -1.000000000000000000, 0.000000000000000000, 0.000000000000000000 ) ) ;
#3774 = DIRECTION ( 'NONE',  ( -1.000000000000000000, 0.000000000000000000, 0.000000000000000000 ) ) ;
#3775 = ORIENTED_EDGE ( 'NONE', *, *, #386, .F. ) ;
#3776 = CARTESIAN_POINT ( 'NONE',  ( 26.00000000000000000, 115.9999999999999574, 8.000000000000000000 ) ) ;
#3777 = FACE_BOUND ( 'NONE', #5507, .T. ) ;
#3778 = AXIS2_PLACEMENT_3D ( 'NONE', #2148, #3162, #5395 ) ;
#3779 = ORIENTED_EDGE ( 'NONE', *, *, #6582, .F. ) ;
#3780 = CARTESIAN_POINT ( 'NONE',  ( 10.00000000000000355, -5.000000000000004441, 8.000000000000000000 ) ) ;
#3781 = LINE ( 'NONE', #2316, #597 ) ;
#3782 = CIRCLE ( 'NONE', #2151, 3.000000000000013767 ) ;
#3783 = CARTESIAN_POINT ( 'NONE',  ( 20.00000000000000355, -55.00000000000000711, 4.000000000000003553 ) ) ;
#3784 = ORIENTED_EDGE ( 'NONE', *, *, #184, .F. ) ;
#3785 = AXIS2_PLACEMENT_3D ( 'NONE', #1584, #4727, #5747 ) ;
#3786 = ORIENTED_EDGE ( 'NONE', *, *, #6429, .T. ) ;
#3787 = ORIENTED_EDGE ( 'NONE', *, *, #236, .F. ) ;
#3788 = DIRECTION ( 'NONE',  ( -1.000000000000000000, 0.000000000000000000, 0.000000000000000000 ) ) ;
#3789 = AXIS2_PLACEMENT_3D ( 'NONE', #941, #3969, #3002 ) ;
#3790 = CARTESIAN_POINT ( 'NONE',  ( -22.99999999999998579, 108.0000000000000142, 4.000000000000000000 ) ) ;
#3791 = CARTESIAN_POINT ( 'NONE',  ( 15.10000000000002451, 108.0000000000000142, 4.000000000000000000 ) ) ;
#3792 = ORIENTED_EDGE ( 'NONE', *, *, #463, .F. ) ;
#3793 = VERTEX_POINT ( 'NONE', #4469 ) ;
#3794 = EDGE_CURVE ( 'NONE', #4494, #1617, #5028, .T. ) ;
#3795 = AXIS2_PLACEMENT_3D ( 'NONE', #1100, #74, #2651 ) ;
#3796 = LINE ( 'NONE', #3286, #5042 ) ;
#3797 = FACE_BOUND ( 'NONE', #1152, .T. ) ;
#3798 = EDGE_CURVE ( 'NONE', #3754, #3180, #2841, .T. ) ;
#3799 = CYLINDRICAL_SURFACE ( 'NONE', #771, 1.750000000000015543 ) ;
#3800 = DIRECTION ( 'NONE',  ( -1.000000000000000000, 0.000000000000000000, 0.000000000000000000 ) ) ;
#3801 = ADVANCED_FACE ( 'NONE', ( #5834 ), #3883, .F. ) ;
#3802 = FACE_BOUND ( 'NONE', #831, .T. ) ;
#3803 = EDGE_CURVE ( 'NONE', #105, #1992, #785, .T. ) ;
#3804 = ORIENTED_EDGE ( 'NONE', *, *, #2998, .T. ) ;
#3805 = EDGE_CURVE ( 'NONE', #1109, #1913, #2718, .T. ) ;
#3806 = CARTESIAN_POINT ( 'NONE',  ( 6.360652745248292417E-15, -45.00000000000001421, 8.000000000000000000 ) ) ;
#3807 = AXIS2_PLACEMENT_3D ( 'NONE', #969, #5225, #4676 ) ;
#3808 = CYLINDRICAL_SURFACE ( 'NONE', #4269, 3.000000000000012879 ) ;
#3809 = DIRECTION ( 'NONE',  ( -0.000000000000000000, -0.000000000000000000, -1.000000000000000000 ) ) ;
#3810 = ORIENTED_EDGE ( 'NONE', *, *, #2132, .F. ) ;
#3811 = CARTESIAN_POINT ( 'NONE',  ( 10.00000000000000533, -45.00000000000000711, 8.000000000000000000 ) ) ;
#3812 = FACE_BOUND ( 'NONE', #3737, .T. ) ;
#3813 = EDGE_CURVE ( 'NONE', #2307, #4364, #19, .T. ) ;
#3814 = VECTOR ( 'NONE', #1954, 1000.000000000000000 ) ;
#3815 = EDGE_CURVE ( 'NONE', #1130, #4566, #5322, .T. ) ;
#3816 = ORIENTED_EDGE ( 'NONE', *, *, #1557, .F. ) ;
#3817 = CARTESIAN_POINT ( 'NONE',  ( -8.000000000000085265, 1.040834085586094354E-14, 44.00000000000000000 ) ) ;
#3818 = LINE ( 'NONE', #4398, #2979 ) ;
#3819 = AXIS2_PLACEMENT_3D ( 'NONE', #3042, #600, #5235 ) ;
#3820 = DIRECTION ( 'NONE',  ( -1.000000000000000000, 0.000000000000000000, 0.000000000000000000 ) ) ;
#3821 = ORIENTED_EDGE ( 'NONE', *, *, #466, .T. ) ;
#3822 = EDGE_LOOP ( 'NONE', ( #1292, #4114 ) ) ;
#3823 = ORIENTED_EDGE ( 'NONE', *, *, #5935, .T. ) ;
#3824 = CYLINDRICAL_SURFACE ( 'NONE', #475, 1.750000000000011990 ) ;
#3825 = DIRECTION ( 'NONE',  ( -0.000000000000000000, -0.000000000000000000, 1.000000000000000000 ) ) ;
#3826 = VECTOR ( 'NONE', #4336, 1000.000000000000000 ) ;
#3827 = DIRECTION ( 'NONE',  ( 1.000000000000000000, 0.000000000000000000, -0.000000000000000000 ) ) ;
#3828 = ORIENTED_EDGE ( 'NONE', *, *, #316, .F. ) ;
#3829 = ORIENTED_EDGE ( 'NONE', *, *, #2884, .F. ) ;
#3830 = CIRCLE ( 'NONE', #3393, 2.100000000000013411 ) ;
#3831 = DIRECTION ( 'NONE',  ( -1.000000000000000000, 0.000000000000000000, 0.000000000000000000 ) ) ;
#3832 = DIRECTION ( 'NONE',  ( 1.000000000000000000, 0.000000000000000000, 0.000000000000000000 ) ) ;
#3833 = FILL_AREA_STYLE_COLOUR ( '', #5233 ) ;
#3834 = CARTESIAN_POINT ( 'NONE',  ( -40.99999999999995026, 104.0000000000000142, 16.00000000000000000 ) ) ;
#3835 = AXIS2_PLACEMENT_3D ( 'NONE', #5382, #5860, #6472 ) ;
#3836 = CIRCLE ( 'NONE', #4707, 1.500000000000015099 ) ;
#3837 = DIRECTION ( 'NONE',  ( -0.000000000000000000, -0.000000000000000000, -1.000000000000000000 ) ) ;
#3838 = ORIENTED_EDGE ( 'NONE', *, *, #5178, .F. ) ;
#3839 = AXIS2_PLACEMENT_3D ( 'NONE', #1446, #2590, #2048 ) ;
#3840 = CARTESIAN_POINT ( 'NONE',  ( 16.99999999999998934, -55.00000000000000711, 0.000000000000000000 ) ) ;
#3841 = EDGE_CURVE ( 'NONE', #974, #3354, #6111, .T. ) ;
#3842 = FACE_OUTER_BOUND ( 'NONE', #4410, .T. ) ;
#3843 = DIRECTION ( 'NONE',  ( 1.000000000000000000, 0.000000000000000000, 0.000000000000000000 ) ) ;
#3844 = EDGE_CURVE ( 'NONE', #6229, #5155, #1734, .T. ) ;
#3845 = ORIENTED_EDGE ( 'NONE', *, *, #3380, .T. ) ;
#3846 = CARTESIAN_POINT ( 'NONE',  ( 51.49999999999998579, 51.50000000000000711, 3.000000000000000000 ) ) ;
#3847 = FACE_BOUND ( 'NONE', #3133, .T. ) ;
#3848 = VECTOR ( 'NONE', #647, 1000.000000000000000 ) ;
#3849 = VERTEX_POINT ( 'NONE', #143 ) ;
#3850 = CARTESIAN_POINT ( 'NONE',  ( 10.00000000000000355, -5.000000000000004441, 8.000000000000000000 ) ) ;
#3851 = DIRECTION ( 'NONE',  ( -0.000000000000000000, -0.000000000000000000, -1.000000000000000000 ) ) ;
#3852 = AXIS2_PLACEMENT_3D ( 'NONE', #2495, #851, #1899 ) ;
#3853 = CARTESIAN_POINT ( 'NONE',  ( -29.99999999999997158, -14.75000000000001243, 1.836970198721029688E-16 ) ) ;
#3854 = DIRECTION ( 'NONE',  ( -0.000000000000000000, -0.000000000000000000, 1.000000000000000000 ) ) ;
#3855 = EDGE_CURVE ( 'NONE', #4165, #3569, #2214, .T. ) ;
#3856 = EDGE_LOOP ( 'NONE', ( #3402, #691, #6689, #800 ) ) ;
#3857 = ORIENTED_EDGE ( 'NONE', *, *, #3463, .T. ) ;
#3858 = ORIENTED_EDGE ( 'NONE', *, *, #1470, .T. ) ;
#3859 = LINE ( 'NONE', #693, #1676 ) ;
#3860 = AXIS2_PLACEMENT_3D ( 'NONE', #6001, #686, #4846 ) ;
#3861 = DIRECTION ( 'NONE',  ( 1.000000000000000000, 0.000000000000000000, 0.000000000000000000 ) ) ;
#3862 = CARTESIAN_POINT ( 'NONE',  ( 6.938893903907228378E-15, -55.00000000000001421, 4.000000000000003553 ) ) ;
#3863 = ORIENTED_EDGE ( 'NONE', *, *, #6045, .T. ) ;
#3864 = VERTEX_POINT ( 'NONE', #4397 ) ;
#3865 = AXIS2_PLACEMENT_3D ( 'NONE', #65, #6701, #99 ) ;
#3866 = ORIENTED_EDGE ( 'NONE', *, *, #6308, .T. ) ;
#3867 = DIRECTION ( 'NONE',  ( -0.000000000000000000, -0.000000000000000000, 1.000000000000000000 ) ) ;
#3868 = DIRECTION ( 'NONE',  ( -0.000000000000000000, -0.000000000000000000, 1.000000000000000000 ) ) ;
#3869 = DIRECTION ( 'NONE',  ( -0.000000000000000000, -0.000000000000000000, 1.000000000000000000 ) ) ;
#3870 = CARTESIAN_POINT ( 'NONE',  ( -26.99999999999998934, -4.000000000000001776, 44.00000000000000000 ) ) ;
#3871 = CARTESIAN_POINT ( 'NONE',  ( 34.00000000000000000, 0.000000000000000000, 8.000000000000000000 ) ) ;
#3872 = EDGE_LOOP ( 'NONE', ( #3779, #4805, #6088, #1519 ) ) ;
#3873 = DIRECTION ( 'NONE',  ( 1.000000000000000000, 8.673617379884026597E-16, -0.000000000000000000 ) ) ;
#3874 = EDGE_CURVE ( 'NONE', #3636, #501, #4295, .T. ) ;
#3875 = CARTESIAN_POINT ( 'NONE',  ( -35.99999999999999289, 0.000000000000000000, 8.000000000000000000 ) ) ;
#3876 = CARTESIAN_POINT ( 'NONE',  ( -110.7499999999999574, -14.75000000000001243, 4.000000000000000000 ) ) ;
#3877 = ORIENTED_EDGE ( 'NONE', *, *, #4675, .F. ) ;
#3878 = CARTESIAN_POINT ( 'NONE',  ( -44.99999999999995737, 63.99999999999991473, 8.000000000000000000 ) ) ;
#3879 = EDGE_CURVE ( 'NONE', #3180, #3754, #3496, .T. ) ;
#3880 = DIRECTION ( 'NONE',  ( 1.000000000000000000, 0.000000000000000000, 0.000000000000000000 ) ) ;
#3881 = AXIS2_PLACEMENT_3D ( 'NONE', #803, #1749, #4963 ) ;
#3882 = ORIENTED_EDGE ( 'NONE', *, *, #5272, .F. ) ;
#3883 = CYLINDRICAL_SURFACE ( 'NONE', #3718, 1.500000000000015099 ) ;
#3884 = LINE ( 'NONE', #3235, #5397 ) ;
#3885 = EDGE_CURVE ( 'NONE', #2005, #6722, #5867, .T. ) ;
#3886 = DIRECTION ( 'NONE',  ( 0.000000000000000000, -0.7071067811865521247, 0.7071067811865430208 ) ) ;
#3887 = DIRECTION ( 'NONE',  ( -1.000000000000000000, 0.000000000000000000, 0.000000000000000000 ) ) ;
#3888 = AXIS2_PLACEMENT_3D ( 'NONE', #4915, #6549, #2857 ) ;
#3889 = EDGE_CURVE ( 'NONE', #122, #1893, #245, .T. ) ;
#3890 = EDGE_LOOP ( 'NONE', ( #4891, #4097, #3956, #6665, #4127, #2289, #4620, #173, #4592, #3804, #1035, #1740 ) ) ;
#3891 = VERTEX_POINT ( 'NONE', #4845 ) ;
#3892 = VECTOR ( 'NONE', #429, 1000.000000000000000 ) ;
#3893 = EDGE_CURVE ( 'NONE', #4477, #4771, #4035, .T. ) ;
#3894 = CARTESIAN_POINT ( 'NONE',  ( 26.00000000000000000, 115.9999999999999574, 0.000000000000000000 ) ) ;
#3895 = CYLINDRICAL_SURFACE ( 'NONE', #129, 3.000000000000012879 ) ;
#3896 = CARTESIAN_POINT ( 'NONE',  ( -29.99999999999998934, -8.000000000000001776, 44.00000000000000000 ) ) ;
#3897 = CIRCLE ( 'NONE', #5541, 3.000000000000012879 ) ;
#3898 = VERTEX_POINT ( 'NONE', #684 ) ;
#3899 = ORIENTED_EDGE ( 'NONE', *, *, #1267, .T. ) ;
#3900 = ORIENTED_EDGE ( 'NONE', *, *, #4000, .T. ) ;
#3901 = VECTOR ( 'NONE', #4957, 1000.000000000000000 ) ;
#3902 = FACE_BOUND ( 'NONE', #297, .T. ) ;
#3903 = CARTESIAN_POINT ( 'NONE',  ( -119.9999999999999858, 0.000000000000000000, 44.00000000000000000 ) ) ;
#3904 = CARTESIAN_POINT ( 'NONE',  ( -44.99999999999995737, 80.00000000000000000, 16.00000000000000000 ) ) ;
#3905 = DIRECTION ( 'NONE',  ( -1.000000000000000000, 0.000000000000000000, 0.000000000000000000 ) ) ;
#3906 = CARTESIAN_POINT ( 'NONE',  ( 8.499999999999984013, 8.500000000000007105, 0.000000000000000000 ) ) ;
#3907 = AXIS2_PLACEMENT_3D ( 'NONE', #1066, #3060, #3650 ) ;
#3908 = VERTEX_POINT ( 'NONE', #2753 ) ;
#3909 = DIRECTION ( 'NONE',  ( 1.000000000000000000, 0.000000000000000000, 0.000000000000000000 ) ) ;
#3910 = DIRECTION ( 'NONE',  ( -1.000000000000000000, 0.000000000000000000, 0.000000000000000000 ) ) ;
#3911 = DIRECTION ( 'NONE',  ( -0.000000000000000000, -0.000000000000000000, -1.000000000000000000 ) ) ;
#3912 = FACE_OUTER_BOUND ( 'NONE', #864, .T. ) ;
#3913 = FACE_BOUND ( 'NONE', #2365, .T. ) ;
#3914 = CIRCLE ( 'NONE', #1856, 2.500000000000012434 ) ;
#3915 = ORIENTED_EDGE ( 'NONE', *, *, #4503, .T. ) ;
#3916 = LINE ( 'NONE', #2440, #2197 ) ;
#3917 = DIRECTION ( 'NONE',  ( -0.000000000000000000, -0.000000000000000000, -1.000000000000000000 ) ) ;
#3918 = CARTESIAN_POINT ( 'NONE',  ( 10.00000000000000533, -55.00000000000000711, 8.000000000000000000 ) ) ;
#3919 = DIRECTION ( 'NONE',  ( -1.000000000000000000, 0.000000000000000000, 0.000000000000000000 ) ) ;
#3920 = AXIS2_PLACEMENT_3D ( 'NONE', #6737, #4146, #3742 ) ;
#3921 = EDGE_LOOP ( 'NONE', ( #4391, #284, #6401, #1930 ) ) ;
#3922 = ORIENTED_EDGE ( 'NONE', *, *, #6051, .T. ) ;
#3923 = EDGE_CURVE ( 'NONE', #6175, #4702, #786, .T. ) ;
#3924 = CIRCLE ( 'NONE', #4361, 3.000000000000012879 ) ;
#3925 = DIRECTION ( 'NONE',  ( -0.000000000000000000, -0.000000000000000000, -1.000000000000000000 ) ) ;
#3926 = EDGE_CURVE ( 'NONE', #2170, #3047, #1238, .T. ) ;
#3927 = FACE_OUTER_BOUND ( 'NONE', #1207, .T. ) ;
#3928 = FACE_OUTER_BOUND ( 'NONE', #2965, .T. ) ;
#3929 = AXIS2_PLACEMENT_3D ( 'NONE', #1683, #3825, #119 ) ;
#3930 = ORIENTED_EDGE ( 'NONE', *, *, #463, .T. ) ;
#3931 = ORIENTED_EDGE ( 'NONE', *, *, #396, .T. ) ;
#3932 = ORIENTED_EDGE ( 'NONE', *, *, #1101, .T. ) ;
#3933 = DIRECTION ( 'NONE',  ( -1.000000000000000000, 0.000000000000000000, -0.000000000000000000 ) ) ;
#3934 = CARTESIAN_POINT ( 'NONE',  ( -44.99999999999988631, -3.903127820947805865E-14, 16.00000000000000000 ) ) ;
#3935 = CARTESIAN_POINT ( 'NONE',  ( 20.00000000000000355, -55.00000000000000711, 4.000000000000003553 ) ) ;
#3936 = DIRECTION ( 'NONE',  ( -0.000000000000000000, -0.000000000000000000, -1.000000000000000000 ) ) ;
#3937 = ADVANCED_FACE ( 'NONE', ( #5392 ), #244, .F. ) ;
#3938 = CYLINDRICAL_SURFACE ( 'NONE', #1894, 3.000000000000013767 ) ;
#3939 = ORIENTED_EDGE ( 'NONE', *, *, #426, .F. ) ;
#3940 = CARTESIAN_POINT ( 'NONE',  ( 20.00000000000000000, -5.000000000000004441, -8.572527594031465301E-16 ) ) ;
#3941 = DIRECTION ( 'NONE',  ( -0.000000000000000000, -0.000000000000000000, -1.000000000000000000 ) ) ;
#3943 = DIRECTION ( 'NONE',  ( 0.000000000000000000, 0.000000000000000000, 1.000000000000000000 ) ) ;
#3942 = CIRCLE ( 'NONE', #1547, 3.000000000000012879 ) ;
#3944 = LINE ( 'NONE', #6539, #1391 ) ;
#3945 = PRODUCT_CONTEXT ( 'NONE', #6374, 'mechanical' ) ;
#3946 = CARTESIAN_POINT ( 'NONE',  ( -106.4999999999999574, 116.4999999999999716, 1.224646799147353454E-16 ) ) ;
#3947 = AXIS2_PLACEMENT_3D ( 'NONE', #4065, #2094, #6223 ) ;
#3948 = EDGE_LOOP ( 'NONE', ( #5907, #2162, #1305, #52, #3344, #5226 ) ) ;
#3949 = CYLINDRICAL_SURFACE ( 'NONE', #567, 3.000000000000012879 ) ;
#3950 = CARTESIAN_POINT ( 'NONE',  ( 6.360652745248292417E-15, -45.00000000000001421, 4.000000000000003553 ) ) ;
#3951 = CARTESIAN_POINT ( 'NONE',  ( 10.00000000000000533, -45.00000000000000711, -8.572527594031465301E-16 ) ) ;
#3952 = VERTEX_POINT ( 'NONE', #3371 ) ;
#3953 = FACE_OUTER_BOUND ( 'NONE', #5176, .T. ) ;
#3954 = AXIS2_PLACEMENT_3D ( 'NONE', #1201, #3231, #2212 ) ;
#3955 = UNCERTAINTY_MEASURE_WITH_UNIT (LENGTH_MEASURE( 1.000000000000000082E-05 ), #5031, 'distance_accuracy_value', 'NONE');
#3956 = ORIENTED_EDGE ( 'NONE', *, *, #886, .T. ) ;
#3957 = ORIENTED_EDGE ( 'NONE', *, *, #5488, .T. ) ;
#3958 = VECTOR ( 'NONE', #6732, 1000.000000000000000 ) ;
#3959 = DIRECTION ( 'NONE',  ( 1.000000000000000000, 0.000000000000000000, 0.000000000000000000 ) ) ;
#3960 = DIRECTION ( 'NONE',  ( 1.000000000000000000, 0.000000000000000000, -0.000000000000000000 ) ) ;
#3961 = DIRECTION ( 'NONE',  ( -0.000000000000000000, -0.000000000000000000, 1.000000000000000000 ) ) ;
#3962 = EDGE_LOOP ( 'NONE', ( #5418, #1738, #5772, #869 ) ) ;
#3963 = EDGE_CURVE ( 'NONE', #3590, #258, #2505, .T. ) ;
#3964 = ORIENTED_EDGE ( 'NONE', *, *, #1497, .F. ) ;
#3965 = EDGE_LOOP ( 'NONE', ( #3626, #2011 ) ) ;
#3966 = FACE_BOUND ( 'NONE', #3743, .T. ) ;
#3967 = FACE_OUTER_BOUND ( 'NONE', #12, .T. ) ;
#3968 = FACE_BOUND ( 'NONE', #1880, .T. ) ;
#3969 = DIRECTION ( 'NONE',  ( 0.000000000000000000, 0.000000000000000000, 1.000000000000000000 ) ) ;
#3970 = DIRECTION ( 'NONE',  ( -0.000000000000000000, -0.000000000000000000, -1.000000000000000000 ) ) ;
#3971 = CIRCLE ( 'NONE', #1367, 3.250000000000016875 ) ;
#3972 = ADVANCED_FACE ( 'NONE', ( #5010 ), #5561, .F. ) ;
#3973 = VERTEX_POINT ( 'NONE', #1460 ) ;
#3974 = ADVANCED_FACE ( 'NONE', ( #2377 ), #1368, .F. ) ;
#3975 = CARTESIAN_POINT ( 'NONE',  ( -29.99999999999997158, -54.75000000000002132, 0.000000000000000000 ) ) ;
#3976 = CARTESIAN_POINT ( 'NONE',  ( 20.00000000000000355, -55.00000000000000711, 8.000000000000000000 ) ) ;
#3977 = CARTESIAN_POINT ( 'NONE',  ( 6.938893903907228378E-15, -55.00000000000001421, 4.000000000000003553 ) ) ;
#3978 = APPLICATION_PROTOCOL_DEFINITION ( 'draft international standard', 'automotive_design', 1998, #6374 ) ;
#3979 = FACE_OUTER_BOUND ( 'NONE', #5230, .T. ) ;
#3980 = VERTEX_POINT ( 'NONE', #1830 ) ;
#3981 = LINE ( 'NONE', #6096, #1759 ) ;
#3982 = CARTESIAN_POINT ( 'NONE',  ( 18.24999999999998934, -55.00000000000000711, 8.000000000000000000 ) ) ;
#3983 = CYLINDRICAL_SURFACE ( 'NONE', #6201, 1.750000000000013767 ) ;
#3984 = DIRECTION ( 'NONE',  ( 0.000000000000000000, -0.000000000000000000, -1.000000000000000000 ) ) ;
#3985 = AXIS2_PLACEMENT_3D ( 'NONE', #324, #6564, #4705 ) ;
#3986 = ORIENTED_EDGE ( 'NONE', *, *, #3582, .F. ) ;
#3987 = DIRECTION ( 'NONE',  ( -0.000000000000000000, -0.000000000000000000, -1.000000000000000000 ) ) ;
#3988 = CIRCLE ( 'NONE', #5533, 1.250000000000013323 ) ;
#3989 = CARTESIAN_POINT ( 'NONE',  ( -11.99999999999998579, 43.00000000000000000, 44.00000000000000000 ) ) ;
#3990 = DIRECTION ( 'NONE',  ( 1.000000000000000000, 0.000000000000000000, 0.000000000000000000 ) ) ;
#3991 = ORIENTED_EDGE ( 'NONE', *, *, #273, .F. ) ;
#3992 = AXIS2_PLACEMENT_3D ( 'NONE', #2913, #1328, #2405 ) ;
#3993 = EDGE_LOOP ( 'NONE', ( #4252, #2821, #5878, #1627 ) ) ;
#3994 = ORIENTED_EDGE ( 'NONE', *, *, #811, .F. ) ;
#3995 = DIRECTION ( 'NONE',  ( 8.673617379884026597E-16, -1.000000000000000000, 0.000000000000000000 ) ) ;
#3996 = CIRCLE ( 'NONE', #4219, 1.750000000000001554 ) ;
#3997 = ORIENTED_EDGE ( 'NONE', *, *, #5302, .F. ) ;
#3998 = CARTESIAN_POINT ( 'NONE',  ( 51.49999999999998579, 51.50000000000000711, 0.000000000000000000 ) ) ;
#3999 = DIRECTION ( 'NONE',  ( 1.000000000000000000, 0.000000000000000000, 0.000000000000000000 ) ) ;
#4000 = EDGE_CURVE ( 'NONE', #4843, #4974, #3916, .T. ) ;
#4001 = CARTESIAN_POINT ( 'NONE',  ( -11.00000000000000178, 68.00000000000000000, 44.00000000000000000 ) ) ;
#4002 = ORIENTED_EDGE ( 'NONE', *, *, #4535, .F. ) ;
#4003 = VECTOR ( 'NONE', #3760, 1000.000000000000000 ) ;
#4004 = EDGE_CURVE ( 'NONE', #5379, #5258, #4012, .T. ) ;
#4005 = DIRECTION ( 'NONE',  ( -0.000000000000000000, -0.000000000000000000, -1.000000000000000000 ) ) ;
#4006 = CARTESIAN_POINT ( 'NONE',  ( 26.00000000000001066, 119.9999999999999716, 0.000000000000000000 ) ) ;
#4007 = DIRECTION ( 'NONE',  ( -1.000000000000000000, 0.000000000000000000, 0.000000000000000000 ) ) ;
#4008 = EDGE_CURVE ( 'NONE', #4916, #4156, #3981, .T. ) ;
#4009 = FACE_OUTER_BOUND ( 'NONE', #5608, .T. ) ;
#4010 = EDGE_CURVE ( 'NONE', #1472, #2867, #134, .T. ) ;
#4011 = VERTEX_POINT ( 'NONE', #4526 ) ;
#4012 = LINE ( 'NONE', #4427, #2510 ) ;
#4013 = CIRCLE ( 'NONE', #4228, 1.250000000000011546 ) ;
#4014 = CARTESIAN_POINT ( 'NONE',  ( -103.9999999999999432, 67.49999999999997158, 0.000000000000000000 ) ) ;
#4015 = DIRECTION ( 'NONE',  ( -0.000000000000000000, -0.000000000000000000, 1.000000000000000000 ) ) ;
#4016 = ORIENTED_EDGE ( 'NONE', *, *, #6640, .T. ) ;
#4017 = CARTESIAN_POINT ( 'NONE',  ( 10.00000000000000533, -55.00000000000000711, 4.000000000000003553 ) ) ;
#4018 = EDGE_CURVE ( 'NONE', #456, #3353, #3532, .T. ) ;
#4019 = ORIENTED_EDGE ( 'NONE', *, *, #3508, .F. ) ;
#4020 = CARTESIAN_POINT ( 'NONE',  ( 10.00000000000000533, -45.00000000000000711, 8.000000000000000000 ) ) ;
#4021 = DIRECTION ( 'NONE',  ( -1.000000000000000000, 0.000000000000000000, 0.000000000000000000 ) ) ;
#4022 = ORIENTED_EDGE ( 'NONE', *, *, #3159, .T. ) ;
#4023 = AXIS2_PLACEMENT_3D ( 'NONE', #1729, #3809, #3774 ) ;
#4024 = VERTEX_POINT ( 'NONE', #3501 ) ;
#4025 = ORIENTED_EDGE ( 'NONE', *, *, #5983, .T. ) ;
#4026 = FACE_BOUND ( 'NONE', #4893, .T. ) ;
#4027 = ORIENTED_EDGE ( 'NONE', *, *, #2340, .T. ) ;
#4028 = LINE ( 'NONE', #5089, #2834 ) ;
#4029 = DIRECTION ( 'NONE',  ( 0.000000000000000000, 0.000000000000000000, -1.000000000000000000 ) ) ;
#4030 = DIRECTION ( 'NONE',  ( -0.000000000000000000, -0.000000000000000000, 1.000000000000000000 ) ) ;
#4031 = EDGE_LOOP ( 'NONE', ( #3732, #531, #3166, #2959 ) ) ;
#4032 = DIRECTION ( 'NONE',  ( -1.000000000000000000, 0.000000000000000000, 0.000000000000000000 ) ) ;
#4033 = PLANE ( 'NONE',  #3271 ) ;
#4034 = CARTESIAN_POINT ( 'NONE',  ( -29.99999999999997158, -14.75000000000001243, 4.000000000000000000 ) ) ;
#4035 = CIRCLE ( 'NONE', #1115, 1.750000000000015543 ) ;
#4036 = CARTESIAN_POINT ( 'NONE',  ( -22.99999999999997868, 72.00000000000001421, 4.000000000000000000 ) ) ;
#4037 = ADVANCED_FACE ( 'NONE', ( #337, #5528 ), #5591, .F. ) ;
#4038 = VERTEX_POINT ( 'NONE', #2410 ) ;
#4039 = AXIS2_PLACEMENT_3D ( 'NONE', #2403, #6089, #5489 ) ;
#4040 = DIRECTION ( 'NONE',  ( -0.000000000000000000, -0.000000000000000000, 1.000000000000000000 ) ) ;
#4041 = AXIS2_PLACEMENT_3D ( 'NONE', #3806, #98, #6436 ) ;
#4042 = LINE ( 'NONE', #5562, #4955 ) ;
#4043 = DIRECTION ( 'NONE',  ( -0.000000000000000000, -0.000000000000000000, 1.000000000000000000 ) ) ;
#4044 = CYLINDRICAL_SURFACE ( 'NONE', #4980, 3.000000000000012879 ) ;
#4045 = AXIS2_PLACEMENT_3D ( 'NONE', #4135, #491, #1480 ) ;
#4046 = EDGE_CURVE ( 'NONE', #4867, #51, #1334, .T. ) ;
#4047 = AXIS2_PLACEMENT_3D ( 'NONE', #2080, #4123, #3209 ) ;
#4048 = VERTEX_POINT ( 'NONE', #6577 ) ;
#4049 = CARTESIAN_POINT ( 'NONE',  ( -48.49999999999995026, 116.4999999999999716, 3.000000000000000000 ) ) ;
#4050 = ADVANCED_FACE ( 'NONE', ( #2886 ), #1931, .T. ) ;
#4051 = DIRECTION ( 'NONE',  ( -1.000000000000000000, 0.000000000000000000, 0.000000000000000000 ) ) ;
#4052 = ORIENTED_EDGE ( 'NONE', *, *, #139, .T. ) ;
#4053 = AXIS2_PLACEMENT_3D ( 'NONE', #4036, #6292, #4763 ) ;
#4054 = ORIENTED_EDGE ( 'NONE', *, *, #3815, .F. ) ;
#4055 = VERTEX_POINT ( 'NONE', #2951 ) ;
#4056 = CARTESIAN_POINT ( 'NONE',  ( 16.99999999999998934, -21.50000000000000711, 4.000000000000000000 ) ) ;
#4057 = DIRECTION ( 'NONE',  ( -0.000000000000000000, -0.000000000000000000, 1.000000000000000000 ) ) ;
#4058 = AXIS2_PLACEMENT_3D ( 'NONE', #4546, #3457, #362 ) ;
#4059 = EDGE_LOOP ( 'NONE', ( #3661, #5527 ) ) ;
#4060 = LINE ( 'NONE', #2085, #1639 ) ;
#4061 = FACE_BOUND ( 'NONE', #5065, .T. ) ;
#4062 = EDGE_LOOP ( 'NONE', ( #5428, #5638 ) ) ;
#4063 = ORIENTED_EDGE ( 'NONE', *, *, #1968, .T. ) ;
#4064 = CIRCLE ( 'NONE', #3086, 1.500000000000015099 ) ;
#4065 = CARTESIAN_POINT ( 'NONE',  ( 10.00000000000000000, -21.50000000000001066, 4.000000000000000000 ) ) ;
#4066 = CARTESIAN_POINT ( 'NONE',  ( -120.0000000000000000, 56.24999999999993605, 8.000000000000000000 ) ) ;
#4067 = DIRECTION ( 'NONE',  ( 1.000000000000000000, 0.000000000000000000, 0.000000000000000000 ) ) ;
#4068 = CIRCLE ( 'NONE', #3753, 1.500000000000011768 ) ;
#4069 = DIRECTION ( 'NONE',  ( -1.000000000000000000, -0.000000000000000000, -0.000000000000000000 ) ) ;
#4070 = ORIENTED_EDGE ( 'NONE', *, *, #1494, .F. ) ;
#4071 = VERTEX_POINT ( 'NONE', #4975 ) ;
#4072 = DIRECTION ( 'NONE',  ( -1.000000000000000000, 0.000000000000000000, 0.000000000000000000 ) ) ;
#4073 = DIRECTION ( 'NONE',  ( -0.000000000000000000, -0.000000000000000000, -1.000000000000000000 ) ) ;
#4074 = DIRECTION ( 'NONE',  ( -1.000000000000000000, 0.000000000000000000, 0.000000000000000000 ) ) ;
#4075 = ORIENTED_EDGE ( 'NONE', *, *, #2328, .T. ) ;
#4076 = CARTESIAN_POINT ( 'NONE',  ( 9.999999999999996447, 51.50000000000000711, 3.000000000000000000 ) ) ;
#4077 = EDGE_CURVE ( 'NONE', #6726, #5313, #1655, .T. ) ;
#4078 = ORIENTED_EDGE ( 'NONE', *, *, #6521, .F. ) ;
#4079 = EDGE_CURVE ( 'NONE', #6588, #6322, #4375, .T. ) ;
#4080 = DIRECTION ( 'NONE',  ( 4.625929269271485914E-16, -1.000000000000000000, 0.000000000000000000 ) ) ;
#4081 = EDGE_CURVE ( 'NONE', #4266, #3908, #5618, .T. ) ;
#4082 = LINE ( 'NONE', #2395, #5412 ) ;
#4083 = EDGE_CURVE ( 'NONE', #6722, #3154, #280, .T. ) ;
#4084 = DIRECTION ( 'NONE',  ( -0.000000000000000000, -0.000000000000000000, 1.000000000000000000 ) ) ;
#4085 = ORIENTED_EDGE ( 'NONE', *, *, #5259, .T. ) ;
#4086 = ADVANCED_FACE ( 'NONE', ( #1865 ), #3949, .F. ) ;
#4087 = EDGE_LOOP ( 'NONE', ( #3863, #2950, #168, #4078 ) ) ;
#4088 = ORIENTED_EDGE ( 'NONE', *, *, #732, .T. ) ;
#4089 = CIRCLE ( 'NONE', #5847, 3.250000000000016875 ) ;
#4090 = DIRECTION ( 'NONE',  ( -0.000000000000000000, -0.000000000000000000, -1.000000000000000000 ) ) ;
#4091 = DIRECTION ( 'NONE',  ( -0.000000000000000000, -0.000000000000000000, 1.000000000000000000 ) ) ;
#4092 = ORIENTED_EDGE ( 'NONE', *, *, #5390, .T. ) ;
#4093 = FACE_OUTER_BOUND ( 'NONE', #1542, .T. ) ;
#4094 = DIRECTION ( 'NONE',  ( 1.000000000000000000, 0.000000000000000000, 0.000000000000000000 ) ) ;
#4095 = CIRCLE ( 'NONE', #6279, 3.250000000000016875 ) ;
#4096 = ORIENTED_EDGE ( 'NONE', *, *, #5396, .T. ) ;
#4097 = ORIENTED_EDGE ( 'NONE', *, *, #225, .T. ) ;
#4098 = VECTOR ( 'NONE', #1423, 1000.000000000000000 ) ;
#4099 = DIRECTION ( 'NONE',  ( -1.000000000000000000, 0.000000000000000000, 0.000000000000000000 ) ) ;
#4100 = DIRECTION ( 'NONE',  ( -0.000000000000000000, -0.000000000000000000, -1.000000000000000000 ) ) ;
#4101 = DIRECTION ( 'NONE',  ( -1.000000000000000000, 0.000000000000000000, 0.000000000000000000 ) ) ;
#4102 = CARTESIAN_POINT ( 'NONE',  ( -30.00000000000000355, 65.00000000000000000, 44.00000000000000000 ) ) ;
#4103 = AXIS2_PLACEMENT_3D ( 'NONE', #57, #4795, #1082 ) ;
#4104 = ORIENTED_EDGE ( 'NONE', *, *, #6222, .F. ) ;
#4105 = EDGE_LOOP ( 'NONE', ( #4696, #6738 ) ) ;
#4106 = DIRECTION ( 'NONE',  ( -0.000000000000000000, -0.000000000000000000, -1.000000000000000000 ) ) ;
#4107 = DIRECTION ( 'NONE',  ( -0.000000000000000000, -0.000000000000000000, -1.000000000000000000 ) ) ;
#4108 = LINE ( 'NONE', #6234, #2820 ) ;
#4109 = ORIENTED_EDGE ( 'NONE', *, *, #4768, .F. ) ;
#4110 = DIRECTION ( 'NONE',  ( -0.000000000000000000, -0.000000000000000000, -1.000000000000000000 ) ) ;
#4111 = EDGE_CURVE ( 'NONE', #761, #3687, #3705, .T. ) ;
#4112 = DIRECTION ( 'NONE',  ( 1.000000000000000000, 0.000000000000000000, 0.000000000000000000 ) ) ;
#4113 = AXIS2_PLACEMENT_3D ( 'NONE', #5731, #3129, #1861 ) ;
#4114 = ORIENTED_EDGE ( 'NONE', *, *, #5558, .F. ) ;
#4115 = DIRECTION ( 'NONE',  ( 0.000000000000000000, -0.000000000000000000, -1.000000000000000000 ) ) ;
#4116 = DIRECTION ( 'NONE',  ( -1.000000000000000000, 0.000000000000000000, 0.000000000000000000 ) ) ;
#4117 = DIRECTION ( 'NONE',  ( -1.000000000000000000, 0.000000000000000000, 0.000000000000000000 ) ) ;
#4118 = EDGE_LOOP ( 'NONE', ( #2800, #2490, #5894, #3176 ) ) ;
#4119 = EDGE_CURVE ( 'NONE', #2282, #2653, #5034, .T. ) ;
#4120 = ORIENTED_EDGE ( 'NONE', *, *, #1840, .F. ) ;
#4121 = ORIENTED_EDGE ( 'NONE', *, *, #3390, .F. ) ;
#4122 = ADVANCED_FACE ( 'NONE', ( #64 ), #2102, .F. ) ;
#4123 = DIRECTION ( 'NONE',  ( -0.000000000000000000, -0.000000000000000000, 1.000000000000000000 ) ) ;
#4124 = EDGE_CURVE ( 'NONE', #3952, #4509, #572, .T. ) ;
#4125 = FACE_BOUND ( 'NONE', #862, .T. ) ;
#4126 = EDGE_CURVE ( 'NONE', #456, #4634, #5795, .T. ) ;
#4127 = ORIENTED_EDGE ( 'NONE', *, *, #5386, .F. ) ;
#4128 = CARTESIAN_POINT ( 'NONE',  ( 51.49999999999998579, 8.500000000000007105, 3.000000000000000000 ) ) ;
#4129 = DIRECTION ( 'NONE',  ( 1.000000000000000000, 0.000000000000000000, 0.000000000000000000 ) ) ;
#4130 = VECTOR ( 'NONE', #5171, 1000.000000000000000 ) ;
#4131 = EDGE_LOOP ( 'NONE', ( #6015, #672, #1580, #6366 ) ) ;
#4132 = EDGE_CURVE ( 'NONE', #2375, #6149, #1001, .T. ) ;
#4133 = ORIENTED_EDGE ( 'NONE', *, *, #553, .F. ) ;
#4134 = AXIS2_PLACEMENT_3D ( 'NONE', #6325, #5642, #4686 ) ;
#4135 = CARTESIAN_POINT ( 'NONE',  ( 20.00000000000000355, -21.50000000000000711, 8.000000000000000000 ) ) ;
#4136 = EDGE_CURVE ( 'NONE', #4531, #6172, #6009, .T. ) ;
#4137 = CARTESIAN_POINT ( 'NONE',  ( -25.09999999999999787, 108.0000000000000142, 0.000000000000000000 ) ) ;
#4138 = CARTESIAN_POINT ( 'NONE',  ( 60.00000000000000000, 60.00000000000000000, 8.000000000000000000 ) ) ;
#4139 = CARTESIAN_POINT ( 'NONE',  ( -119.9999999999999858, 0.000000000000000000, 44.00000000000000000 ) ) ;
#4140 = AXIS2_PLACEMENT_3D ( 'NONE', #1004, #2627, #1041 ) ;
#4141 = ORIENTED_EDGE ( 'NONE', *, *, #2788, .T. ) ;
#4142 = ORIENTED_EDGE ( 'NONE', *, *, #412, .F. ) ;
#4143 = CARTESIAN_POINT ( 'NONE',  ( 51.49999999999998579, 8.500000000000007105, 3.000000000000000000 ) ) ;
#4144 = DIRECTION ( 'NONE',  ( 1.000000000000000000, 0.000000000000000000, 0.000000000000000000 ) ) ;
#4146 = DIRECTION ( 'NONE',  ( 0.000000000000000000, 0.000000000000000000, 1.000000000000000000 ) ) ;
#4145 = AXIS2_PLACEMENT_3D ( 'NONE', #3245, #4889, #4272 ) ;
#4147 = ORIENTED_EDGE ( 'NONE', *, *, #6132, .F. ) ;
#4148 = CARTESIAN_POINT ( 'NONE',  ( -3.000000000000009326, -5.000000000000011546, -8.572527594031465301E-16 ) ) ;
#4149 = ORIENTED_EDGE ( 'NONE', *, *, #5473, .T. ) ;
#4150 = EDGE_LOOP ( 'NONE', ( #81, #2213, #3408, #5401 ) ) ;
#4151 = DIRECTION ( 'NONE',  ( 1.000000000000000000, -8.673617379884038430E-16, 0.000000000000000000 ) ) ;
#4152 = PLANE ( 'NONE',  #1481 ) ;
#4153 = AXIS2_PLACEMENT_3D ( 'NONE', #5613, #6537, #4419 ) ;
#4154 = AXIS2_PLACEMENT_3D ( 'NONE', #1694, #673, #5889 ) ;
#4155 = CARTESIAN_POINT ( 'NONE',  ( 18.24999999999998934, -21.50000000000000711, 8.000000000000000000 ) ) ;
#4156 = VERTEX_POINT ( 'NONE', #3151 ) ;
#4157 = ORIENTED_EDGE ( 'NONE', *, *, #5220, .T. ) ;
#4158 = AXIS2_PLACEMENT_3D ( 'NONE', #3696, #4614, #4580 ) ;
#4159 = EDGE_LOOP ( 'NONE', ( #4753, #481 ) ) ;
#4160 = CARTESIAN_POINT ( 'NONE',  ( -8.000000000000000000, 65.00000000000000000, 44.00000000000000000 ) ) ;
#4161 = PLANE ( 'NONE',  #6217 ) ;
#4162 = EDGE_LOOP ( 'NONE', ( #3211, #6142, #4682, #3062 ) ) ;
#4163 = FACE_OUTER_BOUND ( 'NONE', #6527, .T. ) ;
#4164 = CARTESIAN_POINT ( 'NONE',  ( -119.9999999999999858, 60.00000000000000000, 44.00000000000000000 ) ) ;
#4165 = VERTEX_POINT ( 'NONE', #5786 ) ;
#4166 = VERTEX_POINT ( 'NONE', #2024 ) ;
#4167 = AXIS2_PLACEMENT_3D ( 'NONE', #1291, #3360, #3327 ) ;
#4168 = CYLINDRICAL_SURFACE ( 'NONE', #5372, 2.500000000000015987 ) ;
#4169 = ADVANCED_FACE ( 'NONE', ( #5648 ), #2604, .F. ) ;
#4170 = CARTESIAN_POINT ( 'NONE',  ( 1.750000000000017764, -5.000000000000011546, 8.000000000000000000 ) ) ;
#4171 = FACE_BOUND ( 'NONE', #4283, .T. ) ;
#4172 = EDGE_CURVE ( 'NONE', #3687, #4843, #2952, .T. ) ;
#4173 = CARTESIAN_POINT ( 'NONE',  ( 10.00000000000000000, -21.50000000000001066, 1.530808498934192064E-16 ) ) ;
#4174 = CIRCLE ( 'NONE', #4729, 1.750000000000011990 ) ;
#4175 = ORIENTED_EDGE ( 'NONE', *, *, #1156, .F. ) ;
#4176 = EDGE_CURVE ( 'NONE', #4177, #6406, #3830, .T. ) ;
#4177 = VERTEX_POINT ( 'NONE', #5103 ) ;
#4178 = DIRECTION ( 'NONE',  ( -0.000000000000000000, -0.000000000000000000, -1.000000000000000000 ) ) ;
#4179 = DIRECTION ( 'NONE',  ( -0.000000000000000000, -0.000000000000000000, -1.000000000000000000 ) ) ;
#4180 = AXIS2_PLACEMENT_3D ( 'NONE', #6584, #3476, #3537 ) ;
#4181 = DIRECTION ( 'NONE',  ( -0.000000000000000000, -0.000000000000000000, -1.000000000000000000 ) ) ;
#4182 = EDGE_LOOP ( 'NONE', ( #6742, #1997 ) ) ;
#4183 = LINE ( 'NONE', #103, #5191 ) ;
#4184 = ORIENTED_EDGE ( 'NONE', *, *, #3214, .F. ) ;
#4185 = AXIS2_PLACEMENT_3D ( 'NONE', #179, #651, #4813 ) ;
#4186 = EDGE_LOOP ( 'NONE', ( #123, #3677 ) ) ;
#4187 = DIRECTION ( 'NONE',  ( 1.000000000000000000, 0.000000000000000000, 0.000000000000000000 ) ) ;
#4188 = CARTESIAN_POINT ( 'NONE',  ( 6.360652745248292417E-15, -45.00000000000001421, 4.000000000000003553 ) ) ;
#4189 = LINE ( 'NONE', #4155, #5644 ) ;
#4190 = ORIENTED_EDGE ( 'NONE', *, *, #2993, .F. ) ;
#4191 = ORIENTED_EDGE ( 'NONE', *, *, #3805, .F. ) ;
#4192 = ORIENTED_EDGE ( 'NONE', *, *, #6102, .F. ) ;
#4193 = CARTESIAN_POINT ( 'NONE',  ( -25.24999999999997868, -4.000000000000001776, 44.00000000000000000 ) ) ;
#4194 = CARTESIAN_POINT ( 'NONE',  ( 11.75000000000001776, -45.00000000000000711, 4.000000000000003553 ) ) ;
#4195 = ORIENTED_EDGE ( 'NONE', *, *, #1307, .T. ) ;
#4196 = CARTESIAN_POINT ( 'NONE',  ( -10.24999999999997513, 43.00000000000000000, 33.99999999999999289 ) ) ;
#4197 = DIRECTION ( 'NONE',  ( -1.000000000000000000, 0.000000000000000000, 0.000000000000000000 ) ) ;
#4198 = ADVANCED_FACE ( 'NONE', ( #1589, #3670 ), #4212, .F. ) ;
#4199 = ORIENTED_EDGE ( 'NONE', *, *, #5509, .F. ) ;
#4200 = AXIS2_PLACEMENT_3D ( 'NONE', #701, #2772, #2361 ) ;
#4201 = EDGE_LOOP ( 'NONE', ( #3829, #6725, #3198, #4175 ) ) ;
#4202 = CARTESIAN_POINT ( 'NONE',  ( -1.750000000000019096, -21.50000000000001066, 4.000000000000000000 ) ) ;
#4203 = VECTOR ( 'NONE', #6199, 1000.000000000000000 ) ;
#4204 = CARTESIAN_POINT ( 'NONE',  ( -44.99999999999995737, 72.00000000000000000, 16.00000000000000000 ) ) ;
#4205 = CARTESIAN_POINT ( 'NONE',  ( -45.99999999999993605, 116.4999999999999716, 3.000000000000000000 ) ) ;
#4206 = EDGE_CURVE ( 'NONE', #3726, #2060, #2305, .T. ) ;
#4207 = CARTESIAN_POINT ( 'NONE',  ( 4.047688110612550150E-15, -5.000000000000011546, -8.572527594031465301E-16 ) ) ;
#4208 = EDGE_LOOP ( 'NONE', ( #5143, #2533 ) ) ;
#4209 = EDGE_CURVE ( 'NONE', #2885, #2653, #1559, .T. ) ;
#4210 = VECTOR ( 'NONE', #2435, 1000.000000000000000 ) ;
#4211 = ORIENTED_EDGE ( 'NONE', *, *, #3309, .T. ) ;
#4212 = PLANE ( 'NONE',  #448 ) ;
#4213 = ADVANCED_FACE ( 'NONE', ( #1624 ), #4621, .F. ) ;
#4214 = CARTESIAN_POINT ( 'NONE',  ( -28.24999999999995737, -14.75000000000001243, 8.000000000000000000 ) ) ;
#4215 = CARTESIAN_POINT ( 'NONE',  ( 18.24999999999998934, -35.00000000000000000, 8.000000000000000000 ) ) ;
#4216 = EDGE_CURVE ( 'NONE', #5957, #711, #4484, .T. ) ;
#4217 = ORIENTED_EDGE ( 'NONE', *, *, #6303, .T. ) ;
#4218 = CARTESIAN_POINT ( 'NONE',  ( -40.99999999999995026, 108.0000000000000142, 10.24999999999999112 ) ) ;
#4219 = AXIS2_PLACEMENT_3D ( 'NONE', #6291, #1118, #2737 ) ;
#4220 = ADVANCED_FACE ( 'NONE', ( #3602, #1021 ), #5169, .F. ) ;
#4221 = VERTEX_POINT ( 'NONE', #1725 ) ;
#4222 = VERTEX_POINT ( 'NONE', #5826 ) ;
#4223 = VECTOR ( 'NONE', #5813, 1000.000000000000000 ) ;
#4224 = DIRECTION ( 'NONE',  ( 0.000000000000000000, 0.000000000000000000, 1.000000000000000000 ) ) ;
#4225 = FACE_OUTER_BOUND ( 'NONE', #6434, .T. ) ;
#4226 = EDGE_CURVE ( 'NONE', #3021, #2918, #249, .T. ) ;
#4227 = CARTESIAN_POINT ( 'NONE',  ( 53.00000000000000000, 8.500000000000007105, 8.000000000000007105 ) ) ;
#4228 = AXIS2_PLACEMENT_3D ( 'NONE', #1879, #4471, #5024 ) ;
#4229 = ORIENTED_EDGE ( 'NONE', *, *, #1225, .T. ) ;
#4230 = EDGE_LOOP ( 'NONE', ( #3385, #419 ) ) ;
#4231 = ORIENTED_EDGE ( 'NONE', *, *, #3201, .T. ) ;
#4232 = CYLINDRICAL_SURFACE ( 'NONE', #5955, 1.750000000000011990 ) ;
#4233 = DIRECTION ( 'NONE',  ( -0.000000000000000000, -0.000000000000000000, -1.000000000000000000 ) ) ;
#4234 = EDGE_LOOP ( 'NONE', ( #1687, #5590 ) ) ;
#4235 = CARTESIAN_POINT ( 'NONE',  ( -40.99999999999995026, 76.00000000000001421, 13.75000000000000888 ) ) ;
#4236 = CARTESIAN_POINT ( 'NONE',  ( 20.00000000000000355, -21.50000000000000711, 4.000000000000000000 ) ) ;
#4237 = ORIENTED_EDGE ( 'NONE', *, *, #3544, .T. ) ;
#4238 = CIRCLE ( 'NONE', #2387, 1.750000000000015543 ) ;
#4239 = EDGE_LOOP ( 'NONE', ( #3498, #4191, #2594, #3691 ) ) ;
#4240 = CARTESIAN_POINT ( 'NONE',  ( -19.99999999999998934, 3.749999999999959144, 8.000000000000000000 ) ) ;
#4241 = DIRECTION ( 'NONE',  ( 0.000000000000000000, -1.000000000000000000, -0.000000000000000000 ) ) ;
#4242 = AXIS2_PLACEMENT_3D ( 'NONE', #2811, #5925, #2273 ) ;
#4243 = DIRECTION ( 'NONE',  ( 0.000000000000000000, 0.000000000000000000, 1.000000000000000000 ) ) ;
#4244 = DIRECTION ( 'NONE',  ( 0.000000000000000000, 0.000000000000000000, 1.000000000000000000 ) ) ;
#4245 = ADVANCED_FACE ( 'NONE', ( #5279 ), #2270, .F. ) ;
#4246 = ORIENTED_EDGE ( 'NONE', *, *, #4944, .F. ) ;
#4247 = AXIS2_PLACEMENT_3D ( 'NONE', #3075, #492, #2562 ) ;
#4248 = EDGE_LOOP ( 'NONE', ( #6329, #4923 ) ) ;
#4249 = CARTESIAN_POINT ( 'NONE',  ( -48.49999999999993605, 67.49999999999997158, 1.224646799147353454E-16 ) ) ;
#4250 = DIRECTION ( 'NONE',  ( -0.000000000000000000, -0.000000000000000000, 1.000000000000000000 ) ) ;
#4251 = DIRECTION ( 'NONE',  ( -0.000000000000000000, -0.000000000000000000, 1.000000000000000000 ) ) ;
#4252 = ORIENTED_EDGE ( 'NONE', *, *, #5898, .F. ) ;
#4253 = LINE ( 'NONE', #6407, #6508 ) ;
#4254 = AXIS2_PLACEMENT_3D ( 'NONE', #6250, #2050, #4641 ) ;
#4255 = CARTESIAN_POINT ( 'NONE',  ( 16.99999999999998934, -35.00000000000000000, 4.000000000000003553 ) ) ;
#4256 = EDGE_CURVE ( 'NONE', #3284, #5219, #1660, .T. ) ;
#4257 = ORIENTED_EDGE ( 'NONE', *, *, #1470, .F. ) ;
#4258 = CARTESIAN_POINT ( 'NONE',  ( -10.99999999999999645, 60.00000000000000000, 13.00000000000000178 ) ) ;
#4259 = CIRCLE ( 'NONE', #562, 1.250000000000015099 ) ;
#4260 = CARTESIAN_POINT ( 'NONE',  ( 23.00000000000001776, -45.00000000000000711, -8.572527594031465301E-16 ) ) ;
#4261 = CARTESIAN_POINT ( 'NONE',  ( 10.00000000000000355, -35.00000000000000000, 4.000000000000003553 ) ) ;
#4262 = FACE_OUTER_BOUND ( 'NONE', #1941, .T. ) ;
#4263 = ADVANCED_FACE ( 'NONE', ( #1259 ), #4349, .F. ) ;
#4264 = AXIS2_PLACEMENT_3D ( 'NONE', #4495, #1399, #1333 ) ;
#4265 = ORIENTED_EDGE ( 'NONE', *, *, #2226, .F. ) ;
#4266 = VERTEX_POINT ( 'NONE', #1791 ) ;
#4267 = VERTEX_POINT ( 'NONE', #235 ) ;
#4268 = EDGE_CURVE ( 'NONE', #440, #5733, #6332, .T. ) ;
#4269 = AXIS2_PLACEMENT_3D ( 'NONE', #6333, #4388, #5315 ) ;
#4270 = AXIS2_PLACEMENT_3D ( 'NONE', #447, #3395, #2516 ) ;
#4271 = ORIENTED_EDGE ( 'NONE', *, *, #6184, .T. ) ;
#4272 = DIRECTION ( 'NONE',  ( -1.000000000000000000, 0.000000000000000000, 0.000000000000000000 ) ) ;
#4273 = LINE ( 'NONE', #5740, #4003 ) ;
#4274 = EDGE_LOOP ( 'NONE', ( #3787, #3418, #2591, #656 ) ) ;
#4275 = VECTOR ( 'NONE', #3995, 1000.000000000000000 ) ;
#4276 = ORIENTED_EDGE ( 'NONE', *, *, #1557, .T. ) ;
#4277 = LINE ( 'NONE', #4311, #3730 ) ;
#4278 = CARTESIAN_POINT ( 'NONE',  ( 20.00000000000000355, -35.00000000000000000, 8.000000000000000000 ) ) ;
#4279 = LINE ( 'NONE', #6363, #3459 ) ;
#4280 = FACE_OUTER_BOUND ( 'NONE', #3965, .T. ) ;
#4281 = ORIENTED_EDGE ( 'NONE', *, *, #808, .F. ) ;
#4282 = AXIS2_PLACEMENT_3D ( 'NONE', #4316, #1788, #5919 ) ;
#4283 = EDGE_LOOP ( 'NONE', ( #6296, #446 ) ) ;
#4284 = DIRECTION ( 'NONE',  ( 0.000000000000000000, -0.000000000000000000, -1.000000000000000000 ) ) ;
#4285 = FACE_OUTER_BOUND ( 'NONE', #4087, .T. ) ;
#4286 = CARTESIAN_POINT ( 'NONE',  ( 20.00000000000000355, -35.00000000000000000, 0.000000000000000000 ) ) ;
#4287 = VERTEX_POINT ( 'NONE', #4767 ) ;
#4288 = LINE ( 'NONE', #4738, #4646 ) ;
#4289 = CIRCLE ( 'NONE', #6248, 1.750000000000011990 ) ;
#4290 = DIRECTION ( 'NONE',  ( -0.000000000000000000, -0.000000000000000000, -1.000000000000000000 ) ) ;
#4291 = EDGE_CURVE ( 'NONE', #6113, #1130, #2082, .T. ) ;
#4292 = VERTEX_POINT ( 'NONE', #6403 ) ;
#4293 = EDGE_CURVE ( 'NONE', #4221, #3680, #790, .T. ) ;
#4294 = AXIS2_PLACEMENT_3D ( 'NONE', #315, #409, #5625 ) ;
#4295 = LINE ( 'NONE', #1701, #1752 ) ;
#4296 = CARTESIAN_POINT ( 'NONE',  ( 8.499999999999984013, 8.500000000000007105, 3.000000000000000000 ) ) ;
#4297 = CARTESIAN_POINT ( 'NONE',  ( 49.99999999999997158, 8.500000000000007105, 8.000000000000007105 ) ) ;
#4298 = ADVANCED_FACE ( 'NONE', ( #4801, #3191 ), #3329, .T. ) ;
#4299 = VECTOR ( 'NONE', #2138, 1000.000000000000000 ) ;
#4300 = ORIENTED_EDGE ( 'NONE', *, *, #559, .T. ) ;
#4301 = ORIENTED_EDGE ( 'NONE', *, *, #1920, .T. ) ;
#4302 = EDGE_CURVE ( 'NONE', #5560, #4364, #605, .T. ) ;
#4303 = ORIENTED_EDGE ( 'NONE', *, *, #5807, .T. ) ;
#4304 = CARTESIAN_POINT ( 'NONE',  ( -48.49999999999993605, 67.49999999999997158, 0.000000000000000000 ) ) ;
#4305 = EDGE_CURVE ( 'NONE', #4366, #3036, #132, .T. ) ;
#4306 = DIRECTION ( 'NONE',  ( 1.000000000000000000, 0.000000000000000000, 0.000000000000000000 ) ) ;
#4307 = DIRECTION ( 'NONE',  ( 1.000000000000000000, 0.000000000000000000, -0.000000000000000000 ) ) ;
#4308 = ADVANCED_FACE ( 'NONE', ( #5346 ), #169, .F. ) ;
#4309 = VERTEX_POINT ( 'NONE', #2235 ) ;
#4310 = VERTEX_POINT ( 'NONE', #3771 ) ;
#4311 = CARTESIAN_POINT ( 'NONE',  ( 10.89999999999999858, 108.0000000000000142, 0.000000000000000000 ) ) ;
#4312 = FACE_BOUND ( 'NONE', #6647, .T. ) ;
#4313 = DIRECTION ( 'NONE',  ( -1.000000000000000000, 0.000000000000000000, 0.000000000000000000 ) ) ;
#4314 = LINE ( 'NONE', #3834, #4541 ) ;
#4315 = VECTOR ( 'NONE', #1499, 1000.000000000000000 ) ;
#4316 = CARTESIAN_POINT ( 'NONE',  ( 13.00000000000001776, 72.00000000000001421, 4.000000000000000000 ) ) ;
#4317 = ORIENTED_EDGE ( 'NONE', *, *, #431, .T. ) ;
#4318 = LINE ( 'NONE', #1226, #6334 ) ;
#4319 = AXIS2_PLACEMENT_3D ( 'NONE', #5791, #2176, #5831 ) ;
#4320 = LINE ( 'NONE', #5960, #1757 ) ;
#4321 = DIRECTION ( 'NONE',  ( -1.000000000000000000, 0.000000000000000000, 0.000000000000000000 ) ) ;
#4322 = ORIENTED_EDGE ( 'NONE', *, *, #5670, .T. ) ;
#4323 = DIRECTION ( 'NONE',  ( 1.000000000000000000, -0.000000000000000000, -0.000000000000000000 ) ) ;
#4324 = FACE_OUTER_BOUND ( 'NONE', #6418, .T. ) ;
#4325 = VERTEX_POINT ( 'NONE', #742 ) ;
#4326 = CARTESIAN_POINT ( 'NONE',  ( 6.360652745248292417E-15, -45.00000000000001421, 8.000000000000000000 ) ) ;
#4327 = DIRECTION ( 'NONE',  ( -0.000000000000000000, -0.000000000000000000, -1.000000000000000000 ) ) ;
#4328 = CIRCLE ( 'NONE', #84, 1.750000000000013767 ) ;
#4329 = DIRECTION ( 'NONE',  ( -0.000000000000000000, -0.000000000000000000, 1.000000000000000000 ) ) ;
#4330 = ORIENTED_EDGE ( 'NONE', *, *, #4081, .F. ) ;
#4331 = AXIS2_PLACEMENT_3D ( 'NONE', #3870, #5954, #1290 ) ;
#4332 = ORIENTED_EDGE ( 'NONE', *, *, #6019, .F. ) ;
#4333 = ORIENTED_EDGE ( 'NONE', *, *, #3682, .T. ) ;
#4334 = LINE ( 'NONE', #6455, #161 ) ;
#4335 = CIRCLE ( 'NONE', #4882, 2.500000000000015987 ) ;
#4336 = DIRECTION ( 'NONE',  ( 0.000000000000000000, -0.000000000000000000, 1.000000000000000000 ) ) ;
#4337 = FACE_OUTER_BOUND ( 'NONE', #5139, .T. ) ;
#4338 = EDGE_CURVE ( 'NONE', #1282, #3458, #4318, .T. ) ;
#4339 = ORIENTED_EDGE ( 'NONE', *, *, #1356, .T. ) ;
#4340 = ADVANCED_FACE ( 'NONE', ( #4868 ), #5381, .F. ) ;
#4341 = ORIENTED_EDGE ( 'NONE', *, *, #5973, .T. ) ;
#4342 = AXIS2_PLACEMENT_3D ( 'NONE', #2947, #2309, #781 ) ;
#4343 = CARTESIAN_POINT ( 'NONE',  ( 20.00000000000000355, -35.00000000000000000, 0.000000000000000000 ) ) ;
#4344 = CYLINDRICAL_SURFACE ( 'NONE', #1172, 1.500000000000015099 ) ;
#4345 = LINE ( 'NONE', #263, #6642 ) ;
#4346 = CARTESIAN_POINT ( 'NONE',  ( -49.99999999999997158, 116.4999999999999716, 8.000000000000000000 ) ) ;
#4347 = DIRECTION ( 'NONE',  ( 1.000000000000000000, 0.000000000000000000, -0.000000000000000000 ) ) ;
#4348 = EDGE_LOOP ( 'NONE', ( #3416, #4217 ) ) ;
#4349 = CYLINDRICAL_SURFACE ( 'NONE', #4041, 1.750000000000013323 ) ;
#4350 = EDGE_CURVE ( 'NONE', #5283, #6081, #1754, .T. ) ;
#4351 = AXIS2_PLACEMENT_3D ( 'NONE', #80, #4748, #1610 ) ;
#4352 = CARTESIAN_POINT ( 'NONE',  ( 30.00000000000000000, -4.000000000000003553, 8.000000000000000000 ) ) ;
#4353 = FACE_OUTER_BOUND ( 'NONE', #4372, .T. ) ;
#4354 = ORIENTED_EDGE ( 'NONE', *, *, #4724, .F. ) ;
#4355 = DIRECTION ( 'NONE',  ( -1.000000000000000000, 0.000000000000000000, 0.000000000000000000 ) ) ;
#4356 = DIRECTION ( 'NONE',  ( 0.000000000000000000, 0.000000000000000000, -1.000000000000000000 ) ) ;
#4357 = AXIS2_PLACEMENT_3D ( 'NONE', #5451, #1696, #1824 ) ;
#4358 = ORIENTED_EDGE ( 'NONE', *, *, #3451, .T. ) ;
#4359 = DIRECTION ( 'NONE',  ( 1.000000000000000000, 0.000000000000000000, 0.000000000000000000 ) ) ;
#4360 = DIRECTION ( 'NONE',  ( -0.000000000000000000, -0.000000000000000000, -1.000000000000000000 ) ) ;
#4362 = DIRECTION ( 'NONE',  ( -1.000000000000000000, 0.000000000000000000, 0.000000000000000000 ) ) ;
#4361 = AXIS2_PLACEMENT_3D ( 'NONE', #2702, #4930, #3358 ) ;
#4363 = CARTESIAN_POINT ( 'NONE',  ( -103.9999999999999432, 116.4999999999999716, 1.224646799147353454E-16 ) ) ;
#4364 = VERTEX_POINT ( 'NONE', #3029 ) ;
#4365 = CIRCLE ( 'NONE', #6107, 1.500000000000015099 ) ;
#4366 = VERTEX_POINT ( 'NONE', #6719 ) ;
#4367 = EDGE_LOOP ( 'NONE', ( #1900, #2169, #1525, #182 ) ) ;
#4368 = DIRECTION ( 'NONE',  ( -0.000000000000000000, -0.000000000000000000, 1.000000000000000000 ) ) ;
#4369 = CARTESIAN_POINT ( 'NONE',  ( -11.00000000000009237, -8.000000000000000000, 44.00000000000000000 ) ) ;
#4370 = AXIS2_PLACEMENT_3D ( 'NONE', #3989, #2895, #5980 ) ;
#4371 = CARTESIAN_POINT ( 'NONE',  ( 8.249999999999989342, -5.000000000000004441, 8.000000000000000000 ) ) ;
#4372 = EDGE_LOOP ( 'NONE', ( #4121, #6084, #2864, #5336 ) ) ;
#4373 = VERTEX_POINT ( 'NONE', #3065 ) ;
#4374 = CIRCLE ( 'NONE', #1338, 3.000000000000012879 ) ;
#4375 = CIRCLE ( 'NONE', #3609, 2.999999999999999112 ) ;
#4376 = DIRECTION ( 'NONE',  ( -0.000000000000000000, -0.000000000000000000, 1.000000000000000000 ) ) ;
#4377 = DIRECTION ( 'NONE',  ( -0.000000000000000000, -0.000000000000000000, 1.000000000000000000 ) ) ;
#4378 = SURFACE_SIDE_STYLE ('',( #2296 ) ) ;
#4379 = DIRECTION ( 'NONE',  ( -0.000000000000000000, -0.000000000000000000, -1.000000000000000000 ) ) ;
#4380 = AXIS2_PLACEMENT_3D ( 'NONE', #5745, #3074, #5161 ) ;
#4381 = VECTOR ( 'NONE', #6212, 1000.000000000000000 ) ;
#4382 = EDGE_CURVE ( 'NONE', #4542, #2832, #3182, .T. ) ;
#4383 = FACE_BOUND ( 'NONE', #3554, .T. ) ;
#4384 = VERTEX_POINT ( 'NONE', #1000 ) ;
#4385 = ADVANCED_FACE ( 'NONE', ( #5152 ), #776, .T. ) ;
#4386 = DIRECTION ( 'NONE',  ( -1.000000000000000000, 0.000000000000000000, 0.000000000000000000 ) ) ;
#4387 = EDGE_CURVE ( 'NONE', #4958, #3579, #3836, .T. ) ;
#4388 = DIRECTION ( 'NONE',  ( -0.000000000000000000, -0.000000000000000000, -1.000000000000000000 ) ) ;
#4389 = EDGE_CURVE ( 'NONE', #2225, #6004, #1766, .T. ) ;
#4390 = DIRECTION ( 'NONE',  ( -0.000000000000000000, -0.000000000000000000, -1.000000000000000000 ) ) ;
#4391 = ORIENTED_EDGE ( 'NONE', *, *, #6270, .T. ) ;
#4392 = FACE_OUTER_BOUND ( 'NONE', #2967, .T. ) ;
#4393 = CARTESIAN_POINT ( 'NONE',  ( -22.99999999999998579, 108.0000000000000142, 8.000000000000000000 ) ) ;
#4394 = CIRCLE ( 'NONE', #6673, 3.000000000000014655 ) ;
#4395 = EDGE_CURVE ( 'NONE', #1091, #5202, #5584, .T. ) ;
#4396 = VERTEX_POINT ( 'NONE', #1857 ) ;
#4397 = CARTESIAN_POINT ( 'NONE',  ( 6.999999999999992006, -45.00000000000000711, -8.572527594031465301E-16 ) ) ;
#4398 = CARTESIAN_POINT ( 'NONE',  ( -30.00000000000000355, 68.00000000000000000, 44.00000000000000000 ) ) ;
#4399 = AXIS2_PLACEMENT_3D ( 'NONE', #5131, #4728, #1017 ) ;
#4400 = PLANE ( 'NONE',  #4790 ) ;
#4401 = CARTESIAN_POINT ( 'NONE',  ( -110.7499999999999716, -54.75000000000002132, 1.836970198721029688E-16 ) ) ;
#4402 = ORIENTED_EDGE ( 'NONE', *, *, #1506, .T. ) ;
#4403 = VECTOR ( 'NONE', #5403, 1000.000000000000000 ) ;
#4404 = ORIENTED_EDGE ( 'NONE', *, *, #5854, .F. ) ;
#4405 = CARTESIAN_POINT ( 'NONE',  ( -108.9999999999999716, 116.4999999999999716, 1.224646799147353454E-16 ) ) ;
#4406 = AXIS2_PLACEMENT_3D ( 'NONE', #1702, #5358, #1269 ) ;
#4407 = DIRECTION ( 'NONE',  ( 1.000000000000000000, 0.000000000000000000, 0.000000000000000000 ) ) ;
#4408 = CARTESIAN_POINT ( 'NONE',  ( -45.99999999999993605, 116.4999999999999716, 0.000000000000000000 ) ) ;
#4409 = ORIENTED_EDGE ( 'NONE', *, *, #6384, .T. ) ;
#4410 = EDGE_LOOP ( 'NONE', ( #4730, #3656, #1069, #4586 ) ) ;
#4411 = VERTEX_POINT ( 'NONE', #4937 ) ;
#4412 = DIRECTION ( 'NONE',  ( -1.000000000000000000, 0.000000000000000000, 0.000000000000000000 ) ) ;
#4413 = CARTESIAN_POINT ( 'NONE',  ( 54.00000000000000000, 51.50000000000000711, 3.000000000000000000 ) ) ;
#4414 = DIRECTION ( 'NONE',  ( -0.000000000000000000, -0.000000000000000000, 1.000000000000000000 ) ) ;
#4415 = CARTESIAN_POINT ( 'NONE',  ( 30.00000000000000000, -60.00000000000001421, 0.000000000000000000 ) ) ;
#4416 = DIRECTION ( 'NONE',  ( 1.301042606982604138E-15, 1.000000000000000000, 0.000000000000000000 ) ) ;
#4417 = ORIENTED_EDGE ( 'NONE', *, *, #4774, .T. ) ;
#4418 = DIRECTION ( 'NONE',  ( -0.000000000000000000, -0.000000000000000000, -1.000000000000000000 ) ) ;
#4419 = DIRECTION ( 'NONE',  ( 1.000000000000000000, 0.000000000000000000, 0.000000000000000000 ) ) ;
#4420 = DIRECTION ( 'NONE',  ( -1.000000000000000000, 0.000000000000000000, 0.000000000000000000 ) ) ;
#4421 = CARTESIAN_POINT ( 'NONE',  ( -11.99999999999998579, 17.00000000000000000, 33.99999999999999289 ) ) ;
#4422 = FACE_BOUND ( 'NONE', #2587, .T. ) ;
#4423 = EDGE_CURVE ( 'NONE', #4048, #1504, #2313, .T. ) ;
#4424 = VECTOR ( 'NONE', #6464, 1000.000000000000000 ) ;
#4425 = EDGE_CURVE ( 'NONE', #3207, #5371, #483, .T. ) ;
#4426 = ORIENTED_EDGE ( 'NONE', *, *, #2833, .F. ) ;
#4427 = CARTESIAN_POINT ( 'NONE',  ( -46.99999999999993605, 116.4999999999999716, 8.000000000000000000 ) ) ;
#4428 = CARTESIAN_POINT ( 'NONE',  ( -32.99999999999998579, -3.000000000000000000, 44.00000000000000000 ) ) ;
#4429 = EDGE_CURVE ( 'NONE', #3222, #2576, #4822, .T. ) ;
#4430 = FACE_OUTER_BOUND ( 'NONE', #4901, .T. ) ;
#4431 = CARTESIAN_POINT ( 'NONE',  ( 0.000000000000000000, 60.00000000000000000, 8.000000000000000000 ) ) ;
#4432 = AXIS2_PLACEMENT_3D ( 'NONE', #374, #2924, #311 ) ;
#4433 = ORIENTED_EDGE ( 'NONE', *, *, #6303, .F. ) ;
#4434 = ORIENTED_EDGE ( 'NONE', *, *, #1146, .F. ) ;
#4435 = CIRCLE ( 'NONE', #1924, 2.100000000000013411 ) ;
#4436 = CARTESIAN_POINT ( 'NONE',  ( 6.999999999999986677, -21.50000000000001066, 0.000000000000000000 ) ) ;
#4437 = EDGE_CURVE ( 'NONE', #1282, #2179, #455, .T. ) ;
#4438 = DIRECTION ( 'NONE',  ( -1.000000000000000000, 0.000000000000000000, 0.000000000000000000 ) ) ;
#4439 = CARTESIAN_POINT ( 'NONE',  ( 20.00000000000000355, -21.50000000000000711, 8.000000000000000000 ) ) ;
#4440 = CIRCLE ( 'NONE', #5194, 3.000000000000012879 ) ;
#4441 = EDGE_LOOP ( 'NONE', ( #2274, #2601 ) ) ;
#4442 = ORIENTED_EDGE ( 'NONE', *, *, #5354, .T. ) ;
#4443 = EDGE_LOOP ( 'NONE', ( #1237, #3362, #1451, #5389 ) ) ;
#4444 = CIRCLE ( 'NONE', #2914, 1.750000000000015543 ) ;
#4445 = LINE ( 'NONE', #1915, #4275 ) ;
#4446 = DIRECTION ( 'NONE',  ( 0.000000000000000000, 0.000000000000000000, -1.000000000000000000 ) ) ;
#4447 = FACE_OUTER_BOUND ( 'NONE', #2639, .T. ) ;
#4448 = CARTESIAN_POINT ( 'NONE',  ( 1.750000000000007772, -21.50000000000001066, 8.000000000000001776 ) ) ;
#4449 = FACE_OUTER_BOUND ( 'NONE', #3610, .T. ) ;
#4450 = VERTEX_POINT ( 'NONE', #1507 ) ;
#4451 = DIRECTION ( 'NONE',  ( 1.000000000000000000, 0.000000000000000000, -0.000000000000000000 ) ) ;
#4452 = DIRECTION ( 'NONE',  ( 1.000000000000000000, 0.000000000000000000, 0.000000000000000000 ) ) ;
#4453 = CARTESIAN_POINT ( 'NONE',  ( 6.938893903907228378E-15, -55.00000000000001421, -8.572527594031465301E-16 ) ) ;
#4454 = DIRECTION ( 'NONE',  ( 1.000000000000000000, 0.000000000000000000, -0.000000000000000000 ) ) ;
#4455 = EDGE_CURVE ( 'NONE', #2225, #4918, #1325, .T. ) ;
#4456 = CARTESIAN_POINT ( 'NONE',  ( 26.00000000000001066, -60.00000000000002842, 8.000000000000000000 ) ) ;
#4457 = ORIENTED_EDGE ( 'NONE', *, *, #6623, .F. ) ;
#4458 = DIRECTION ( 'NONE',  ( -0.000000000000000000, -0.000000000000000000, -1.000000000000000000 ) ) ;
#4459 = FACE_OUTER_BOUND ( 'NONE', #2539, .T. ) ;
#4460 = CARTESIAN_POINT ( 'NONE',  ( -113.9999999999999716, -14.75000000000001243, 8.000000000000000000 ) ) ;
#4461 = CYLINDRICAL_SURFACE ( 'NONE', #3663, 1.750000000000008438 ) ;
#4462 = ADVANCED_FACE ( 'NONE', ( #5958, #3363 ), #5448, .F. ) ;
#4463 = AXIS2_PLACEMENT_3D ( 'NONE', #397, #5553, #2977 ) ;
#4464 = ADVANCED_FACE ( 'NONE', ( #813, #2876 ), #4968, .F. ) ;
#4465 = EDGE_CURVE ( 'NONE', #1716, #5672, #6232, .T. ) ;
#4466 = ORIENTED_EDGE ( 'NONE', *, *, #4670, .F. ) ;
#4467 = VERTEX_POINT ( 'NONE', #843 ) ;
#4468 = DIRECTION ( 'NONE',  ( -1.000000000000000000, 0.000000000000000000, 0.000000000000000000 ) ) ;
#4469 = CARTESIAN_POINT ( 'NONE',  ( 13.00000000000001776, -55.00000000000000711, 4.000000000000003553 ) ) ;
#4470 = EDGE_CURVE ( 'NONE', #4287, #1250, #2009, .T. ) ;
#4471 = DIRECTION ( 'NONE',  ( -0.000000000000000000, -0.000000000000000000, -1.000000000000000000 ) ) ;
#4472 = VECTOR ( 'NONE', #5332, 1000.000000000000000 ) ;
#4473 = AXIS2_PLACEMENT_3D ( 'NONE', #2380, #2818, #6448 ) ;
#4474 = ORIENTED_EDGE ( 'NONE', *, *, #6599, .F. ) ;
#4475 = EDGE_CURVE ( 'NONE', #3525, #4166, #1339, .T. ) ;
#4476 = ORIENTED_EDGE ( 'NONE', *, *, #6204, .T. ) ;
#4477 = VERTEX_POINT ( 'NONE', #6177 ) ;
#4478 = VECTOR ( 'NONE', #2243, 1000.000000000000000 ) ;
#4479 = FACE_BOUND ( 'NONE', #2185, .T. ) ;
#4480 = DIRECTION ( 'NONE',  ( -0.000000000000000000, -0.000000000000000000, 1.000000000000000000 ) ) ;
#4481 = DIRECTION ( 'NONE',  ( -1.000000000000000000, 0.000000000000000000, 0.000000000000000000 ) ) ;
#4482 = DIRECTION ( 'NONE',  ( -0.000000000000000000, -0.000000000000000000, -1.000000000000000000 ) ) ;
#4483 = CARTESIAN_POINT ( 'NONE',  ( 51.49999999999998579, 8.500000000000007105, 0.000000000000000000 ) ) ;
#4484 = CIRCLE ( 'NONE', #5361, 1.500000000000015099 ) ;
#4485 = EDGE_LOOP ( 'NONE', ( #3142, #6423, #5632, #1030 ) ) ;
#4486 = CARTESIAN_POINT ( 'NONE',  ( 10.00000000000000533, -35.00000000000000000, 8.000000000000000000 ) ) ;
#4487 = VECTOR ( 'NONE', #1361, 1000.000000000000000 ) ;
#4489 = CARTESIAN_POINT ( 'NONE',  ( -11.99999999999998579, 43.00000000000000000, 33.99999999999999289 ) ) ;
#4488 = CIRCLE ( 'NONE', #5254, 3.250000000000016875 ) ;
#4490 = FACE_OUTER_BOUND ( 'NONE', #344, .T. ) ;
#4491 = DIRECTION ( 'NONE',  ( -1.000000000000000000, 0.000000000000000000, 0.000000000000000000 ) ) ;
#4492 = DIRECTION ( 'NONE',  ( -0.000000000000000000, -0.000000000000000000, -1.000000000000000000 ) ) ;
#4493 = AXIS2_PLACEMENT_3D ( 'NONE', #6361, #1689, #3765 ) ;
#4494 = VERTEX_POINT ( 'NONE', #4056 ) ;
#4495 = CARTESIAN_POINT ( 'NONE',  ( -22.99999999999998579, 108.0000000000000142, 0.000000000000000000 ) ) ;
#4496 = CARTESIAN_POINT ( 'NONE',  ( 21.75000000000001776, -35.00000000000000000, 4.000000000000003553 ) ) ;
#4497 = CARTESIAN_POINT ( 'NONE',  ( -3.000000000000007550, -35.00000000000001421, 4.000000000000003553 ) ) ;
#4498 = FACE_OUTER_BOUND ( 'NONE', #4, .T. ) ;
#4499 = ORIENTED_EDGE ( 'NONE', *, *, #2371, .T. ) ;
#4500 = ORIENTED_EDGE ( 'NONE', *, *, #1307, .F. ) ;
#4501 = VECTOR ( 'NONE', #2638, 1000.000000000000000 ) ;
#4502 = CARTESIAN_POINT ( 'NONE',  ( -29.99999999999997158, -54.75000000000002132, 4.000000000000000000 ) ) ;
#4503 = EDGE_CURVE ( 'NONE', #41, #4055, #1473, .T. ) ;
#4504 = FACE_OUTER_BOUND ( 'NONE', #1040, .T. ) ;
#4505 = DIRECTION ( 'NONE',  ( 1.000000000000000000, 0.000000000000000000, 0.000000000000000000 ) ) ;
#4506 = EDGE_LOOP ( 'NONE', ( #3241, #6219, #6444, #114 ) ) ;
#4507 = EDGE_CURVE ( 'NONE', #4781, #3386, #2957, .T. ) ;
#4508 = EDGE_LOOP ( 'NONE', ( #1700, #2671 ) ) ;
#4509 = VERTEX_POINT ( 'NONE', #4674 ) ;
#4510 = CIRCLE ( 'NONE', #5281, 1.750000000000013767 ) ;
#4511 = ADVANCED_FACE ( 'NONE', ( #3171, #5842 ), #6315, .F. ) ;
#4512 = DIRECTION ( 'NONE',  ( -0.000000000000000000, -0.000000000000000000, -1.000000000000000000 ) ) ;
#4513 = EDGE_CURVE ( 'NONE', #450, #1306, #357, .T. ) ;
#4514 = EDGE_LOOP ( 'NONE', ( #4019, #1607, #3383, #5694 ) ) ;
#4515 = CARTESIAN_POINT ( 'NONE',  ( 10.00000000000000533, -55.00000000000000711, 8.000000000000000000 ) ) ;
#4516 = DIRECTION ( 'NONE',  ( -1.000000000000000000, 0.000000000000000000, 0.000000000000000000 ) ) ;
#4517 = CYLINDRICAL_SURFACE ( 'NONE', #372, 1.500000000000015099 ) ;
#4518 = EDGE_LOOP ( 'NONE', ( #496, #4195, #3115, #5707 ) ) ;
#4519 = DIRECTION ( 'NONE',  ( -0.000000000000000000, -0.000000000000000000, -1.000000000000000000 ) ) ;
#4520 = EDGE_CURVE ( 'NONE', #1629, #2518, #2728, .T. ) ;
#4521 = DIRECTION ( 'NONE',  ( -0.000000000000000000, -0.000000000000000000, 1.000000000000000000 ) ) ;
#4522 = CARTESIAN_POINT ( 'NONE',  ( 10.00000000000000533, -55.00000000000000711, 4.000000000000003553 ) ) ;
#4523 = APPLICATION_PROTOCOL_DEFINITION ( 'draft international standard', 'automotive_design', 1998, #578 ) ;
#4524 = DIRECTION ( 'NONE',  ( 0.000000000000000000, 0.000000000000000000, -1.000000000000000000 ) ) ;
#4525 = ORIENTED_EDGE ( 'NONE', *, *, #892, .F. ) ;
#4526 = CARTESIAN_POINT ( 'NONE',  ( 11.75000000000001776, -55.00000000000000711, 4.000000000000003553 ) ) ;
#4527 = DIRECTION ( 'NONE',  ( -0.000000000000000000, -0.000000000000000000, -1.000000000000000000 ) ) ;
#4528 = DIRECTION ( 'NONE',  ( 1.000000000000000000, 0.000000000000000000, 0.000000000000000000 ) ) ;
#4529 = CARTESIAN_POINT ( 'NONE',  ( 23.00000000000001776, -45.00000000000000711, 4.000000000000003553 ) ) ;
#4530 = AXIS2_PLACEMENT_3D ( 'NONE', #3421, #3612, #2074 ) ;
#4531 = VERTEX_POINT ( 'NONE', #5736 ) ;
#4532 = DIRECTION ( 'NONE',  ( 1.000000000000000000, 0.000000000000000000, 0.000000000000000000 ) ) ;
#4533 = CIRCLE ( 'NONE', #2457, 1.750000000000013323 ) ;
#4534 = CARTESIAN_POINT ( 'NONE',  ( 25.99999999999999645, -56.00000000000002132, 0.000000000000000000 ) ) ;
#4535 = EDGE_CURVE ( 'NONE', #2475, #755, #3292, .T. ) ;
#4536 = ORIENTED_EDGE ( 'NONE', *, *, #3757, .T. ) ;
#4537 = CIRCLE ( 'NONE', #5857, 1.750000000000015543 ) ;
#4538 = EDGE_LOOP ( 'NONE', ( #4016, #3480, #2325, #4635, #901, #3915, #75, #407, #5257, #4791, #6593, #2217, #1491, #5682 ) ) ;
#4539 = ORIENTED_EDGE ( 'NONE', *, *, #4704, .T. ) ;
#4540 = CARTESIAN_POINT ( 'NONE',  ( 8.249999999999992895, -35.00000000000000000, 8.000000000000000000 ) ) ;
#4541 = VECTOR ( 'NONE', #5444, 1000.000000000000000 ) ;
#4542 = VERTEX_POINT ( 'NONE', #4193 ) ;
#4543 = PRESENTATION_STYLE_ASSIGNMENT (( #1786 ) ) ;
#4544 = CARTESIAN_POINT ( 'NONE',  ( -11.99999999999998579, 43.00000000000000000, 33.99999999999999289 ) ) ;
#4545 = EDGE_CURVE ( 'NONE', #6704, #2269, #1071, .T. ) ;
#4546 = CARTESIAN_POINT ( 'NONE',  ( -113.9999999999999858, -54.75000000000002132, 8.000000000000000000 ) ) ;
#4547 = ORIENTED_EDGE ( 'NONE', *, *, #4305, .T. ) ;
#4548 = VECTOR ( 'NONE', #5981, 1000.000000000000000 ) ;
#4549 = DIRECTION ( 'NONE',  ( 1.000000000000000000, 0.000000000000000000, -0.000000000000000000 ) ) ;
#4550 = EDGE_CURVE ( 'NONE', #3849, #5672, #5260, .T. ) ;
#4551 = CARTESIAN_POINT ( 'NONE',  ( -117.2500000000000000, -54.75000000000002132, 0.000000000000000000 ) ) ;
#4552 = LINE ( 'NONE', #3595, #2902 ) ;
#4553 = AXIS2_PLACEMENT_3D ( 'NONE', #2075, #2686, #583 ) ;
#4554 = PLANE ( 'NONE',  #4053 ) ;
#4555 = EDGE_CURVE ( 'NONE', #4325, #2106, #3942, .T. ) ;
#4556 = ORIENTED_EDGE ( 'NONE', *, *, #5368, .T. ) ;
#4557 = CARTESIAN_POINT ( 'NONE',  ( -5.837290253120440868E-15, -21.50000000000001066, 8.000000000000000000 ) ) ;
#4558 = AXIS2_PLACEMENT_3D ( 'NONE', #1329, #3465, #6540 ) ;
#4559 = DIRECTION ( 'NONE',  ( -0.000000000000000000, -0.000000000000000000, 1.000000000000000000 ) ) ;
#4560 = DIRECTION ( 'NONE',  ( -0.000000000000000000, -0.000000000000000000, 1.000000000000000000 ) ) ;
#4561 = DIRECTION ( 'NONE',  ( -0.000000000000000000, -0.000000000000000000, -1.000000000000000000 ) ) ;
#4562 = EDGE_LOOP ( 'NONE', ( #413, #1678, #6648, #745, #585, #3157, #2326, #3268, #2359, #2678, #5299, #194, #594, #3049, #5070, #6214, #2195, #4157 ) ) ;
#4563 = CARTESIAN_POINT ( 'NONE',  ( -50.99999999999997158, 116.4999999999999716, 1.224646799147353454E-16 ) ) ;
#4564 = AXIS2_PLACEMENT_3D ( 'NONE', #5282, #4251, #6335 ) ;
#4565 = CARTESIAN_POINT ( 'NONE',  ( -106.4999999999999574, 67.49999999999997158, 8.000000000000000000 ) ) ;
#4566 = VERTEX_POINT ( 'NONE', #4160 ) ;
#4567 = CIRCLE ( 'NONE', #6209, 2.100000000000013411 ) ;
#4568 = VERTEX_POINT ( 'NONE', #10 ) ;
#4569 = ORIENTED_EDGE ( 'NONE', *, *, #6628, .F. ) ;
#4570 = CARTESIAN_POINT ( 'NONE',  ( 51.49999999999998579, 8.500000000000007105, 3.000000000000000000 ) ) ;
#4571 = CARTESIAN_POINT ( 'NONE',  ( 54.00000000000000000, 8.500000000000007105, 3.000000000000000000 ) ) ;
#4572 = VERTEX_POINT ( 'NONE', #1539 ) ;
#4573 = FACE_OUTER_BOUND ( 'NONE', #4131, .T. ) ;
#4574 = AXIS2_PLACEMENT_3D ( 'NONE', #2904, #6565, #4996 ) ;
#4575 = CARTESIAN_POINT ( 'NONE',  ( -32.99999999999998579, -5.000000000000002665, 44.00000000000000000 ) ) ;
#4576 = ORIENTED_EDGE ( 'NONE', *, *, #5935, .F. ) ;
#4577 = ORIENTED_EDGE ( 'NONE', *, *, #3591, .F. ) ;
#4578 = EDGE_CURVE ( 'NONE', #2258, #1527, #3620, .T. ) ;
#4579 = VECTOR ( 'NONE', #1543, 1000.000000000000000 ) ;
#4580 = DIRECTION ( 'NONE',  ( -1.000000000000000000, 0.000000000000000000, 0.000000000000000000 ) ) ;
#4581 = CARTESIAN_POINT ( 'NONE',  ( -113.9999999999999716, -14.75000000000001243, 4.000000000000000000 ) ) ;
#4582 = CARTESIAN_POINT ( 'NONE',  ( 49.99999999999997158, 8.500000000000007105, 3.000000000000000000 ) ) ;
#4583 = EDGE_CURVE ( 'NONE', #3328, #774, #4488, .T. ) ;
#4584 = VECTOR ( 'NONE', #3305, 1000.000000000000000 ) ;
#4585 = FACE_OUTER_BOUND ( 'NONE', #3578, .T. ) ;
#4586 = ORIENTED_EDGE ( 'NONE', *, *, #4350, .F. ) ;
#4587 = DIRECTION ( 'NONE',  ( 1.000000000000000000, 0.000000000000000000, 0.000000000000000000 ) ) ;
#4588 = ADVANCED_FACE ( 'NONE', ( #587 ), #79, .F. ) ;
#4589 = AXIS2_PLACEMENT_3D ( 'NONE', #4557, #4946, #6511 ) ;
#4590 = CARTESIAN_POINT ( 'NONE',  ( 21.75000000000001066, -5.000000000000004441, 8.000000000000000000 ) ) ;
#4591 = DIRECTION ( 'NONE',  ( 1.000000000000000000, 0.000000000000000000, 0.000000000000000000 ) ) ;
#4592 = ORIENTED_EDGE ( 'NONE', *, *, #5095, .F. ) ;
#4593 = CARTESIAN_POINT ( 'NONE',  ( -10.24999999999997513, 17.00000000000000000, 44.00000000000000000 ) ) ;
#4594 = ADVANCED_FACE ( 'NONE', ( #3135 ), #5224, .F. ) ;
#4595 = CIRCLE ( 'NONE', #6456, 3.000000000000000888 ) ;
#4596 = ORIENTED_EDGE ( 'NONE', *, *, #5390, .F. ) ;
#4597 = CYLINDRICAL_SURFACE ( 'NONE', #1358, 3.250000000000016875 ) ;
#4598 = CARTESIAN_POINT ( 'NONE',  ( 3.000000000000019540, -45.00000000000001421, 4.000000000000003553 ) ) ;
#4599 = CARTESIAN_POINT ( 'NONE',  ( 4.047688110612549361E-15, -5.000000000000011546, 8.000000000000000000 ) ) ;
#4600 = EDGE_LOOP ( 'NONE', ( #5125, #4434, #4749, #86 ) ) ;
#4601 = CIRCLE ( 'NONE', #3628, 3.000000000000012879 ) ;
#4602 = VERTEX_POINT ( 'NONE', #45 ) ;
#4603 = ORIENTED_EDGE ( 'NONE', *, *, #386, .T. ) ;
#4604 = CARTESIAN_POINT ( 'NONE',  ( -48.49999999999995026, 116.4999999999999716, 3.000000000000000000 ) ) ;
#4605 = FACE_OUTER_BOUND ( 'NONE', #1667, .T. ) ;
#4606 = AXIS2_PLACEMENT_3D ( 'NONE', #3906, #1322, #6533 ) ;
#4607 = ORIENTED_EDGE ( 'NONE', *, *, #2453, .F. ) ;
#4608 = CARTESIAN_POINT ( 'NONE',  ( -30.00000000000000355, 65.00000000000000000, 33.99999999999999289 ) ) ;
#4609 = CARTESIAN_POINT ( 'NONE',  ( 30.00000000000000000, 115.9999999999999574, 8.000000000000000000 ) ) ;
#4610 = ORIENTED_EDGE ( 'NONE', *, *, #4389, .T. ) ;
#4611 = VERTEX_POINT ( 'NONE', #2119 ) ;
#4612 = VECTOR ( 'NONE', #6137, 1000.000000000000000 ) ;
#4613 = ADVANCED_FACE ( 'NONE', ( #1609 ), #4232, .F. ) ;
#4614 = DIRECTION ( 'NONE',  ( -0.000000000000000000, -0.000000000000000000, -1.000000000000000000 ) ) ;
#4615 = CYLINDRICAL_SURFACE ( 'NONE', #1850, 3.000000000000012879 ) ;
#4616 = DIRECTION ( 'NONE',  ( -0.000000000000000000, -0.000000000000000000, -1.000000000000000000 ) ) ;
#4617 = CIRCLE ( 'NONE', #2439, 2.500000000000015987 ) ;
#4618 = CARTESIAN_POINT ( 'NONE',  ( 13.00000000000001599, -35.00000000000000000, -8.572527594031465301E-16 ) ) ;
#4619 = VERTEX_POINT ( 'NONE', #4784 ) ;
#4620 = ORIENTED_EDGE ( 'NONE', *, *, #853, .F. ) ;
#4621 = CYLINDRICAL_SURFACE ( 'NONE', #1540, 1.250000000000015099 ) ;
#4622 = LINE ( 'NONE', #5204, #5134 ) ;
#4623 = CARTESIAN_POINT ( 'NONE',  ( -27.00000000000000355, 64.00000000000000000, 33.99999999999999289 ) ) ;
#4624 = EDGE_LOOP ( 'NONE', ( #3054, #4332 ) ) ;
#4625 = CARTESIAN_POINT ( 'NONE',  ( 0.000000000000000000, 68.00000000000000000, 33.99999999999999289 ) ) ;
#4626 = EDGE_CURVE ( 'NONE', #3036, #217, #3440, .T. ) ;
#4627 = ORIENTED_EDGE ( 'NONE', *, *, #385, .F. ) ;
#4628 = EDGE_LOOP ( 'NONE', ( #1581, #4737 ) ) ;
#4629 = CARTESIAN_POINT ( 'NONE',  ( -44.99999999999995737, 63.99999999999991473, 8.000000000000000000 ) ) ;
#4630 = DIRECTION ( 'NONE',  ( -0.000000000000000000, 0.000000000000000000, 1.000000000000000000 ) ) ;
#4631 = ADVANCED_FACE ( 'NONE', ( #3797, #5339 ), #5479, .F. ) ;
#4632 = CARTESIAN_POINT ( 'NONE',  ( 1.750000000000019540, -45.00000000000001421, 4.000000000000003553 ) ) ;
#4633 = ORIENTED_EDGE ( 'NONE', *, *, #2958, .T. ) ;
#4634 = VERTEX_POINT ( 'NONE', #4413 ) ;
#4635 = ORIENTED_EDGE ( 'NONE', *, *, #6093, .T. ) ;
#4636 = AXIS2_PLACEMENT_3D ( 'NONE', #5146, #4630, #6711 ) ;
#4637 = ADVANCED_FACE ( 'NONE', ( #261 ), #4344, .F. ) ;
#4638 = DIRECTION ( 'NONE',  ( 1.000000000000000000, 1.214306433183764966E-16, 0.000000000000000000 ) ) ;
#4639 = CARTESIAN_POINT ( 'NONE',  ( 11.75000000000001776, -5.000000000000004441, 8.000000000000000000 ) ) ;
#4640 = VERTEX_POINT ( 'NONE', #1816 ) ;
#4641 = DIRECTION ( 'NONE',  ( 1.000000000000000000, 0.000000000000000000, 0.000000000000000000 ) ) ;
#4642 = CARTESIAN_POINT ( 'NONE',  ( 16.99999999999998934, -35.00000000000000000, -8.572527594031465301E-16 ) ) ;
#4643 = CIRCLE ( 'NONE', #3778, 1.750000000000013767 ) ;
#4644 = ORIENTED_EDGE ( 'NONE', *, *, #189, .T. ) ;
#4645 = ORIENTED_EDGE ( 'NONE', *, *, #5518, .F. ) ;
#4646 = VECTOR ( 'NONE', #4772, 1000.000000000000000 ) ;
#4647 = DIRECTION ( 'NONE',  ( -0.000000000000000000, -0.000000000000000000, -1.000000000000000000 ) ) ;
#4648 = DIRECTION ( 'NONE',  ( 1.000000000000000000, 0.000000000000000000, -0.000000000000000000 ) ) ;
#4649 = LINE ( 'NONE', #2563, #5082 ) ;
#4650 = CARTESIAN_POINT ( 'NONE',  ( 9.999999999999994671, 51.50000000000000711, 0.000000000000000000 ) ) ;
#4651 = AXIS2_PLACEMENT_3D ( 'NONE', #326, #838, #703 ) ;
#4652 = ORIENTED_EDGE ( 'NONE', *, *, #3433, .T. ) ;
#4653 = VERTEX_POINT ( 'NONE', #4829 ) ;
#4654 = CARTESIAN_POINT ( 'NONE',  ( -40.99999999999995026, 0.000000000000000000, 8.000000000000000000 ) ) ;
#4655 = CARTESIAN_POINT ( 'NONE',  ( 23.00000000000001776, -55.00000000000000711, -8.572527594031465301E-16 ) ) ;
#4656 = CIRCLE ( 'NONE', #1501, 3.000000000000012879 ) ;
#4657 = PLANE ( 'NONE',  #1520 ) ;
#4658 = ORIENTED_EDGE ( 'NONE', *, *, #1947, .T. ) ;
#4659 = CARTESIAN_POINT ( 'NONE',  ( 10.99999999999999645, 51.50000000000000711, 0.000000000000000000 ) ) ;
#4660 = ORIENTED_EDGE ( 'NONE', *, *, #685, .T. ) ;
#4661 = CIRCLE ( 'NONE', #1728, 3.000000000000012879 ) ;
#4662 = ORIENTED_EDGE ( 'NONE', *, *, #5312, .F. ) ;
#4663 = DIRECTION ( 'NONE',  ( -1.000000000000000000, 0.000000000000000000, 0.000000000000000000 ) ) ;
#4664 = EDGE_CURVE ( 'NONE', #5646, #4918, #2675, .T. ) ;
#4665 = FACE_OUTER_BOUND ( 'NONE', #3962, .T. ) ;
#4666 = EDGE_CURVE ( 'NONE', #6454, #285, #293, .T. ) ;
#4667 = DIRECTION ( 'NONE',  ( 1.000000000000000000, 0.000000000000000000, 0.000000000000000000 ) ) ;
#4668 = ADVANCED_FACE ( 'NONE', ( #4863, #4312, #2870, #5375, #196 ), #6395, .F. ) ;
#4669 = ORIENTED_EDGE ( 'NONE', *, *, #2376, .F. ) ;
#4670 = EDGE_CURVE ( 'NONE', #4634, #456, #615, .T. ) ;
#4671 = EDGE_LOOP ( 'NONE', ( #1475, #2150 ) ) ;
#4672 = VERTEX_POINT ( 'NONE', #2263 ) ;
#4673 = EDGE_CURVE ( 'NONE', #440, #4640, #6428, .T. ) ;
#4674 = CARTESIAN_POINT ( 'NONE',  ( -40.99999999999992895, 119.9999999999999716, 8.000000000000000000 ) ) ;
#4675 = EDGE_CURVE ( 'NONE', #5742, #5817, #6162, .T. ) ;
#4676 = DIRECTION ( 'NONE',  ( -1.000000000000000000, 0.000000000000000000, 0.000000000000000000 ) ) ;
#4677 = ORIENTED_EDGE ( 'NONE', *, *, #2566, .F. ) ;
#4678 = DIRECTION ( 'NONE',  ( -0.000000000000000000, -0.000000000000000000, -1.000000000000000000 ) ) ;
#4679 = DIRECTION ( 'NONE',  ( 0.000000000000000000, 0.000000000000000000, 1.000000000000000000 ) ) ;
#4680 = EDGE_CURVE ( 'NONE', #4384, #3952, #2836, .T. ) ;
#4681 = CIRCLE ( 'NONE', #2488, 2.100000000000013411 ) ;
#4682 = ORIENTED_EDGE ( 'NONE', *, *, #4081, .T. ) ;
#4683 = ORIENTED_EDGE ( 'NONE', *, *, #6184, .F. ) ;
#4684 = CIRCLE ( 'NONE', #4247, 1.750000000000013767 ) ;
#4685 = FACE_OUTER_BOUND ( 'NONE', #136, .T. ) ;
#4686 = DIRECTION ( 'NONE',  ( -1.000000000000000000, 0.000000000000000000, 0.000000000000000000 ) ) ;
#4687 = DIRECTION ( 'NONE',  ( -0.000000000000000000, -0.000000000000000000, -1.000000000000000000 ) ) ;
#4688 = CARTESIAN_POINT ( 'NONE',  ( 5.999999999999970690, 51.50000000000000711, 0.000000000000000000 ) ) ;
#4689 = VECTOR ( 'NONE', #4964, 1000.000000000000114 ) ;
#4690 = EDGE_LOOP ( 'NONE', ( #555, #2513 ) ) ;
#4691 = EDGE_LOOP ( 'NONE', ( #3169, #3784 ) ) ;
#4692 = DIRECTION ( 'NONE',  ( -0.000000000000000000, -0.000000000000000000, 1.000000000000000000 ) ) ;
#4693 = DIRECTION ( 'NONE',  ( 1.000000000000000000, 0.000000000000000000, 0.000000000000000000 ) ) ;
#4695 = LINE ( 'NONE', #4215, #5111 ) ;
#4694 = AXIS2_PLACEMENT_3D ( 'NONE', #2784, #3749, #4811 ) ;
#4696 = ORIENTED_EDGE ( 'NONE', *, *, #720, .F. ) ;
#4697 = DIRECTION ( 'NONE',  ( -0.000000000000000000, -0.000000000000000000, -1.000000000000000000 ) ) ;
#4698 = UNCERTAINTY_MEASURE_WITH_UNIT (LENGTH_MEASURE( 1.000000000000000082E-05 ), #5326, 'distance_accuracy_value', 'NONE');
#4699 = EDGE_LOOP ( 'NONE', ( #4926, #4834 ) ) ;
#4700 = AXIS2_PLACEMENT_3D ( 'NONE', #5137, #4107, #1126 ) ;
#4701 = VECTOR ( 'NONE', #204, 1000.000000000000000 ) ;
#4702 = VERTEX_POINT ( 'NONE', #1784 ) ;
#4703 = CARTESIAN_POINT ( 'NONE',  ( 30.00000000000000000, 115.9999999999999574, 0.000000000000000000 ) ) ;
#4704 = EDGE_CURVE ( 'NONE', #4011, #2480, #3389, .T. ) ;
#4705 = DIRECTION ( 'NONE',  ( 1.000000000000000000, 0.000000000000000000, 0.000000000000000000 ) ) ;
#4706 = AXIS2_PLACEMENT_3D ( 'NONE', #5097, #394, #2944 ) ;
#4707 = AXIS2_PLACEMENT_3D ( 'NONE', #1293, #2336, #2552 ) ;
#4708 = CARTESIAN_POINT ( 'NONE',  ( 51.49999999999998579, 51.50000000000000711, 0.000000000000000000 ) ) ;
#4709 = ORIENTED_EDGE ( 'NONE', *, *, #5679, .F. ) ;
#4710 = ORIENTED_EDGE ( 'NONE', *, *, #1016, .T. ) ;
#4711 = VECTOR ( 'NONE', #6688, 1000.000000000000000 ) ;
#4712 = ORIENTED_EDGE ( 'NONE', *, *, #2621, .F. ) ;
#4713 = DIRECTION ( 'NONE',  ( 0.000000000000000000, 1.000000000000000000, -0.000000000000000000 ) ) ;
#4714 = EDGE_CURVE ( 'NONE', #6322, #4221, #1253, .T. ) ;
#4715 = DIRECTION ( 'NONE',  ( 0.000000000000000000, 0.000000000000000000, 1.000000000000000000 ) ) ;
#4716 = EDGE_LOOP ( 'NONE', ( #2383, #224, #3102, #2892 ) ) ;
#4717 = LINE ( 'NONE', #3657, #889 ) ;
#4718 = DIRECTION ( 'NONE',  ( -0.000000000000000000, -0.000000000000000000, 1.000000000000000000 ) ) ;
#4719 = VERTEX_POINT ( 'NONE', #4929 ) ;
#4720 = EDGE_CURVE ( 'NONE', #5982, #1545, #5526, .T. ) ;
#4721 = ORIENTED_EDGE ( 'NONE', *, *, #5854, .T. ) ;
#4722 = EDGE_CURVE ( 'NONE', #2390, #3336, #5987, .T. ) ;
#4723 = CIRCLE ( 'NONE', #2970, 2.100000000000015188 ) ;
#4724 = EDGE_CURVE ( 'NONE', #5750, #482, #4896, .T. ) ;
#4725 = CARTESIAN_POINT ( 'NONE',  ( -32.99999999999998579, -3.000000000000000000, 33.99999999999999289 ) ) ;
#4726 = DIRECTION ( 'NONE',  ( 1.000000000000000000, 0.000000000000000000, 0.000000000000000000 ) ) ;
#4727 = DIRECTION ( 'NONE',  ( 0.000000000000000000, 0.000000000000000000, 1.000000000000000000 ) ) ;
#4728 = DIRECTION ( 'NONE',  ( -0.000000000000000000, -0.000000000000000000, -1.000000000000000000 ) ) ;
#4729 = AXIS2_PLACEMENT_3D ( 'NONE', #670, #2740, #4833 ) ;
#4730 = ORIENTED_EDGE ( 'NONE', *, *, #4887, .F. ) ;
#4731 = ORIENTED_EDGE ( 'NONE', *, *, #3511, .F. ) ;
#4732 = DIRECTION ( 'NONE',  ( 1.000000000000000000, 0.000000000000000000, 0.000000000000000000 ) ) ;
#4733 = EDGE_CURVE ( 'NONE', #5661, #3898, #3357, .T. ) ;
#4734 = CARTESIAN_POINT ( 'NONE',  ( 18.24999999999998934, -55.00000000000000711, 8.000000000000000000 ) ) ;
#4735 = CIRCLE ( 'NONE', #2868, 1.750000000000015543 ) ;
#4736 = CARTESIAN_POINT ( 'NONE',  ( 10.00000000000000533, -55.00000000000000711, 8.000000000000000000 ) ) ;
#4737 = ORIENTED_EDGE ( 'NONE', *, *, #1235, .F. ) ;
#4738 = CARTESIAN_POINT ( 'NONE',  ( -120.0000000000000284, 59.99999999999998579, 8.000000000000000000 ) ) ;
#4739 = FACE_BOUND ( 'NONE', #6358, .T. ) ;
#4740 = ORIENTED_EDGE ( 'NONE', *, *, #4733, .F. ) ;
#4741 = DIRECTION ( 'NONE',  ( -0.000000000000000000, -0.000000000000000000, -1.000000000000000000 ) ) ;
#4742 = DIRECTION ( 'NONE',  ( -0.000000000000000000, -0.000000000000000000, -1.000000000000000000 ) ) ;
#4743 = LINE ( 'NONE', #1137, #6523 ) ;
#4744 = EDGE_LOOP ( 'NONE', ( #3991, #4426 ) ) ;
#4745 = ORIENTED_EDGE ( 'NONE', *, *, #5629, .F. ) ;
#4746 = ORIENTED_EDGE ( 'NONE', *, *, #2093, .F. ) ;
#4747 = CARTESIAN_POINT ( 'NONE',  ( 16.99999999999998579, -5.000000000000004441, 0.000000000000000000 ) ) ;
#4748 = DIRECTION ( 'NONE',  ( -0.000000000000000000, -0.000000000000000000, 1.000000000000000000 ) ) ;
#4749 = ORIENTED_EDGE ( 'NONE', *, *, #5886, .F. ) ;
#4750 = FACE_OUTER_BOUND ( 'NONE', #5785, .T. ) ;
#4751 = ADVANCED_FACE ( 'NONE', ( #4995 ), #873, .F. ) ;
#4752 = DIRECTION ( 'NONE',  ( -1.000000000000000000, 0.000000000000000000, 0.000000000000000000 ) ) ;
#4753 = ORIENTED_EDGE ( 'NONE', *, *, #3798, .F. ) ;
#4754 = CIRCLE ( 'NONE', #3985, 1.500000000000015099 ) ;
#4755 = EDGE_LOOP ( 'NONE', ( #2250, #5116, #955, #2891 ) ) ;
#4756 = EDGE_CURVE ( 'NONE', #4764, #2673, #3095, .T. ) ;
#4757 = LINE ( 'NONE', #125, #5583 ) ;
#4758 = AXIS2_PLACEMENT_3D ( 'NONE', #2473, #4561, #6638 ) ;
#4759 = EDGE_CURVE ( 'NONE', #5841, #2832, #4082, .T. ) ;
#4760 = FACE_OUTER_BOUND ( 'NONE', #2283, .T. ) ;
#4761 = FACE_OUTER_BOUND ( 'NONE', #6453, .T. ) ;
#4762 = EDGE_CURVE ( 'NONE', #4764, #4266, #2137, .T. ) ;
#4763 = DIRECTION ( 'NONE',  ( 1.000000000000000000, 0.000000000000000000, -0.000000000000000000 ) ) ;
#4764 = VERTEX_POINT ( 'NONE', #4598 ) ;
#4765 = AXIS2_PLACEMENT_3D ( 'NONE', #3675, #5385, #2211 ) ;
#4766 = ORIENTED_EDGE ( 'NONE', *, *, #6674, .T. ) ;
#4767 = CARTESIAN_POINT ( 'NONE',  ( -26.74999999999995737, -14.75000000000001243, 4.000000000000000000 ) ) ;
#4768 = EDGE_CURVE ( 'NONE', #3973, #1884, #2561, .T. ) ;
#4769 = CARTESIAN_POINT ( 'NONE',  ( 3.000000000000019984, -55.00000000000001421, 0.000000000000000000 ) ) ;
#4770 = CARTESIAN_POINT ( 'NONE',  ( -115.9999999999999858, 119.9999999999999716, 0.000000000000000000 ) ) ;
#4771 = VERTEX_POINT ( 'NONE', #510 ) ;
#4772 = DIRECTION ( 'NONE',  ( 4.625929269271485914E-16, -1.000000000000000000, 0.000000000000000000 ) ) ;
#4773 = ORIENTED_EDGE ( 'NONE', *, *, #385, .T. ) ;
#4774 = EDGE_CURVE ( 'NONE', #5379, #2699, #4754, .T. ) ;
#4775 = ORIENTED_EDGE ( 'NONE', *, *, #6391, .T. ) ;
#4776 = CIRCLE ( 'NONE', #5429, 3.000000000000012879 ) ;
#4777 = DIRECTION ( 'NONE',  ( -0.000000000000000000, -0.000000000000000000, 1.000000000000000000 ) ) ;
#4778 = CARTESIAN_POINT ( 'NONE',  ( -49.99999999999995737, 67.49999999999997158, 3.000000000000000000 ) ) ;
#4779 = CARTESIAN_POINT ( 'NONE',  ( -106.4999999999999574, 116.4999999999999716, 0.000000000000000000 ) ) ;
#4780 = CIRCLE ( 'NONE', #3795, 1.750000000000013767 ) ;
#4781 = VERTEX_POINT ( 'NONE', #6680 ) ;
#4782 = ORIENTED_EDGE ( 'NONE', *, *, #1999, .F. ) ;
#4783 = ORIENTED_EDGE ( 'NONE', *, *, #1185, .F. ) ;
#4784 = CARTESIAN_POINT ( 'NONE',  ( 16.99999999999998934, -45.00000000000000711, 4.000000000000003553 ) ) ;
#4785 = CARTESIAN_POINT ( 'NONE',  ( 0.000000000000000000, 104.0000000000000142, 16.00000000000000000 ) ) ;
#4786 = ORIENTED_EDGE ( 'NONE', *, *, #4887, .T. ) ;
#4787 = CARTESIAN_POINT ( 'NONE',  ( 14.25000000000002309, 108.0000000000000142, 8.000000000000000000 ) ) ;
#4788 = CARTESIAN_POINT ( 'NONE',  ( -115.9999999999999858, 119.9999999999999716, 8.000000000000000000 ) ) ;
#4789 = EDGE_LOOP ( 'NONE', ( #1616, #6641, #3931, #6509 ) ) ;
#4790 = AXIS2_PLACEMENT_3D ( 'NONE', #1832, #2190, #3886 ) ;
#4791 = ORIENTED_EDGE ( 'NONE', *, *, #3508, .T. ) ;
#4792 = CARTESIAN_POINT ( 'NONE',  ( -22.99999999999998579, 108.0000000000000142, 8.000000000000000000 ) ) ;
#4793 = DIRECTION ( 'NONE',  ( -0.000000000000000000, -0.000000000000000000, -1.000000000000000000 ) ) ;
#4794 = VECTOR ( 'NONE', #710, 1000.000000000000000 ) ;
#4795 = DIRECTION ( 'NONE',  ( -0.000000000000000000, -0.000000000000000000, -1.000000000000000000 ) ) ;
#4796 = CARTESIAN_POINT ( 'NONE',  ( -22.99999999999998579, 108.0000000000000142, 8.000000000000000000 ) ) ;
#4797 = EDGE_CURVE ( 'NONE', #4156, #2935, #3225, .T. ) ;
#4798 = EDGE_LOOP ( 'NONE', ( #6492, #2249 ) ) ;
#4799 = VECTOR ( 'NONE', #4241, 1000.000000000000000 ) ;
#4800 = ORIENTED_EDGE ( 'NONE', *, *, #2706, .T. ) ;
#4801 = FACE_BOUND ( 'NONE', #2799, .T. ) ;
#4802 = CARTESIAN_POINT ( 'NONE',  ( -36.00000000000000711, 63.00000000000000000, 33.99999999999999289 ) ) ;
#4803 = EDGE_CURVE ( 'NONE', #676, #1414, #4866, .T. ) ;
#4804 = LINE ( 'NONE', #274, #6205 ) ;
#4805 = ORIENTED_EDGE ( 'NONE', *, *, #1827, .F. ) ;
#4806 = CARTESIAN_POINT ( 'NONE',  ( -19.99999999999998934, 3.749999999999959144, 44.00000000000000000 ) ) ;
#4807 = EDGE_CURVE ( 'NONE', #3458, #590, #5729, .T. ) ;
#4808 = FACE_BOUND ( 'NONE', #1479, .T. ) ;
#4809 = ADVANCED_FACE ( 'NONE', ( #3967 ), #2901, .F. ) ;
#4810 = ORIENTED_EDGE ( 'NONE', *, *, #2877, .F. ) ;
#4811 = DIRECTION ( 'NONE',  ( -1.000000000000000000, 0.000000000000000000, 0.000000000000000000 ) ) ;
#4812 = AXIS2_PLACEMENT_3D ( 'NONE', #898, #2388, #4438 ) ;
#4813 = DIRECTION ( 'NONE',  ( -1.000000000000000000, 0.000000000000000000, 0.000000000000000000 ) ) ;
#4814 = ADVANCED_FACE ( 'NONE', ( #4665 ), #2547, .F. ) ;
#4815 = DIRECTION ( 'NONE',  ( -0.000000000000000000, -0.000000000000000000, -1.000000000000000000 ) ) ;
#4816 = AXIS2_PLACEMENT_3D ( 'NONE', #2063, #3083, #4072 ) ;
#4817 = ORIENTED_EDGE ( 'NONE', *, *, #1378, .F. ) ;
#4818 = EDGE_LOOP ( 'NONE', ( #2751, #6126, #1663, #2647 ) ) ;
#4819 = ORIENTED_EDGE ( 'NONE', *, *, #2903, .T. ) ;
#4820 = DIRECTION ( 'NONE',  ( -0.000000000000000000, -0.000000000000000000, -1.000000000000000000 ) ) ;
#4821 = CIRCLE ( 'NONE', #1972, 1.750000000000011990 ) ;
#4822 = CIRCLE ( 'NONE', #2632, 1.500000000000015099 ) ;
#4823 = DIRECTION ( 'NONE',  ( 1.000000000000000000, 0.000000000000000000, 0.000000000000000000 ) ) ;
#4824 = PLANE ( 'NONE',  #3567 ) ;
#4825 = ORIENTED_EDGE ( 'NONE', *, *, #1194, .F. ) ;
#4826 = AXIS2_PLACEMENT_3D ( 'NONE', #4792, #4376, #3323 ) ;
#4827 = EDGE_LOOP ( 'NONE', ( #964, #1349, #1340, #6561 ) ) ;
#4828 = CARTESIAN_POINT ( 'NONE',  ( -19.99999999999999289, 56.24999999999994316, 8.000000000000000000 ) ) ;
#4829 = CARTESIAN_POINT ( 'NONE',  ( 26.00000000000001066, 119.9999999999999716, 8.000000000000000000 ) ) ;
#4830 = AXIS2_PLACEMENT_3D ( 'NONE', #6442, #4290, #5353 ) ;
#4831 = CARTESIAN_POINT ( 'NONE',  ( 51.49999999999998579, 8.500000000000007105, 3.000000000000000000 ) ) ;
#4832 = DIRECTION ( 'NONE',  ( -0.000000000000000000, -0.000000000000000000, -1.000000000000000000 ) ) ;
#4833 = DIRECTION ( 'NONE',  ( 1.000000000000000000, 0.000000000000000000, 0.000000000000000000 ) ) ;
#4834 = ORIENTED_EDGE ( 'NONE', *, *, #1871, .F. ) ;
#4835 = CIRCLE ( 'NONE', #5049, 2.500000000000015987 ) ;
#4836 = DIRECTION ( 'NONE',  ( -0.000000000000000000, -0.000000000000000000, -1.000000000000000000 ) ) ;
#4837 = FACE_OUTER_BOUND ( 'NONE', #637, .T. ) ;
#4838 = CARTESIAN_POINT ( 'NONE',  ( 15.10000000000003162, 72.00000000000001421, 1.224646799147356350E-17 ) ) ;
#4839 = EDGE_LOOP ( 'NONE', ( #2484, #4147 ) ) ;
#4840 = CARTESIAN_POINT ( 'NONE',  ( -13.75000000000000000, 17.00000000000000000, 44.00000000000000000 ) ) ;
#4841 = AXIS2_PLACEMENT_3D ( 'NONE', #4304, #3925, #3278 ) ;
#4842 = FACE_BOUND ( 'NONE', #749, .T. ) ;
#4843 = VERTEX_POINT ( 'NONE', #6273 ) ;
#4844 = CIRCLE ( 'NONE', #6581, 1.500000000000011768 ) ;
#4845 = CARTESIAN_POINT ( 'NONE',  ( -108.9999999999999716, 116.4999999999999716, 3.000000000000000000 ) ) ;
#4846 = DIRECTION ( 'NONE',  ( 1.000000000000000000, 0.000000000000000000, 0.000000000000000000 ) ) ;
#4847 = EDGE_CURVE ( 'NONE', #4611, #464, #3545, .T. ) ;
#4848 = CARTESIAN_POINT ( 'NONE',  ( -31.74999999999998579, -14.75000000000001243, 8.000000000000001776 ) ) ;
#4849 = ADVANCED_FACE ( 'NONE', ( #3575 ), #4152, .F. ) ;
#4850 = VECTOR ( 'NONE', #857, 1000.000000000000000 ) ;
#4851 = ADVANCED_FACE ( 'NONE', ( #1568 ), #3649, .T. ) ;
#4852 = VERTEX_POINT ( 'NONE', #1532 ) ;
#4853 = ORIENTED_EDGE ( 'NONE', *, *, #1551, .T. ) ;
#4854 = ORIENTED_EDGE ( 'NONE', *, *, #2583, .T. ) ;
#4855 = CYLINDRICAL_SURFACE ( 'NONE', #3745, 4.000000000000000000 ) ;
#4856 = ADVANCED_FACE ( 'NONE', ( #5728 ), #1065, .F. ) ;
#4857 = DIRECTION ( 'NONE',  ( 0.000000000000000000, 0.000000000000000000, -1.000000000000000000 ) ) ;
#4858 = DIRECTION ( 'NONE',  ( -0.000000000000000000, -0.000000000000000000, -1.000000000000000000 ) ) ;
#4859 = ORIENTED_EDGE ( 'NONE', *, *, #1029, .T. ) ;
#4860 = EDGE_CURVE ( 'NONE', #2653, #6249, #2113, .T. ) ;
#4861 = ORIENTED_EDGE ( 'NONE', *, *, #905, .T. ) ;
#4862 = DIRECTION ( 'NONE',  ( -0.000000000000000000, -0.000000000000000000, 1.000000000000000000 ) ) ;
#4863 = FACE_BOUND ( 'NONE', #5256, .T. ) ;
#4864 = CARTESIAN_POINT ( 'NONE',  ( 10.00000000000000000, -21.50000000000001066, 1.530808498934192064E-16 ) ) ;
#4865 = DIRECTION ( 'NONE',  ( -0.000000000000000000, -0.000000000000000000, 1.000000000000000000 ) ) ;
#4866 = CIRCLE ( 'NONE', #1914, 1.750000000000015543 ) ;
#4867 = VERTEX_POINT ( 'NONE', #1205 ) ;
#4868 = FACE_OUTER_BOUND ( 'NONE', #1138, .T. ) ;
#4869 = VECTOR ( 'NONE', #1057, 1000.000000000000000 ) ;
#4870 = CYLINDRICAL_SURFACE ( 'NONE', #5037, 1.500000000000015099 ) ;
#4871 = CARTESIAN_POINT ( 'NONE',  ( 51.49999999999998579, 8.500000000000007105, 8.000000000000007105 ) ) ;
#4872 = ORIENTED_EDGE ( 'NONE', *, *, #6135, .T. ) ;
#4873 = DIRECTION ( 'NONE',  ( -1.000000000000000000, 0.000000000000000000, 0.000000000000000000 ) ) ;
#4874 = FACE_BOUND ( 'NONE', #2629, .T. ) ;
#4875 = CIRCLE ( 'NONE', #5311, 1.750000000000013323 ) ;
#4876 = EDGE_LOOP ( 'NONE', ( #4709, #1085, #4536, #6460 ) ) ;
#4877 = DIRECTION ( 'NONE',  ( 1.301042606982604138E-15, 1.000000000000000000, 0.000000000000000000 ) ) ;
#4878 = DIRECTION ( 'NONE',  ( 0.000000000000000000, 0.000000000000000000, 1.000000000000000000 ) ) ;
#4879 = CIRCLE ( 'NONE', #4651, 1.750000000000015543 ) ;
#4880 = DIRECTION ( 'NONE',  ( 1.000000000000000000, 0.000000000000000000, 0.000000000000000000 ) ) ;
#4881 = ORIENTED_EDGE ( 'NONE', *, *, #861, .T. ) ;
#4882 = AXIS2_PLACEMENT_3D ( 'NONE', #1647, #2124, #50 ) ;
#4883 = VERTEX_POINT ( 'NONE', #4363 ) ;
#4884 = ORIENTED_EDGE ( 'NONE', *, *, #4018, .T. ) ;
#4885 = AXIS2_PLACEMENT_3D ( 'NONE', #1979, #2999, #5118 ) ;
#4886 = FACE_OUTER_BOUND ( 'NONE', #4876, .T. ) ;
#4887 = EDGE_CURVE ( 'NONE', #7, #5283, #395, .T. ) ;
#4888 = CIRCLE ( 'NONE', #6415, 2.100000000000015188 ) ;
#4889 = DIRECTION ( 'NONE',  ( -0.000000000000000000, -0.000000000000000000, -1.000000000000000000 ) ) ;
#4890 = DIRECTION ( 'NONE',  ( 1.000000000000000000, 0.000000000000000000, 0.000000000000000000 ) ) ;
#4891 = ORIENTED_EDGE ( 'NONE', *, *, #1585, .F. ) ;
#4892 = EDGE_CURVE ( 'NONE', #3606, #5329, #145, .T. ) ;
#4893 = EDGE_LOOP ( 'NONE', ( #5905, #1442 ) ) ;
#4894 = EDGE_CURVE ( 'NONE', #6140, #1864, #4089, .T. ) ;
#4895 = FACE_BOUND ( 'NONE', #4159, .T. ) ;
#4896 = LINE ( 'NONE', #5952, #946 ) ;
#4897 = ADVANCED_FACE ( 'NONE', ( #1171 ), #1136, .F. ) ;
#4898 = DIRECTION ( 'NONE',  ( 1.000000000000000000, 0.000000000000000000, 0.000000000000000000 ) ) ;
#4899 = LINE ( 'NONE', #1221, #2033 ) ;
#4900 = LINE ( 'NONE', #3221, #923 ) ;
#4901 = EDGE_LOOP ( 'NONE', ( #3838, #4402, #5647, #5321 ) ) ;
#4902 = DIRECTION ( 'NONE',  ( 0.000000000000000000, 0.000000000000000000, 1.000000000000000000 ) ) ;
#4903 = AXIS2_PLACEMENT_3D ( 'NONE', #6316, #2856, #4949 ) ;
#4904 = DIRECTION ( 'NONE',  ( 0.000000000000000000, -0.000000000000000000, 1.000000000000000000 ) ) ;
#4905 = CARTESIAN_POINT ( 'NONE',  ( -28.75000000000000000, -4.000000000000001776, 44.00000000000000000 ) ) ;
#4906 = ORIENTED_EDGE ( 'NONE', *, *, #2839, .F. ) ;
#4907 = DIRECTION ( 'NONE',  ( 1.000000000000000000, 0.000000000000000000, 0.000000000000000000 ) ) ;
#4908 = DIRECTION ( 'NONE',  ( 0.000000000000000000, 0.000000000000000000, -1.000000000000000000 ) ) ;
#4909 = VECTOR ( 'NONE', #5098, 1000.000000000000000 ) ;
#4910 = ORIENTED_EDGE ( 'NONE', *, *, #5676, .T. ) ;
#4911 = CARTESIAN_POINT ( 'NONE',  ( -112.2499999999999574, -14.75000000000001243, 8.000000000000000000 ) ) ;
#4912 = CARTESIAN_POINT ( 'NONE',  ( 10.00000000000000355, -35.00000000000000000, 0.000000000000000000 ) ) ;
#4914 = DIRECTION ( 'NONE',  ( -0.000000000000000000, -0.000000000000000000, -1.000000000000000000 ) ) ;
#4913 = CIRCLE ( 'NONE', #2491, 1.750000000000011990 ) ;
#4915 = CARTESIAN_POINT ( 'NONE',  ( 13.00000000000001776, 72.00000000000001421, 0.000000000000000000 ) ) ;
#4916 = VERTEX_POINT ( 'NONE', #215 ) ;
#4917 = AXIS2_PLACEMENT_3D ( 'NONE', #5060, #390, #5609 ) ;
#4918 = VERTEX_POINT ( 'NONE', #4848 ) ;
#4919 = DIRECTION ( 'NONE',  ( 0.000000000000000000, 0.000000000000000000, 1.000000000000000000 ) ) ;
#4920 = DIRECTION ( 'NONE',  ( -0.000000000000000000, -0.000000000000000000, -1.000000000000000000 ) ) ;
#4921 = VECTOR ( 'NONE', #5434, 1000.000000000000000 ) ;
#4922 = PLANE ( 'NONE',  #1611 ) ;
#4923 = ORIENTED_EDGE ( 'NONE', *, *, #3252, .F. ) ;
#4924 = ORIENTED_EDGE ( 'NONE', *, *, #278, .F. ) ;
#4925 = CIRCLE ( 'NONE', #6340, 1.250000000000011546 ) ;
#4926 = ORIENTED_EDGE ( 'NONE', *, *, #1715, .F. ) ;
#4927 = AXIS2_PLACEMENT_3D ( 'NONE', #3224, #4284, #5314 ) ;
#4928 = FACE_BOUND ( 'NONE', #4062, .T. ) ;
#4929 = CARTESIAN_POINT ( 'NONE',  ( -11.00000000000000178, 68.00000000000000000, 33.99999999999999289 ) ) ;
#4930 = DIRECTION ( 'NONE',  ( -0.000000000000000000, -0.000000000000000000, -1.000000000000000000 ) ) ;
#4931 = CARTESIAN_POINT ( 'NONE',  ( -10.24999999999997513, 17.00000000000000000, 33.99999999999999289 ) ) ;
#4932 = CIRCLE ( 'NONE', #3618, 2.500000000000015987 ) ;
#4933 = DIRECTION ( 'NONE',  ( -0.000000000000000000, -0.000000000000000000, 1.000000000000000000 ) ) ;
#4934 = EDGE_CURVE ( 'NONE', #105, #2559, #3772, .T. ) ;
#4935 = ORIENTED_EDGE ( 'NONE', *, *, #3081, .F. ) ;
#4936 = AXIS2_PLACEMENT_3D ( 'NONE', #2142, #5285, #6269 ) ;
#4937 = CARTESIAN_POINT ( 'NONE',  ( -115.7499999999999858, -14.75000000000001243, 8.000000000000001776 ) ) ;
#4938 = DIRECTION ( 'NONE',  ( -0.000000000000000000, 0.000000000000000000, 1.000000000000000000 ) ) ;
#4939 = DIRECTION ( 'NONE',  ( -1.000000000000000000, 0.000000000000000000, 0.000000000000000000 ) ) ;
#4940 = ORIENTED_EDGE ( 'NONE', *, *, #5360, .T. ) ;
#4941 = CARTESIAN_POINT ( 'NONE',  ( 13.00000000000001776, 72.00000000000001421, 1.224646799147356350E-17 ) ) ;
#4942 = FACE_BOUND ( 'NONE', #4691, .T. ) ;
#4943 = CIRCLE ( 'NONE', #3308, 3.000000000000012879 ) ;
#4944 = EDGE_CURVE ( 'NONE', #1504, #6336, #3752, .T. ) ;
#4945 = ORIENTED_EDGE ( 'NONE', *, *, #3672, .F. ) ;
#4946 = DIRECTION ( 'NONE',  ( -0.000000000000000000, -0.000000000000000000, 1.000000000000000000 ) ) ;
#4947 = DIRECTION ( 'NONE',  ( -1.000000000000000000, 0.000000000000000000, 0.000000000000000000 ) ) ;
#4948 = AXIS2_PLACEMENT_3D ( 'NONE', #6007, #2764, #1710 ) ;
#4949 = DIRECTION ( 'NONE',  ( 1.000000000000000000, 0.000000000000000000, 0.000000000000000000 ) ) ;
#4950 = CARTESIAN_POINT ( 'NONE',  ( 10.90000000000000568, 72.00000000000001421, 1.224646799147356350E-17 ) ) ;
#4951 = ORIENTED_EDGE ( 'NONE', *, *, #507, .T. ) ;
#4952 = VECTOR ( 'NONE', #5144, 1000.000000000000000 ) ;
#4953 = VERTEX_POINT ( 'NONE', #4297 ) ;
#4954 = DIRECTION ( 'NONE',  ( 0.000000000000000000, 0.000000000000000000, 1.000000000000000000 ) ) ;
#4955 = VECTOR ( 'NONE', #3533, 1000.000000000000000 ) ;
#4956 = FACE_OUTER_BOUND ( 'NONE', #661, .T. ) ;
#4957 = DIRECTION ( 'NONE',  ( -0.000000000000000000, -0.000000000000000000, -1.000000000000000000 ) ) ;
#4958 = VERTEX_POINT ( 'NONE', #4778 ) ;
#4959 = ORIENTED_EDGE ( 'NONE', *, *, #3558, .T. ) ;
#4960 = EDGE_LOOP ( 'NONE', ( #6210, #289 ) ) ;
#4961 = EDGE_CURVE ( 'NONE', #5222, #4619, #2241, .T. ) ;
#4962 = FACE_BOUND ( 'NONE', #1102, .T. ) ;
#4963 = DIRECTION ( 'NONE',  ( -1.000000000000000000, 0.000000000000000000, 0.000000000000000000 ) ) ;
#4964 = DIRECTION ( 'NONE',  ( -0.000000000000000000, -0.7071067811865521247, 0.7071067811865429098 ) ) ;
#4965 = DIRECTION ( 'NONE',  ( -0.000000000000000000, -0.000000000000000000, 1.000000000000000000 ) ) ;
#4966 = DIRECTION ( 'NONE',  ( -0.000000000000000000, -0.000000000000000000, 1.000000000000000000 ) ) ;
#4967 = ORIENTED_EDGE ( 'NONE', *, *, #5716, .F. ) ;
#4968 = PLANE ( 'NONE',  #254 ) ;
#4969 = EDGE_CURVE ( 'NONE', #536, #141, #3106, .T. ) ;
#4970 = DIRECTION ( 'NONE',  ( -0.000000000000000000, -0.000000000000000000, 1.000000000000000000 ) ) ;
#4971 = CARTESIAN_POINT ( 'NONE',  ( -50.99999999999995737, 67.49999999999997158, 1.224646799147353454E-16 ) ) ;
#4972 = DIRECTION ( 'NONE',  ( -1.000000000000000000, 0.000000000000000000, 0.000000000000000000 ) ) ;
#4973 = CARTESIAN_POINT ( 'NONE',  ( -48.49999999999995026, 116.4999999999999716, 8.000000000000000000 ) ) ;
#4974 = VERTEX_POINT ( 'NONE', #6380 ) ;
#4975 = CARTESIAN_POINT ( 'NONE',  ( -10.99999999999996803, 0.000000000000000000, 8.000000000000000000 ) ) ;
#4976 = EDGE_CURVE ( 'NONE', #3386, #4781, #1283, .T. ) ;
#4977 = CARTESIAN_POINT ( 'NONE',  ( -40.99999999999995026, 108.0000000000000142, 13.75000000000001599 ) ) ;
#4978 = CARTESIAN_POINT ( 'NONE',  ( 10.00000000000000000, -21.50000000000001066, 8.000000000000001776 ) ) ;
#4979 = FACE_OUTER_BOUND ( 'NONE', #3921, .T. ) ;
#4980 = AXIS2_PLACEMENT_3D ( 'NONE', #6130, #1464, #3535 ) ;
#4981 = EDGE_CURVE ( 'NONE', #6589, #761, #2246, .T. ) ;
#4982 = ORIENTED_EDGE ( 'NONE', *, *, #2092, .F. ) ;
#4983 = EDGE_LOOP ( 'NONE', ( #1067, #1821, #415, #3244 ) ) ;
#4984 = AXIS2_PLACEMENT_3D ( 'NONE', #4421, #3431, #2881 ) ;
#4985 = DIRECTION ( 'NONE',  ( 0.000000000000000000, 0.000000000000000000, -1.000000000000000000 ) ) ;
#4986 = EDGE_CURVE ( 'NONE', #711, #826, #5837, .T. ) ;
#4987 = DIRECTION ( 'NONE',  ( -1.000000000000000000, 0.000000000000000000, 0.000000000000000000 ) ) ;
#4988 = DIRECTION ( 'NONE',  ( -0.000000000000000000, -0.000000000000000000, -1.000000000000000000 ) ) ;
#4989 = AXIS2_PLACEMENT_3D ( 'NONE', #199, #3936, #2398 ) ;
#4990 = ORIENTED_EDGE ( 'NONE', *, *, #1194, .T. ) ;
#4991 = ORIENTED_EDGE ( 'NONE', *, *, #720, .T. ) ;
#4992 = EDGE_LOOP ( 'NONE', ( #3320, #3277, #5602, #5717 ) ) ;
#4993 = CIRCLE ( 'NONE', #2156, 1.750000000000011990 ) ;
#4994 = FACE_BOUND ( 'NONE', #5962, .T. ) ;
#4995 = FACE_OUTER_BOUND ( 'NONE', #6439, .T. ) ;
#4996 = DIRECTION ( 'NONE',  ( 1.000000000000000000, 0.000000000000000000, 0.000000000000000000 ) ) ;
#4997 = DIRECTION ( 'NONE',  ( 1.000000000000000000, 0.000000000000000000, 0.000000000000000000 ) ) ;
#4998 = DIRECTION ( 'NONE',  ( -0.000000000000000000, -0.000000000000000000, -1.000000000000000000 ) ) ;
#4999 = CIRCLE ( 'NONE', #2272, 1.250000000000015099 ) ;
#5000 = ORIENTED_EDGE ( 'NONE', *, *, #218, .F. ) ;
#5001 = DIRECTION ( 'NONE',  ( -0.000000000000000000, -0.000000000000000000, 1.000000000000000000 ) ) ;
#5002 = EDGE_CURVE ( 'NONE', #5942, #4672, #620, .T. ) ;
#5003 = DIRECTION ( 'NONE',  ( 1.000000000000000000, 0.000000000000000000, 0.000000000000000000 ) ) ;
#5004 = LINE ( 'NONE', #2404, #5114 ) ;
#5005 = CYLINDRICAL_SURFACE ( 'NONE', #3006, 3.000000000000012879 ) ;
#5006 = DIRECTION ( 'NONE',  ( -0.000000000000000000, -0.000000000000000000, -1.000000000000000000 ) ) ;
#5007 = CIRCLE ( 'NONE', #6741, 3.250000000000016875 ) ;
#5008 = ORIENTED_EDGE ( 'NONE', *, *, #6019, .T. ) ;
#5009 = EDGE_CURVE ( 'NONE', #217, #3036, #4643, .T. ) ;
#5010 = FACE_OUTER_BOUND ( 'NONE', #1373, .T. ) ;
#5011 = LINE ( 'NONE', #5072, #5164 ) ;
#5012 = CARTESIAN_POINT ( 'NONE',  ( -107.9999999999999716, 116.4999999999999716, 8.000000000000000000 ) ) ;
#5013 = EDGE_LOOP ( 'NONE', ( #5269, #1566 ) ) ;
#5014 = CYLINDRICAL_SURFACE ( 'NONE', #1486, 1.750000000000011990 ) ;
#5015 = ADVANCED_FACE ( 'NONE', ( #2685 ), #718, .F. ) ;
#5016 = AXIS2_PLACEMENT_3D ( 'NONE', #1127, #2643, #1024 ) ;
#5017 = ORIENTED_EDGE ( 'NONE', *, *, #925, .F. ) ;
#5018 = VERTEX_POINT ( 'NONE', #6345 ) ;
#5019 = ADVANCED_FACE ( 'NONE', ( #4225, #6309 ), #3715, .F. ) ;
#5020 = ADVANCED_FACE ( 'NONE', ( #108 ), #2183, .T. ) ;
#5021 = AXIS2_PLACEMENT_3D ( 'NONE', #4278, #2331, #4898 ) ;
#5022 = DIRECTION ( 'NONE',  ( -0.000000000000000000, -0.000000000000000000, -1.000000000000000000 ) ) ;
#5023 = DIRECTION ( 'NONE',  ( -0.000000000000000000, -0.000000000000000000, 1.000000000000000000 ) ) ;
#5024 = DIRECTION ( 'NONE',  ( 1.000000000000000000, 0.000000000000000000, 0.000000000000000000 ) ) ;
#5025 = ORIENTED_EDGE ( 'NONE', *, *, #2459, .F. ) ;
#5026 = EDGE_LOOP ( 'NONE', ( #8, #1276, #4085, #1010 ) ) ;
#5027 = EDGE_LOOP ( 'NONE', ( #1686, #220, #791, #1977 ) ) ;
#5028 = CIRCLE ( 'NONE', #2299, 3.000000000000012879 ) ;
#5029 = CARTESIAN_POINT ( 'NONE',  ( 8.499999999999984013, 51.50000000000000711, 8.000000000000007105 ) ) ;
#5030 = CARTESIAN_POINT ( 'NONE',  ( -120.0000000000000000, 3.749999999999947153, 8.000000000000000000 ) ) ;
#5031 =( LENGTH_UNIT ( ) NAMED_UNIT ( * ) SI_UNIT ( .MILLI., .METRE. ) );
#5032 = CARTESIAN_POINT ( 'NONE',  ( -5.837290253120440868E-15, -21.50000000000001066, 4.000000000000000000 ) ) ;
#5033 = DIRECTION ( 'NONE',  ( -1.000000000000000000, 0.000000000000000000, 0.000000000000000000 ) ) ;
#5034 = CIRCLE ( 'NONE', #3285, 4.000000000000003553 ) ;
#5035 = ORIENTED_EDGE ( 'NONE', *, *, #3159, .F. ) ;
#5036 = FACE_OUTER_BOUND ( 'NONE', #2122, .T. ) ;
#5037 = AXIS2_PLACEMENT_3D ( 'NONE', #1294, #5827, #1163 ) ;
#5039 = DIRECTION ( 'NONE',  ( -0.000000000000000000, -0.000000000000000000, -1.000000000000000000 ) ) ;
#5038 = AXIS2_PLACEMENT_3D ( 'NONE', #1822, #4418, #2367 ) ;
#5040 = CARTESIAN_POINT ( 'NONE',  ( -28.24999999999995737, -54.75000000000002132, 4.000000000000000000 ) ) ;
#5041 = LINE ( 'NONE', #334, #6357 ) ;
#5042 = VECTOR ( 'NONE', #6394, 1000.000000000000000 ) ;
#5043 = EDGE_LOOP ( 'NONE', ( #1263, #5355, #2416, #1459 ) ) ;
#5044 = DIRECTION ( 'NONE',  ( -0.000000000000000000, -0.000000000000000000, -1.000000000000000000 ) ) ;
#5045 = CARTESIAN_POINT ( 'NONE',  ( -113.9999999999999858, -54.75000000000002132, 0.000000000000000000 ) ) ;
#5046 = CARTESIAN_POINT ( 'NONE',  ( 6.360652745248292417E-15, -45.00000000000001421, 0.000000000000000000 ) ) ;
#5047 = DIRECTION ( 'NONE',  ( 0.000000000000000000, 0.000000000000000000, -1.000000000000000000 ) ) ;
#5048 = ORIENTED_EDGE ( 'NONE', *, *, #1178, .T. ) ;
#5049 = AXIS2_PLACEMENT_3D ( 'NONE', #3946, #6063, #5524 ) ;
#5050 = DIRECTION ( 'NONE',  ( -1.000000000000000000, 0.000000000000000000, 0.000000000000000000 ) ) ;
#5051 = ADVANCED_FACE ( 'NONE', ( #6449 ), #1371, .F. ) ;
#5052 = CARTESIAN_POINT ( 'NONE',  ( 4.047688110612550150E-15, -5.000000000000011546, 0.000000000000000000 ) ) ;
#5053 = CIRCLE ( 'NONE', #2760, 1.500000000000015099 ) ;
#5054 = ORIENTED_EDGE ( 'NONE', *, *, #4465, .F. ) ;
#5055 = ORIENTED_EDGE ( 'NONE', *, *, #6666, .T. ) ;
#5056 = ORIENTED_EDGE ( 'NONE', *, *, #5679, .T. ) ;
#5057 = CIRCLE ( 'NONE', #479, 1.250000000000011546 ) ;
#5058 = CARTESIAN_POINT ( 'NONE',  ( 8.249999999999991118, -55.00000000000000711, 8.000000000000000000 ) ) ;
#5059 = ORIENTED_EDGE ( 'NONE', *, *, #598, .F. ) ;
#5060 = CARTESIAN_POINT ( 'NONE',  ( -29.99999999999997158, -14.75000000000001243, 4.000000000000000000 ) ) ;
#5061 = FACE_OUTER_BOUND ( 'NONE', #3483, .T. ) ;
#5062 = EDGE_CURVE ( 'NONE', #2907, #2557, #1060, .T. ) ;
#5063 = CARTESIAN_POINT ( 'NONE',  ( 20.00000000000000355, -55.00000000000000711, 4.000000000000003553 ) ) ;
#5064 = AXIS2_PLACEMENT_3D ( 'NONE', #144, #1204, #6413 ) ;
#5065 = EDGE_LOOP ( 'NONE', ( #2066, #5943 ) ) ;
#5066 = PLANE ( 'NONE',  #2956 ) ;
#5067 = CYLINDRICAL_SURFACE ( 'NONE', #4463, 3.250000000000016875 ) ;
#5068 = DIRECTION ( 'NONE',  ( -0.000000000000000000, -0.000000000000000000, -1.000000000000000000 ) ) ;
#5069 = DIRECTION ( 'NONE',  ( 1.000000000000000000, -0.000000000000000000, -0.000000000000000000 ) ) ;
#5070 = ORIENTED_EDGE ( 'NONE', *, *, #4425, .F. ) ;
#5071 = CARTESIAN_POINT ( 'NONE',  ( -120.0000000000000284, 59.99999999999998579, 1.040834085586084257E-14 ) ) ;
#5072 = CARTESIAN_POINT ( 'NONE',  ( -13.74999999999999822, 43.00000000000000000, 44.00000000000000000 ) ) ;
#5073 = CARTESIAN_POINT ( 'NONE',  ( 5.782411586589356455E-15, -35.00000000000000711, 8.000000000000000000 ) ) ;
#5074 = CARTESIAN_POINT ( 'NONE',  ( -46.99999999999993605, 116.4999999999999716, 8.000000000000000000 ) ) ;
#5075 = VECTOR ( 'NONE', #2294, 1000.000000000000000 ) ;
#5076 = ORIENTED_EDGE ( 'NONE', *, *, #1959, .F. ) ;
#5077 = CARTESIAN_POINT ( 'NONE',  ( 20.00000000000000355, -45.00000000000000711, 8.000000000000000000 ) ) ;
#5078 = AXIS2_PLACEMENT_3D ( 'NONE', #2650, #1636, #4880 ) ;
#5079 = ADVANCED_FACE ( 'NONE', ( #6580 ), #1272, .F. ) ;
#5080 = CARTESIAN_POINT ( 'NONE',  ( -49.99999999999995737, 67.49999999999997158, 8.000000000000000000 ) ) ;
#5081 = ORIENTED_EDGE ( 'NONE', *, *, #2987, .F. ) ;
#5082 = VECTOR ( 'NONE', #5129, 1000.000000000000000 ) ;
#5083 = VERTEX_POINT ( 'NONE', #4401 ) ;
#5084 = ORIENTED_EDGE ( 'NONE', *, *, #316, .T. ) ;
#5085 = ADVANCED_FACE ( 'NONE', ( #5462 ), #6516, .F. ) ;
#5086 = CARTESIAN_POINT ( 'NONE',  ( 30.00000000000000000, 120.0000000000000000, 0.000000000000000000 ) ) ;
#5087 = AXIS2_PLACEMENT_3D ( 'NONE', #3326, #230, #3905 ) ;
#5088 = EDGE_LOOP ( 'NONE', ( #5183, #2444 ) ) ;
#5089 = CARTESIAN_POINT ( 'NONE',  ( 1.110223024625156343E-15, -7.999999999999998224, 44.00000000000000000 ) ) ;
#5090 = DIRECTION ( 'NONE',  ( -0.000000000000000000, -0.000000000000000000, -1.000000000000000000 ) ) ;
#5091 = DIRECTION ( 'NONE',  ( 0.000000000000000000, 1.000000000000000000, 0.000000000000000000 ) ) ;
#5092 = EDGE_CURVE ( 'NONE', #6692, #4702, #2349, .T. ) ;
#5093 = ORIENTED_EDGE ( 'NONE', *, *, #2879, .T. ) ;
#5094 = AXIS2_PLACEMENT_3D ( 'NONE', #2863, #5470, #3319 ) ;
#5095 = EDGE_CURVE ( 'NONE', #894, #1650, #6037, .T. ) ;
#5096 = CIRCLE ( 'NONE', #2160, 3.000000000000012879 ) ;
#5097 = CARTESIAN_POINT ( 'NONE',  ( 0.000000000000000000, 0.000000000000000000, 8.000000000000000000 ) ) ;
#5098 = DIRECTION ( 'NONE',  ( -0.000000000000000000, -0.000000000000000000, 1.000000000000000000 ) ) ;
#5099 = CARTESIAN_POINT ( 'NONE',  ( -29.99999999999997158, -54.75000000000002132, 8.000000000000001776 ) ) ;
#5100 = AXIS2_PLACEMENT_3D ( 'NONE', #3479, #5571, #6106 ) ;
#5101 = CARTESIAN_POINT ( 'NONE',  ( -119.9999999999999858, 60.00000000000000000, 44.00000000000000000 ) ) ;
#5102 = ORIENTED_EDGE ( 'NONE', *, *, #5520, .T. ) ;
#5103 = CARTESIAN_POINT ( 'NONE',  ( 10.89999999999999858, 108.0000000000000142, 4.000000000000000000 ) ) ;
#5104 = CYLINDRICAL_SURFACE ( 'NONE', #2542, 3.250000000000016875 ) ;
#5105 = FACE_OUTER_BOUND ( 'NONE', #6277, .T. ) ;
#5106 = ORIENTED_EDGE ( 'NONE', *, *, #5815, .F. ) ;
#5107 = CARTESIAN_POINT ( 'NONE',  ( -44.99999999999995737, 104.0000000000000142, 16.00000000000000000 ) ) ;
#5108 = CIRCLE ( 'NONE', #2929, 1.750000000000013767 ) ;
#5109 = ORIENTED_EDGE ( 'NONE', *, *, #4578, .T. ) ;
#5110 = LINE ( 'NONE', #1971, #2652 ) ;
#5111 = VECTOR ( 'NONE', #6300, 1000.000000000000000 ) ;
#5112 = DIRECTION ( 'NONE',  ( -0.000000000000000000, -0.000000000000000000, 1.000000000000000000 ) ) ;
#5113 = ORIENTED_EDGE ( 'NONE', *, *, #4455, .T. ) ;
#5114 = VECTOR ( 'NONE', #3461, 1000.000000000000000 ) ;
#5115 = ORIENTED_EDGE ( 'NONE', *, *, #5473, .F. ) ;
#5116 = ORIENTED_EDGE ( 'NONE', *, *, #4176, .F. ) ;
#5117 = DIRECTION ( 'NONE',  ( 1.000000000000000000, 0.000000000000000000, 0.000000000000000000 ) ) ;
#5118 = DIRECTION ( 'NONE',  ( 1.000000000000000000, 0.000000000000000000, -0.000000000000000000 ) ) ;
#5119 = ORIENTED_EDGE ( 'NONE', *, *, #431, .F. ) ;
#5120 = DIRECTION ( 'NONE',  ( -0.000000000000000000, 0.000000000000000000, 1.000000000000000000 ) ) ;
#5121 = VECTOR ( 'NONE', #1890, 1000.000000000000000 ) ;
#5122 = EDGE_CURVE ( 'NONE', #2005, #894, #3374, .T. ) ;
#5123 = CARTESIAN_POINT ( 'NONE',  ( -33.24999999999998579, -54.75000000000002132, 1.836970198721029688E-16 ) ) ;
#5124 = ORIENTED_EDGE ( 'NONE', *, *, #5898, .T. ) ;
#5125 = ORIENTED_EDGE ( 'NONE', *, *, #4425, .T. ) ;
#5126 = DIRECTION ( 'NONE',  ( -1.000000000000000000, 0.000000000000000000, 0.000000000000000000 ) ) ;
#5127 = ADVANCED_FACE ( 'NONE', ( #6484 ), #5014, .F. ) ;
#5128 = CARTESIAN_POINT ( 'NONE',  ( -33.00000000000000000, 0.000000000000000000, 33.99999999999999289 ) ) ;
#5129 = DIRECTION ( 'NONE',  ( -0.000000000000000000, -0.000000000000000000, 1.000000000000000000 ) ) ;
#5130 = AXIS2_PLACEMENT_3D ( 'NONE', #1086, #533, #3565 ) ;
#5131 = CARTESIAN_POINT ( 'NONE',  ( 5.782411586589357244E-15, -35.00000000000001421, 4.000000000000003553 ) ) ;
#5132 = VERTEX_POINT ( 'NONE', #3406 ) ;
#5133 = ORIENTED_EDGE ( 'NONE', *, *, #5062, .T. ) ;
#5134 = VECTOR ( 'NONE', #3085, 1000.000000000000000 ) ;
#5135 = DIRECTION ( 'NONE',  ( -1.000000000000000000, 0.000000000000000000, 0.000000000000000000 ) ) ;
#5136 = AXIS2_PLACEMENT_3D ( 'NONE', #2657, #1107, #155 ) ;
#5137 = CARTESIAN_POINT ( 'NONE',  ( 8.499999999999984013, 51.50000000000000711, 3.000000000000000000 ) ) ;
#5138 = CARTESIAN_POINT ( 'NONE',  ( 10.00000000000000533, -45.00000000000000711, 8.000000000000000000 ) ) ;
#5139 = EDGE_LOOP ( 'NONE', ( #5612, #5384 ) ) ;
#5140 = DIRECTION ( 'NONE',  ( 0.000000000000000000, 0.000000000000000000, -1.000000000000000000 ) ) ;
#5141 = DIRECTION ( 'NONE',  ( -0.000000000000000000, -0.000000000000000000, 1.000000000000000000 ) ) ;
#5142 = ADVANCED_FACE ( 'NONE', ( #5564 ), #754, .F. ) ;
#5143 = ORIENTED_EDGE ( 'NONE', *, *, #2716, .F. ) ;
#5144 = DIRECTION ( 'NONE',  ( -0.000000000000000000, -0.7071067811865507924, -0.7071067811865441310 ) ) ;
#5145 = AXIS2_PLACEMENT_3D ( 'NONE', #5792, #6740, #2610 ) ;
#5146 = CARTESIAN_POINT ( 'NONE',  ( 0.000000000000000000, 0.000000000000000000, 16.00000000000000000 ) ) ;
#5147 = CYLINDRICAL_SURFACE ( 'NONE', #3136, 1.250000000000011546 ) ;
#5148 = ORIENTED_EDGE ( 'NONE', *, *, #3266, .T. ) ;
#5149 = VECTOR ( 'NONE', #5237, 1000.000000000000000 ) ;
#5150 = VERTEX_POINT ( 'NONE', #2381 ) ;
#5151 = ORIENTED_EDGE ( 'NONE', *, *, #3463, .F. ) ;
#5152 = FACE_OUTER_BOUND ( 'NONE', #740, .T. ) ;
#5153 = LINE ( 'NONE', #485, #1615 ) ;
#5154 = AXIS2_PLACEMENT_3D ( 'NONE', #2002, #6643, #1498 ) ;
#5155 = VERTEX_POINT ( 'NONE', #5532 ) ;
#5156 = DIRECTION ( 'NONE',  ( 0.000000000000000000, 1.000000000000000000, 0.000000000000000000 ) ) ;
#5157 = DIRECTION ( 'NONE',  ( 0.000000000000000000, 0.000000000000000000, 1.000000000000000000 ) ) ;
#5158 = ORIENTED_EDGE ( 'NONE', *, *, #2917, .F. ) ;
#5159 = ORIENTED_EDGE ( 'NONE', *, *, #2044, .F. ) ;
#5160 = CIRCLE ( 'NONE', #4180, 1.750000000000015543 ) ;
#5161 = DIRECTION ( 'NONE',  ( -1.000000000000000000, 0.000000000000000000, 0.000000000000000000 ) ) ;
#5162 = FACE_OUTER_BOUND ( 'NONE', #5621, .T. ) ;
#5163 = CARTESIAN_POINT ( 'NONE',  ( 5.782411586589357244E-15, -35.00000000000001421, 4.000000000000003553 ) ) ;
#5164 = VECTOR ( 'NONE', #1932, 1000.000000000000000 ) ;
#5165 = DIRECTION ( 'NONE',  ( -0.000000000000000000, -0.000000000000000000, -1.000000000000000000 ) ) ;
#5166 = ORIENTED_EDGE ( 'NONE', *, *, #6359, .F. ) ;
#5167 = ADVANCED_FACE ( 'NONE', ( #3953 ), #2443, .F. ) ;
#5168 = ORIENTED_EDGE ( 'NONE', *, *, #4465, .T. ) ;
#5169 = PLANE ( 'NONE',  #3174 ) ;
#5170 = LINE ( 'NONE', #4214, #3425 ) ;
#5171 = DIRECTION ( 'NONE',  ( -0.000000000000000000, -0.000000000000000000, -1.000000000000000000 ) ) ;
#5172 = VERTEX_POINT ( 'NONE', #4950 ) ;
#5173 = CARTESIAN_POINT ( 'NONE',  ( 16.99999999999998934, -55.00000000000000711, 4.000000000000003553 ) ) ;
#5174 = CARTESIAN_POINT ( 'NONE',  ( -1.750000000000019096, -21.50000000000001066, 8.000000000000000000 ) ) ;
#5175 = ADVANCED_FACE ( 'NONE', ( #342, #4498 ), #6070, .F. ) ;
#5176 = EDGE_LOOP ( 'NONE', ( #3939, #6013, #4644, #576 ) ) ;
#5177 = LINE ( 'NONE', #6743, #2765 ) ;
#5178 = EDGE_CURVE ( 'NONE', #2007, #4411, #1337, .T. ) ;
#5179 = DIRECTION ( 'NONE',  ( -0.000000000000000000, -0.000000000000000000, -1.000000000000000000 ) ) ;
#5180 = VECTOR ( 'NONE', #3310, 1000.000000000000000 ) ;
#5181 = CARTESIAN_POINT ( 'NONE',  ( -15.99999999999999645, -3.061616997868382254E-15, 13.00000000000000178 ) ) ;
#5182 = ORIENTED_EDGE ( 'NONE', *, *, #5876, .F. ) ;
#5183 = ORIENTED_EDGE ( 'NONE', *, *, #5673, .F. ) ;
#5184 = ORIENTED_EDGE ( 'NONE', *, *, #5009, .F. ) ;
#5185 = CIRCLE ( 'NONE', #2247, 4.000000000000003553 ) ;
#5186 = CARTESIAN_POINT ( 'NONE',  ( -22.99999999999998579, 108.0000000000000142, 1.224646799147356350E-17 ) ) ;
#5187 = DIRECTION ( 'NONE',  ( 1.000000000000000000, -0.000000000000000000, -0.000000000000000000 ) ) ;
#5188 = ORIENTED_EDGE ( 'NONE', *, *, #4969, .T. ) ;
#5189 = CARTESIAN_POINT ( 'NONE',  ( -104.9999999999999432, 67.49999999999997158, 8.000000000000000000 ) ) ;
#5190 = DIRECTION ( 'NONE',  ( -1.000000000000000000, 0.000000000000000000, 0.000000000000000000 ) ) ;
#5191 = VECTOR ( 'NONE', #3195, 1000.000000000000000 ) ;
#5192 = ORIENTED_EDGE ( 'NONE', *, *, #4293, .F. ) ;
#5193 = EDGE_LOOP ( 'NONE', ( #5000, #1548 ) ) ;
#5194 = AXIS2_PLACEMENT_3D ( 'NONE', #2363, #3391, #3800 ) ;
#5195 = DIRECTION ( 'NONE',  ( -0.000000000000000000, -0.000000000000000000, 1.000000000000000000 ) ) ;
#5196 = CARTESIAN_POINT ( 'NONE',  ( 11.75000000000000711, 72.00000000000001421, 4.000000000000000000 ) ) ;
#5197 = LINE ( 'NONE', #1048, #6074 ) ;
#5198 = CARTESIAN_POINT ( 'NONE',  ( 10.00000000000000533, -45.00000000000000711, 0.000000000000000000 ) ) ;
#5199 = VECTOR ( 'NONE', #4516, 1000.000000000000000 ) ;
#5200 = EDGE_LOOP ( 'NONE', ( #1911, #3223 ) ) ;
#5201 = ADVANCED_FACE ( 'NONE', ( #4979 ), #4461, .F. ) ;
#5202 = VERTEX_POINT ( 'NONE', #4148 ) ;
#5203 = DIRECTION ( 'NONE',  ( -1.000000000000000000, 0.000000000000000000, 0.000000000000000000 ) ) ;
#5204 = CARTESIAN_POINT ( 'NONE',  ( -1.750000000000007327, -35.00000000000000711, 8.000000000000000000 ) ) ;
#5205 = VECTOR ( 'NONE', #2287, 1000.000000000000000 ) ;
#5206 = DIRECTION ( 'NONE',  ( 1.000000000000000000, 0.000000000000000000, 0.000000000000000000 ) ) ;
#5207 = ORIENTED_EDGE ( 'NONE', *, *, #3077, .F. ) ;
#5208 = CARTESIAN_POINT ( 'NONE',  ( 4.047688110612549361E-15, -5.000000000000011546, 4.000000000000003553 ) ) ;
#5209 = FACE_BOUND ( 'NONE', #6493, .T. ) ;
#5210 = EDGE_CURVE ( 'NONE', #2761, #4222, #5185, .T. ) ;
#5211 = AXIS2_PLACEMENT_3D ( 'NONE', #4599, #2446, #932 ) ;
#5212 = ORIENTED_EDGE ( 'NONE', *, *, #4470, .T. ) ;
#5213 = FACE_BOUND ( 'NONE', #1798, .T. ) ;
#5214 = EDGE_CURVE ( 'NONE', #4166, #1864, #6610, .T. ) ;
#5215 = DIRECTION ( 'NONE',  ( -0.000000000000000000, -0.000000000000000000, 1.000000000000000000 ) ) ;
#5216 = EDGE_CURVE ( 'NONE', #1884, #3973, #3988, .T. ) ;
#5217 = CARTESIAN_POINT ( 'NONE',  ( 20.00000000000000000, -5.000000000000004441, -8.572527594031465301E-16 ) ) ;
#5218 = EDGE_CURVE ( 'NONE', #1804, #2028, #3055, .T. ) ;
#5219 = VERTEX_POINT ( 'NONE', #990 ) ;
#5220 = EDGE_CURVE ( 'NONE', #5733, #1109, #731, .T. ) ;
#5221 = VERTEX_POINT ( 'NONE', #3607 ) ;
#5222 = VERTEX_POINT ( 'NONE', #4529 ) ;
#5223 = AXIS2_PLACEMENT_3D ( 'NONE', #3918, #788, #1770 ) ;
#5224 = PLANE ( 'NONE',  #5367 ) ;
#5225 = DIRECTION ( 'NONE',  ( -0.000000000000000000, -0.000000000000000000, -1.000000000000000000 ) ) ;
#5226 = ORIENTED_EDGE ( 'NONE', *, *, #3474, .T. ) ;
#5227 = DIRECTION ( 'NONE',  ( 1.000000000000000000, 0.000000000000000000, 0.000000000000000000 ) ) ;
#5228 = DIRECTION ( 'NONE',  ( 1.000000000000000000, 0.000000000000000000, -0.000000000000000000 ) ) ;
#5229 = AXIS2_PLACEMENT_3D ( 'NONE', #3331, #3299, #5383 ) ;
#5230 = EDGE_LOOP ( 'NONE', ( #2727, #2319, #4547, #5573 ) ) ;
#5231 = ADVANCED_FACE ( 'NONE', ( #5723 ), #2540, .T. ) ;
#5232 = ORIENTED_EDGE ( 'NONE', *, *, #6221, .T. ) ;
#5233 = COLOUR_RGB ( '',0.7921568627450980005, 0.8196078431372548767, 0.9333333333333333481 ) ;
#5234 = CYLINDRICAL_SURFACE ( 'NONE', #5475, 1.750000000000015543 ) ;
#5235 = DIRECTION ( 'NONE',  ( -1.000000000000000000, 0.000000000000000000, 0.000000000000000000 ) ) ;
#5236 = CARTESIAN_POINT ( 'NONE',  ( -8.000000000000085265, 1.040834085586094354E-14, 33.99999999999999289 ) ) ;
#5237 = DIRECTION ( 'NONE',  ( -0.000000000000000000, -0.000000000000000000, -1.000000000000000000 ) ) ;
#5238 = ORIENTED_EDGE ( 'NONE', *, *, #3352, .F. ) ;
#5239 = ORIENTED_EDGE ( 'NONE', *, *, #4046, .T. ) ;
#5240 = DIRECTION ( 'NONE',  ( 0.000000000000000000, -1.000000000000000000, 0.000000000000000000 ) ) ;
#5241 = DIRECTION ( 'NONE',  ( -0.000000000000000000, -0.000000000000000000, 1.000000000000000000 ) ) ;
#5243 = LINE ( 'NONE', #5688, #2391 ) ;
#5242 = CIRCLE ( 'NONE', #4812, 2.500000000000012434 ) ;
#5244 = ORIENTED_EDGE ( 'NONE', *, *, #1176, .F. ) ;
#5245 = CARTESIAN_POINT ( 'NONE',  ( -32.99999999999998579, 0.000000000000000000, 44.00000000000000000 ) ) ;
#5246 = CARTESIAN_POINT ( 'NONE',  ( -5.837290253120440868E-15, -21.50000000000001066, 4.000000000000000000 ) ) ;
#5247 = CIRCLE ( 'NONE', #5685, 2.100000000000013411 ) ;
#5248 = VECTOR ( 'NONE', #986, 1000.000000000000000 ) ;
#5249 = EDGE_LOOP ( 'NONE', ( #6160, #6254, #1388, #1975 ) ) ;
#5250 = ADVANCED_FACE ( 'NONE', ( #3643 ), #502, .T. ) ;
#5251 = CARTESIAN_POINT ( 'NONE',  ( -3.000000000000009326, -5.000000000000011546, 4.000000000000003553 ) ) ;
#5252 = DIRECTION ( 'NONE',  ( -0.000000000000000000, -0.000000000000000000, 1.000000000000000000 ) ) ;
#5253 = VECTOR ( 'NONE', #2198, 1000.000000000000000 ) ;
#5254 = AXIS2_PLACEMENT_3D ( 'NONE', #1038, #3100, #2588 ) ;
#5255 = FACE_OUTER_BOUND ( 'NONE', #2742, .T. ) ;
#5256 = EDGE_LOOP ( 'NONE', ( #3816, #5081 ) ) ;
#5257 = ORIENTED_EDGE ( 'NONE', *, *, #3037, .T. ) ;
#5258 = VERTEX_POINT ( 'NONE', #5074 ) ;
#5259 = EDGE_CURVE ( 'NONE', #4467, #2918, #3505, .T. ) ;
#5260 = LINE ( 'NONE', #4747, #682 ) ;
#5261 = CARTESIAN_POINT ( 'NONE',  ( -22.99999999999997868, 72.00000000000001421, 4.000000000000000000 ) ) ;
#5262 = EDGE_CURVE ( 'NONE', #774, #3328, #4095, .T. ) ;
#5263 = ORIENTED_EDGE ( 'NONE', *, *, #298, .F. ) ;
#5264 = CARTESIAN_POINT ( 'NONE',  ( -48.49999999999995026, 116.4999999999999716, 1.224646799147353454E-16 ) ) ;
#5265 = CARTESIAN_POINT ( 'NONE',  ( -1.750000000000007327, -45.00000000000001421, 8.000000000000000000 ) ) ;
#5266 = AXIS2_PLACEMENT_3D ( 'NONE', #4102, #3045, #1484 ) ;
#5267 = ORIENTED_EDGE ( 'NONE', *, *, #925, .T. ) ;
#5268 = EDGE_CURVE ( 'NONE', #5906, #2157, #3120, .T. ) ;
#5269 = ORIENTED_EDGE ( 'NONE', *, *, #5435, .F. ) ;
#5270 = AXIS2_PLACEMENT_3D ( 'NONE', #3489, #6055, #296 ) ;
#5271 = CYLINDRICAL_SURFACE ( 'NONE', #2514, 3.000000000000012879 ) ;
#5272 = EDGE_CURVE ( 'NONE', #1761, #4366, #4533, .T. ) ;
#5273 = CARTESIAN_POINT ( 'NONE',  ( 25.99999999999999645, -56.00000000000002132, 8.000000000000000000 ) ) ;
#5274 = DIRECTION ( 'NONE',  ( -1.000000000000000000, 0.000000000000000000, 0.000000000000000000 ) ) ;
#5275 = DIRECTION ( 'NONE',  ( -0.000000000000000000, -0.000000000000000000, -1.000000000000000000 ) ) ;
#5276 = AXIS2_PLACEMENT_3D ( 'NONE', #1892, #5091, #1418 ) ;
#5277 = VERTEX_POINT ( 'NONE', #537 ) ;
#5278 = ORIENTED_EDGE ( 'NONE', *, *, #5599, .F. ) ;
#5279 = FACE_OUTER_BOUND ( 'NONE', #3856, .T. ) ;
#5280 = DIRECTION ( 'NONE',  ( -0.000000000000000000, -0.000000000000000000, -1.000000000000000000 ) ) ;
#5281 = AXIS2_PLACEMENT_3D ( 'NONE', #5568, #6165, #347 ) ;
#5282 = CARTESIAN_POINT ( 'NONE',  ( -116.0000000000000426, 115.9999999999999574, 8.000000000000000000 ) ) ;
#5283 = VERTEX_POINT ( 'NONE', #5173 ) ;
#5284 = DIRECTION ( 'NONE',  ( -0.000000000000000000, -0.000000000000000000, -1.000000000000000000 ) ) ;
#5285 = DIRECTION ( 'NONE',  ( 0.000000000000000000, -1.000000000000000000, -0.000000000000000000 ) ) ;
#5286 = ORIENTED_EDGE ( 'NONE', *, *, #5839, .F. ) ;
#5287 = CARTESIAN_POINT ( 'NONE',  ( 6.938893903907228378E-15, -55.00000000000001421, 8.000000000000000000 ) ) ;
#5288 = DIRECTION ( 'NONE',  ( 1.000000000000000000, 0.000000000000000000, -0.000000000000000000 ) ) ;
#5289 = CARTESIAN_POINT ( 'NONE',  ( 10.00000000000000178, -5.000000000000004441, 0.000000000000000000 ) ) ;
#5290 = VERTEX_POINT ( 'NONE', #3089 ) ;
#5291 = VERTEX_POINT ( 'NONE', #1935 ) ;
#5292 = ORIENTED_EDGE ( 'NONE', *, *, #2716, .T. ) ;
#5293 = EDGE_CURVE ( 'NONE', #4011, #4373, #2022, .T. ) ;
#5294 = DIRECTION ( 'NONE',  ( -1.000000000000000000, 0.000000000000000000, 0.000000000000000000 ) ) ;
#5295 = FACE_OUTER_BOUND ( 'NONE', #6239, .T. ) ;
#5296 = ORIENTED_EDGE ( 'NONE', *, *, #1871, .T. ) ;
#5297 = LINE ( 'NONE', #4787, #663 ) ;
#5298 = CARTESIAN_POINT ( 'NONE',  ( -50.99999999999997158, 116.4999999999999716, 0.000000000000000000 ) ) ;
#5299 = ORIENTED_EDGE ( 'NONE', *, *, #154, .T. ) ;
#5300 = VECTOR ( 'NONE', #5252, 1000.000000000000000 ) ;
#5301 = ORIENTED_EDGE ( 'NONE', *, *, #5465, .T. ) ;
#5302 = EDGE_CURVE ( 'NONE', #2968, #5984, #950, .T. ) ;
#5303 = FACE_BOUND ( 'NONE', #657, .T. ) ;
#5304 = EDGE_CURVE ( 'NONE', #5331, #444, #3341, .T. ) ;
#5305 = AXIS2_PLACEMENT_3D ( 'NONE', #4261, #3202, #5288 ) ;
#5306 = CARTESIAN_POINT ( 'NONE',  ( -104.9999999999999432, 116.4999999999999716, 8.000000000000000000 ) ) ;
#5307 = CARTESIAN_POINT ( 'NONE',  ( 10.00000000000000533, -35.00000000000000000, 8.000000000000000000 ) ) ;
#5308 = ADVANCED_FACE ( 'NONE', ( #1967 ), #4044, .F. ) ;
#5309 = CARTESIAN_POINT ( 'NONE',  ( -119.9999999999999716, -55.99999999999999289, 8.000000000000000000 ) ) ;
#5310 = ORIENTED_EDGE ( 'NONE', *, *, #606, .T. ) ;
#5311 = AXIS2_PLACEMENT_3D ( 'NONE', #3977, #712, #4907 ) ;
#5312 = EDGE_CURVE ( 'NONE', #3353, #5018, #5851, .T. ) ;
#5313 = VERTEX_POINT ( 'NONE', #4076 ) ;
#5314 = DIRECTION ( 'NONE',  ( 1.000000000000000000, 0.000000000000000000, 0.000000000000000000 ) ) ;
#5315 = DIRECTION ( 'NONE',  ( -1.000000000000000000, 0.000000000000000000, 0.000000000000000000 ) ) ;
#5316 = CARTESIAN_POINT ( 'NONE',  ( 13.00000000000001421, -21.50000000000001066, 0.000000000000000000 ) ) ;
#5317 = ORIENTED_EDGE ( 'NONE', *, *, #1154, .F. ) ;
#5318 = CARTESIAN_POINT ( 'NONE',  ( -1.750000000000006661, -55.00000000000001421, 8.000000000000000000 ) ) ;
#5319 = AXIS2_PLACEMENT_3D ( 'NONE', #5711, #4687, #165 ) ;
#5320 = CARTESIAN_POINT ( 'NONE',  ( 54.00000000000000000, 8.500000000000007105, 0.000000000000000000 ) ) ;
#5321 = ORIENTED_EDGE ( 'NONE', *, *, #546, .T. ) ;
#5322 = LINE ( 'NONE', #3817, #671 ) ;
#5323 = CIRCLE ( 'NONE', #2268, 3.250000000000016875 ) ;
#5324 = DIRECTION ( 'NONE',  ( 1.000000000000000000, 0.000000000000000000, 0.000000000000000000 ) ) ;
#5325 = DIRECTION ( 'NONE',  ( -0.000000000000000000, -0.000000000000000000, -1.000000000000000000 ) ) ;
#5326 =( LENGTH_UNIT ( ) NAMED_UNIT ( * ) SI_UNIT ( .MILLI., .METRE. ) );
#5327 = VERTEX_POINT ( 'NONE', #4840 ) ;
#5328 = EDGE_LOOP ( 'NONE', ( #2049, #871, #1709, #2775 ) ) ;
#5329 = VERTEX_POINT ( 'NONE', #3301 ) ;
#5330 = DIRECTION ( 'NONE',  ( -0.000000000000000000, 0.000000000000000000, 1.000000000000000000 ) ) ;
#5331 = VERTEX_POINT ( 'NONE', #6302 ) ;
#5332 = DIRECTION ( 'NONE',  ( -0.000000000000000000, -0.000000000000000000, -1.000000000000000000 ) ) ;
#5333 = CARTESIAN_POINT ( 'NONE',  ( 18.24999999999998934, -5.000000000000004441, 4.000000000000003553 ) ) ;
#5334 = ORIENTED_EDGE ( 'NONE', *, *, #1596, .T. ) ;
#5335 = CIRCLE ( 'NONE', #3028, 1.500000000000011768 ) ;
#5336 = ORIENTED_EDGE ( 'NONE', *, *, #3255, .T. ) ;
#5337 = EDGE_CURVE ( 'NONE', #3061, #764, #2239, .T. ) ;
#5338 = CARTESIAN_POINT ( 'NONE',  ( 30.00000000000000000, -56.00000000000002132, 0.000000000000000000 ) ) ;
#5339 = FACE_OUTER_BOUND ( 'NONE', #2478, .T. ) ;
#5340 = CARTESIAN_POINT ( 'NONE',  ( 51.49999999999998579, 8.500000000000007105, 1.224646799147353454E-16 ) ) ;
#5341 = CIRCLE ( 'NONE', #4242, 3.000000000000012879 ) ;
#5342 = DIRECTION ( 'NONE',  ( 0.000000000000000000, 0.000000000000000000, 1.000000000000000000 ) ) ;
#5343 = DIRECTION ( 'NONE',  ( -6.608470384673553242E-17, 1.000000000000000000, -0.000000000000000000 ) ) ;
#5344 = EDGE_LOOP ( 'NONE', ( #4358, #6245 ) ) ;
#5345 = STYLED_ITEM ( 'NONE', ( #4543 ), #3281 ) ;
#5346 = FACE_OUTER_BOUND ( 'NONE', #4755, .T. ) ;
#5347 = CYLINDRICAL_SURFACE ( 'NONE', #355, 3.250000000000016875 ) ;
#5348 = CARTESIAN_POINT ( 'NONE',  ( -106.4999999999999574, 116.4999999999999716, 8.000000000000000000 ) ) ;
#5349 = EDGE_LOOP ( 'NONE', ( #5838, #5743, #765, #2070 ) ) ;
#5350 = CARTESIAN_POINT ( 'NONE',  ( 13.00000000000001776, 72.00000000000001421, 8.000000000000000000 ) ) ;
#5351 = CIRCLE ( 'NONE', #782, 1.250000000000011546 ) ;
#5352 = CIRCLE ( 'NONE', #2402, 1.500000000000015099 ) ;
#5353 = DIRECTION ( 'NONE',  ( -1.000000000000000000, 0.000000000000000000, 0.000000000000000000 ) ) ;
#5354 = EDGE_CURVE ( 'NONE', #5671, #1804, #2681, .T. ) ;
#5355 = ORIENTED_EDGE ( 'NONE', *, *, #6065, .T. ) ;
#5356 = DIRECTION ( 'NONE',  ( 1.000000000000000000, 0.000000000000000000, 0.000000000000000000 ) ) ;
#5357 = AXIS2_PLACEMENT_3D ( 'NONE', #3850, #178, #5934 ) ;
#5358 = DIRECTION ( 'NONE',  ( -0.000000000000000000, -0.000000000000000000, -1.000000000000000000 ) ) ;
#5359 = DIRECTION ( 'NONE',  ( -1.000000000000000000, 0.000000000000000000, 0.000000000000000000 ) ) ;
#5360 = EDGE_CURVE ( 'NONE', #628, #5560, #3448, .T. ) ;
#5361 = AXIS2_PLACEMENT_3D ( 'NONE', #6668, #4106, #6195 ) ;
#5362 = VERTEX_POINT ( 'NONE', #2645 ) ;
#5363 = VERTEX_POINT ( 'NONE', #677 ) ;
#5364 = ORIENTED_EDGE ( 'NONE', *, *, #4004, .T. ) ;
#5365 = CARTESIAN_POINT ( 'NONE',  ( 6.999999999999990230, -35.00000000000000000, -8.572527594031465301E-16 ) ) ;
#5366 = CIRCLE ( 'NONE', #6230, 1.750000000000013767 ) ;
#5367 = AXIS2_PLACEMENT_3D ( 'NONE', #3722, #552, #2622 ) ;
#5368 = EDGE_CURVE ( 'NONE', #4309, #1244, #504, .T. ) ;
#5369 = CARTESIAN_POINT ( 'NONE',  ( -113.9999999999999716, -14.75000000000001243, 4.000000000000000000 ) ) ;
#5370 = CYLINDRICAL_SURFACE ( 'NONE', #6615, 3.000000000000002665 ) ;
#5371 = VERTEX_POINT ( 'NONE', #4806 ) ;
#5372 = AXIS2_PLACEMENT_3D ( 'NONE', #2526, #6188, #1513 ) ;
#5373 = VERTEX_POINT ( 'NONE', #5318 ) ;
#5374 = CARTESIAN_POINT ( 'NONE',  ( 10.99999999999999645, 51.50000000000000711, 1.224646799147353454E-16 ) ) ;
#5375 = FACE_BOUND ( 'NONE', #320, .T. ) ;
#5376 = CARTESIAN_POINT ( 'NONE',  ( -36.00000000000000711, 60.00000000000000000, 33.99999999999999289 ) ) ;
#5377 = DIRECTION ( 'NONE',  ( -0.000000000000000000, -0.000000000000000000, -1.000000000000000000 ) ) ;
#5378 = DIRECTION ( 'NONE',  ( -0.000000000000000000, -0.000000000000000000, -1.000000000000000000 ) ) ;
#5379 = VERTEX_POINT ( 'NONE', #1129 ) ;
#5380 = AXIS2_PLACEMENT_3D ( 'NONE', #1692, #4244, #4347 ) ;
#5381 = CYLINDRICAL_SURFACE ( 'NONE', #906, 2.500000000000012434 ) ;
#5382 = CARTESIAN_POINT ( 'NONE',  ( 10.00000000000000178, -5.000000000000004441, 0.000000000000000000 ) ) ;
#5383 = DIRECTION ( 'NONE',  ( 0.000000000000000000, 0.000000000000000000, -1.000000000000000000 ) ) ;
#5384 = ORIENTED_EDGE ( 'NONE', *, *, #2128, .T. ) ;
#5385 = DIRECTION ( 'NONE',  ( 1.000000000000000000, 8.673617379884035472E-16, -0.000000000000000000 ) ) ;
#5386 = EDGE_CURVE ( 'NONE', #4640, #450, #4288, .T. ) ;
#5387 = CIRCLE ( 'NONE', #6136, 1.750000000000015543 ) ;
#5388 = DIRECTION ( 'NONE',  ( -1.000000000000000000, 0.000000000000000000, -0.000000000000000000 ) ) ;
#5389 = ORIENTED_EDGE ( 'NONE', *, *, #3492, .T. ) ;
#5390 = EDGE_CURVE ( 'NONE', #5631, #2732, #2684, .T. ) ;
#5391 = VECTOR ( 'NONE', #6075, 1000.000000000000000 ) ;
#5392 = FACE_OUTER_BOUND ( 'NONE', #5732, .T. ) ;
#5393 = DIRECTION ( 'NONE',  ( 1.000000000000000000, 0.000000000000000000, 0.000000000000000000 ) ) ;
#5394 = EDGE_CURVE ( 'NONE', #6598, #983, #4253, .T. ) ;
#5395 = DIRECTION ( 'NONE',  ( 1.000000000000000000, 0.000000000000000000, 0.000000000000000000 ) ) ;
#5396 = EDGE_CURVE ( 'NONE', #356, #4883, #4183, .T. ) ;
#5397 = VECTOR ( 'NONE', #4360, 1000.000000000000000 ) ;
#5398 = EDGE_CURVE ( 'NONE', #3891, #784, #6337, .T. ) ;
#5399 = ORIENTED_EDGE ( 'NONE', *, *, #3841, .F. ) ;
#5400 = ORIENTED_EDGE ( 'NONE', *, *, #5304, .F. ) ;
#5401 = ORIENTED_EDGE ( 'NONE', *, *, #1143, .T. ) ;
#5402 = EDGE_CURVE ( 'NONE', #95, #3284, #957, .T. ) ;
#5403 = DIRECTION ( 'NONE',  ( 0.000000000000000000, 0.000000000000000000, 1.000000000000000000 ) ) ;
#5404 = CARTESIAN_POINT ( 'NONE',  ( 10.00000000000000533, -35.00000000000000000, 8.000000000000000000 ) ) ;
#5405 = DIRECTION ( 'NONE',  ( -0.000000000000000000, 0.000000000000000000, 1.000000000000000000 ) ) ;
#5406 = ORIENTED_EDGE ( 'NONE', *, *, #3874, .F. ) ;
#5407 = ORIENTED_EDGE ( 'NONE', *, *, #5092, .T. ) ;
#5408 = CARTESIAN_POINT ( 'NONE',  ( 10.00000000000000355, -5.000000000000004441, 8.000000000000000000 ) ) ;
#5409 = CARTESIAN_POINT ( 'NONE',  ( -48.49999999999993605, 67.49999999999997158, 8.000000000000000000 ) ) ;
#5410 = DIRECTION ( 'NONE',  ( 1.000000000000000000, 6.608470384673553242E-17, 0.000000000000000000 ) ) ;
#5411 = CARTESIAN_POINT ( 'NONE',  ( 60.00000000000000000, 60.00000000000000000, 0.000000000000000000 ) ) ;
#5412 = VECTOR ( 'NONE', #5547, 1000.000000000000000 ) ;
#5413 = CARTESIAN_POINT ( 'NONE',  ( 18.24999999999998934, -35.00000000000000000, 4.000000000000003553 ) ) ;
#5414 = ORIENTED_EDGE ( 'NONE', *, *, #3558, .F. ) ;
#5415 = DIRECTION ( 'NONE',  ( -1.000000000000000000, 0.000000000000000000, 0.000000000000000000 ) ) ;
#5416 = DIRECTION ( 'NONE',  ( -0.000000000000000000, -0.000000000000000000, 1.000000000000000000 ) ) ;
#5417 = CYLINDRICAL_SURFACE ( 'NONE', #1420, 2.500000000000012434 ) ;
#5418 = ORIENTED_EDGE ( 'NONE', *, *, #2340, .F. ) ;
#5419 = DIRECTION ( 'NONE',  ( -0.000000000000000000, -0.000000000000000000, -1.000000000000000000 ) ) ;
#5420 = CARTESIAN_POINT ( 'NONE',  ( 1.750000000000007327, -21.50000000000001066, 4.000000000000000000 ) ) ;
#5421 = ORIENTED_EDGE ( 'NONE', *, *, #2613, .T. ) ;
#5422 = DIRECTION ( 'NONE',  ( -0.000000000000000000, -0.000000000000000000, 1.000000000000000000 ) ) ;
#5423 = DIRECTION ( 'NONE',  ( 0.000000000000000000, 0.000000000000000000, 1.000000000000000000 ) ) ;
#5424 = CIRCLE ( 'NONE', #4103, 2.500000000000015987 ) ;
#5425 = DIRECTION ( 'NONE',  ( 1.000000000000000000, 0.000000000000000000, 0.000000000000000000 ) ) ;
#5426 = CARTESIAN_POINT ( 'NONE',  ( -27.00000000000000355, 64.00000000000000000, 44.00000000000000000 ) ) ;
#5427 = EDGE_CURVE ( 'NONE', #153, #3667, #3668, .T. ) ;
#5428 = ORIENTED_EDGE ( 'NONE', *, *, #2182, .F. ) ;
#5429 = AXIS2_PLACEMENT_3D ( 'NONE', #1345, #4858, #190 ) ;
#5430 = ORIENTED_EDGE ( 'NONE', *, *, #2752, .F. ) ;
#5431 = CARTESIAN_POINT ( 'NONE',  ( -24.24999999999999289, 72.00000000000001421, 8.000000000000000000 ) ) ;
#5432 = EDGE_CURVE ( 'NONE', #4287, #2390, #3556, .T. ) ;
#5433 = AXIS2_PLACEMENT_3D ( 'NONE', #5217, #40, #4117 ) ;
#5434 = DIRECTION ( 'NONE',  ( 1.000000000000000000, -0.000000000000000000, -0.000000000000000000 ) ) ;
#5435 = EDGE_CURVE ( 'NONE', #3047, #1037, #4328, .T. ) ;
#5436 = CARTESIAN_POINT ( 'NONE',  ( -11.99999999999998579, 17.00000000000000000, 33.99999999999999289 ) ) ;
#5437 = EDGE_CURVE ( 'NONE', #1109, #6588, #3155, .T. ) ;
#5438 = ORIENTED_EDGE ( 'NONE', *, *, #905, .F. ) ;
#5439 = ORIENTED_EDGE ( 'NONE', *, *, #388, .T. ) ;
#5440 = EDGE_LOOP ( 'NONE', ( #2603, #5466, #3450, #3332 ) ) ;
#5441 = FACE_BOUND ( 'NONE', #6313, .T. ) ;
#5442 = CARTESIAN_POINT ( 'NONE',  ( -28.24999999999995737, -54.75000000000002132, 8.000000000000000000 ) ) ;
#5443 = FACE_OUTER_BOUND ( 'NONE', #1854, .T. ) ;
#5444 = DIRECTION ( 'NONE',  ( 0.000000000000000000, -0.7071067811865515695, -0.7071067811865435759 ) ) ;
#5445 = EDGE_CURVE ( 'NONE', #5132, #4309, #6373, .T. ) ;
#5446 = CYLINDRICAL_SURFACE ( 'NONE', #4167, 2.500000000000015987 ) ;
#5447 = ORIENTED_EDGE ( 'NONE', *, *, #942, .T. ) ;
#5448 = PLANE ( 'NONE',  #1236 ) ;
#5449 = VECTOR ( 'NONE', #535, 1000.000000000000000 ) ;
#5450 = DIRECTION ( 'NONE',  ( -0.000000000000000000, -0.000000000000000000, -1.000000000000000000 ) ) ;
#5451 = CARTESIAN_POINT ( 'NONE',  ( -48.49999999999995026, 116.4999999999999716, 0.000000000000000000 ) ) ;
#5452 = ORIENTED_EDGE ( 'NONE', *, *, #5683, .T. ) ;
#5453 = DIRECTION ( 'NONE',  ( -0.000000000000000000, -0.000000000000000000, -1.000000000000000000 ) ) ;
#5454 = CARTESIAN_POINT ( 'NONE',  ( 20.00000000000000355, -55.00000000000000711, -8.572527594031465301E-16 ) ) ;
#5455 = CARTESIAN_POINT ( 'NONE',  ( 6.999999999999985789, -21.50000000000001066, 1.530808498934192064E-16 ) ) ;
#5456 = AXIS2_PLACEMENT_3D ( 'NONE', #1583, #6729, #1515 ) ;
#5457 = EDGE_LOOP ( 'NONE', ( #1940, #5543, #6671, #3000 ) ) ;
#5458 = DIRECTION ( 'NONE',  ( -0.000000000000000000, -0.000000000000000000, -1.000000000000000000 ) ) ;
#5459 = DIRECTION ( 'NONE',  ( 0.000000000000000000, 1.000000000000000000, -0.000000000000000000 ) ) ;
#5461 = DIRECTION ( 'NONE',  ( -0.000000000000000000, -0.000000000000000000, 1.000000000000000000 ) ) ;
#5460 = AXIS2_PLACEMENT_3D ( 'NONE', #556, #6182, #1510 ) ;
#5462 = FACE_OUTER_BOUND ( 'NONE', #3763, .T. ) ;
#5463 = ORIENTED_EDGE ( 'NONE', *, *, #1462, .T. ) ;
#5464 = AXIS2_PLACEMENT_3D ( 'NONE', #750, #1768, #2180 ) ;
#5465 = EDGE_CURVE ( 'NONE', #6589, #4653, #2573, .T. ) ;
#5466 = ORIENTED_EDGE ( 'NONE', *, *, #3885, .F. ) ;
#5467 = DIRECTION ( 'NONE',  ( 1.000000000000000000, 0.000000000000000000, 0.000000000000000000 ) ) ;
#5468 = CARTESIAN_POINT ( 'NONE',  ( -25.09999999999999076, 72.00000000000001421, 0.000000000000000000 ) ) ;
#5469 = AXIS2_PLACEMENT_3D ( 'NONE', #3780, #212, #3234 ) ;
#5470 = DIRECTION ( 'NONE',  ( -0.000000000000000000, -0.000000000000000000, -1.000000000000000000 ) ) ;
#5471 = ADVANCED_FACE ( 'NONE', ( #3264 ), #577, .F. ) ;
#5472 = VERTEX_POINT ( 'NONE', #2608 ) ;
#5473 = EDGE_CURVE ( 'NONE', #5756, #6262, #3114, .T. ) ;
#5474 = VERTEX_POINT ( 'NONE', #6440 ) ;
#5475 = AXIS2_PLACEMENT_3D ( 'NONE', #3041, #5640, #20 ) ;
#5476 = ORIENTED_EDGE ( 'NONE', *, *, #1503, .T. ) ;
#5477 = VECTOR ( 'NONE', #2207, 1000.000000000000000 ) ;
#5478 = CARTESIAN_POINT ( 'NONE',  ( 20.00000000000000355, -21.50000000000000711, 1.530808498934192064E-16 ) ) ;
#5479 = PLANE ( 'NONE',  #1807 ) ;
#5480 = DIRECTION ( 'NONE',  ( -1.000000000000000000, 0.000000000000000000, 0.000000000000000000 ) ) ;
#5481 = LINE ( 'NONE', #1354, #6514 ) ;
#5482 = AXIS2_PLACEMENT_3D ( 'NONE', #2262, #3867, #2802 ) ;
#5483 = LINE ( 'NONE', #2973, #5818 ) ;
#5484 = EDGE_CURVE ( 'NONE', #4719, #5567, #6029, .T. ) ;
#5485 = VERTEX_POINT ( 'NONE', #2341 ) ;
#5486 = CARTESIAN_POINT ( 'NONE',  ( -31.74999999999998579, -14.75000000000001243, 8.000000000000000000 ) ) ;
#5487 = PRODUCT ( '\X2\96f78fbe5e955ea7\X0\', '\X2\96f78fbe5e955ea7\X0\', '', ( #3945 ) ) ;
#5488 = EDGE_CURVE ( 'NONE', #5283, #7, #627, .T. ) ;
#5489 = DIRECTION ( 'NONE',  ( -1.000000000000000000, 0.000000000000000000, 0.000000000000000000 ) ) ;
#5490 = CARTESIAN_POINT ( 'NONE',  ( 20.00000000000000355, -55.00000000000000711, 0.000000000000000000 ) ) ;
#5491 = CARTESIAN_POINT ( 'NONE',  ( 13.00000000000001066, 108.0000000000000142, 0.000000000000000000 ) ) ;
#5492 = CARTESIAN_POINT ( 'NONE',  ( -21.74999999999997158, 108.0000000000000142, 8.000000000000000000 ) ) ;
#5493 = ORIENTED_EDGE ( 'NONE', *, *, #6443, .T. ) ;
#5494 = DIRECTION ( 'NONE',  ( -0.000000000000000000, -0.000000000000000000, 1.000000000000000000 ) ) ;
#5495 = CYLINDRICAL_SURFACE ( 'NONE', #1575, 2.999999999999999112 ) ;
#5496 = DIRECTION ( 'NONE',  ( 1.000000000000000000, 0.000000000000000000, 0.000000000000000000 ) ) ;
#5497 = DIRECTION ( 'NONE',  ( -0.000000000000000000, 0.7071067811865430208, 0.7071067811865521247 ) ) ;
#5498 = ORIENTED_EDGE ( 'NONE', *, *, #3702, .F. ) ;
#5499 = CIRCLE ( 'NONE', #4294, 1.750000000000013767 ) ;
#5500 = ORIENTED_EDGE ( 'NONE', *, *, #5945, .T. ) ;
#5501 = LINE ( 'NONE', #4436, #3415 ) ;
#5502 = VECTOR ( 'NONE', #4527, 1000.000000000000000 ) ;
#5503 = DIRECTION ( 'NONE',  ( -0.000000000000000000, -0.000000000000000000, -1.000000000000000000 ) ) ;
#5504 = CYLINDRICAL_SURFACE ( 'NONE', #1826, 1.750000000000015543 ) ;
#5505 = ORIENTED_EDGE ( 'NONE', *, *, #1426, .F. ) ;
#5506 = EDGE_CURVE ( 'NONE', #285, #810, #5537, .T. ) ;
#5507 = EDGE_LOOP ( 'NONE', ( #4662, #3704 ) ) ;
#5508 = ORIENTED_EDGE ( 'NONE', *, *, #5445, .T. ) ;
#5509 = EDGE_CURVE ( 'NONE', #2859, #5172, #4435, .T. ) ;
#5510 = DIRECTION ( 'NONE',  ( 1.000000000000000000, 0.000000000000000000, -0.000000000000000000 ) ) ;
#5511 = DIRECTION ( 'NONE',  ( -0.000000000000000000, -0.000000000000000000, -1.000000000000000000 ) ) ;
#5512 = CYLINDRICAL_SURFACE ( 'NONE', #4574, 1.250000000000011546 ) ;
#5513 = DIRECTION ( 'NONE',  ( -1.000000000000000000, 0.000000000000000000, 0.000000000000000000 ) ) ;
#5514 = ADVANCED_FACE ( 'NONE', ( #2275 ), #5996, .F. ) ;
#5515 = LINE ( 'NONE', #5431, #5928 ) ;
#5516 = ORIENTED_EDGE ( 'NONE', *, *, #896, .T. ) ;
#5517 = DIRECTION ( 'NONE',  ( -0.000000000000000000, -0.000000000000000000, -1.000000000000000000 ) ) ;
#5518 = EDGE_CURVE ( 'NONE', #3617, #5906, #5966, .T. ) ;
#5519 = CARTESIAN_POINT ( 'NONE',  ( -24.25000000000000000, 108.0000000000000142, 8.000000000000000000 ) ) ;
#5520 = EDGE_CURVE ( 'NONE', #4310, #4568, #197, .T. ) ;
#5521 = DIRECTION ( 'NONE',  ( -0.000000000000000000, -0.000000000000000000, -1.000000000000000000 ) ) ;
#5522 = FACE_OUTER_BOUND ( 'NONE', #211, .T. ) ;
#5523 = DIRECTION ( 'NONE',  ( 0.000000000000000000, 0.000000000000000000, -1.000000000000000000 ) ) ;
#5524 = DIRECTION ( 'NONE',  ( -1.000000000000000000, 0.000000000000000000, 0.000000000000000000 ) ) ;
#5525 = ADVANCED_FACE ( 'NONE', ( #4490 ), #6573, .F. ) ;
#5526 = CIRCLE ( 'NONE', #6274, 1.500000000000015099 ) ;
#5527 = ORIENTED_EDGE ( 'NONE', *, *, #3206, .F. ) ;
#5528 = FACE_BOUND ( 'NONE', #4234, .T. ) ;
#5529 = LINE ( 'NONE', #4590, #2770 ) ;
#5530 = CARTESIAN_POINT ( 'NONE',  ( 10.00000000000000000, -21.50000000000001066, 8.000000000000000000 ) ) ;
#5531 = EDGE_LOOP ( 'NONE', ( #2335, #3088 ) ) ;
#5532 = CARTESIAN_POINT ( 'NONE',  ( -117.2500000000000000, -14.75000000000001243, 1.836970198721029688E-16 ) ) ;
#5533 = AXIS2_PLACEMENT_3D ( 'NONE', #3019, #6705, #5652 ) ;
#5534 = ADVANCED_BREP_SHAPE_REPRESENTATION ( '\X2\96f78fbe5e955ea7\X0\', ( #3281, #4558 ), #2589 ) ;
#5535 = ORIENTED_EDGE ( 'NONE', *, *, #2205, .T. ) ;
#5536 = ORIENTED_EDGE ( 'NONE', *, *, #273, .T. ) ;
#5537 = CIRCLE ( 'NONE', #6402, 3.000000000000012879 ) ;
#5538 = LINE ( 'NONE', #6105, #4612 ) ;
#5539 = DIRECTION ( 'NONE',  ( 1.000000000000000000, 0.000000000000000000, 0.000000000000000000 ) ) ;
#5540 = LINE ( 'NONE', #5080, #642 ) ;
#5541 = AXIS2_PLACEMENT_3D ( 'NONE', #5781, #92, #2703 ) ;
#5542 = VERTEX_POINT ( 'NONE', #2370 ) ;
#5543 = ORIENTED_EDGE ( 'NONE', *, *, #4934, .T. ) ;
#5544 = ORIENTED_EDGE ( 'NONE', *, *, #930, .T. ) ;
#5545 = VECTOR ( 'NONE', #1181, 1000.000000000000000 ) ;
#5546 = FACE_BOUND ( 'NONE', #998, .T. ) ;
#5547 = DIRECTION ( 'NONE',  ( -0.000000000000000000, -0.000000000000000000, 1.000000000000000000 ) ) ;
#5548 = FACE_OUTER_BOUND ( 'NONE', #104, .T. ) ;
#5549 = FACE_OUTER_BOUND ( 'NONE', #3872, .T. ) ;
#5550 = DIRECTION ( 'NONE',  ( -1.000000000000000000, 0.000000000000000000, 0.000000000000000000 ) ) ;
#5551 = ORIENTED_EDGE ( 'NONE', *, *, #930, .F. ) ;
#5552 = FACE_BOUND ( 'NONE', #2554, .T. ) ;
#5553 = DIRECTION ( 'NONE',  ( -0.000000000000000000, -0.000000000000000000, -1.000000000000000000 ) ) ;
#5554 = DIRECTION ( 'NONE',  ( -0.000000000000000000, -0.000000000000000000, 1.000000000000000000 ) ) ;
#5555 = DIRECTION ( 'NONE',  ( -0.000000000000000000, -0.000000000000000000, -1.000000000000000000 ) ) ;
#5556 = CYLINDRICAL_SURFACE ( 'NONE', #471, 1.750000000000013323 ) ;
#5557 = EDGE_CURVE ( 'NONE', #4292, #4384, #2780, .T. ) ;
#5558 = EDGE_CURVE ( 'NONE', #61, #5219, #736, .T. ) ;
#5559 = AXIS2_PLACEMENT_3D ( 'NONE', #3951, #3568, #3534 ) ;
#5560 = VERTEX_POINT ( 'NONE', #6505 ) ;
#5561 = CYLINDRICAL_SURFACE ( 'NONE', #4589, 1.750000000000013323 ) ;
#5562 = CARTESIAN_POINT ( 'NONE',  ( 6.999999999999992006, -45.00000000000000711, 0.000000000000000000 ) ) ;
#5563 = CARTESIAN_POINT ( 'NONE',  ( 60.00000000000000000, 60.00000000000000000, 8.000000000000000000 ) ) ;
#5564 = FACE_OUTER_BOUND ( 'NONE', #2646, .T. ) ;
#5565 = AXIS2_PLACEMENT_3D ( 'NONE', #5348, #2778, #3843 ) ;
#5566 = ADVANCED_FACE ( 'NONE', ( #5522, #1825 ), #1762, .F. ) ;
#5567 = VERTEX_POINT ( 'NONE', #3333 ) ;
#5568 = CARTESIAN_POINT ( 'NONE',  ( -5.837290253120440868E-15, -21.50000000000001066, 8.000000000000001776 ) ) ;
#5569 = ADVANCED_FACE ( 'NONE', ( #3912 ), #5005, .F. ) ;
#5570 = CYLINDRICAL_SURFACE ( 'NONE', #3052, 2.100000000000011635 ) ;
#5571 = DIRECTION ( 'NONE',  ( 0.000000000000000000, -0.000000000000000000, -1.000000000000000000 ) ) ;
#5572 = ORIENTED_EDGE ( 'NONE', *, *, #6016, .T. ) ;
#5573 = ORIENTED_EDGE ( 'NONE', *, *, #4626, .T. ) ;
#5574 = EDGE_LOOP ( 'NONE', ( #251, #5113, #2204, #2091 ) ) ;
#5575 = AXIS2_PLACEMENT_3D ( 'NONE', #759, #1310, #3478 ) ;
#5576 = CARTESIAN_POINT ( 'NONE',  ( -3.000000000000018652, -21.50000000000001066, 4.000000000000000000 ) ) ;
#5577 = EDGE_LOOP ( 'NONE', ( #5263, #1502, #4884, #2791 ) ) ;
#5578 = FACE_BOUND ( 'NONE', #3208, .T. ) ;
#5579 = FACE_OUTER_BOUND ( 'NONE', #5457, .T. ) ;
#5580 = VECTOR ( 'NONE', #3638, 1000.000000000000000 ) ;
#5581 = VERTEX_POINT ( 'NONE', #1394 ) ;
#5582 = CYLINDRICAL_SURFACE ( 'NONE', #1119, 1.250000000000011546 ) ;
#5583 = VECTOR ( 'NONE', #5881, 1000.000000000000000 ) ;
#5585 = LINE ( 'NONE', #815, #6536 ) ;
#5584 = CIRCLE ( 'NONE', #5038, 3.000000000000012879 ) ;
#5586 = CYLINDRICAL_SURFACE ( 'NONE', #309, 1.500000000000015099 ) ;
#5587 = CARTESIAN_POINT ( 'NONE',  ( 6.999999999999970690, 51.50000000000000711, 0.000000000000000000 ) ) ;
#5588 = AXIS2_PLACEMENT_3D ( 'NONE', #3184, #563, #1046 ) ;
#5589 = EDGE_CURVE ( 'NONE', #3712, #604, #3944, .T. ) ;
#5590 = ORIENTED_EDGE ( 'NONE', *, *, #6056, .F. ) ;
#5591 = PLANE ( 'NONE',  #5904 ) ;
#5592 = CARTESIAN_POINT ( 'NONE',  ( 51.49999999999998579, 8.500000000000007105, 0.000000000000000000 ) ) ;
#5593 = FACE_OUTER_BOUND ( 'NONE', #5777, .T. ) ;
#5594 = DIRECTION ( 'NONE',  ( 1.000000000000000000, 0.000000000000000000, 0.000000000000000000 ) ) ;
#5595 = EDGE_LOOP ( 'NONE', ( #113, #4525 ) ) ;
#5596 = CIRCLE ( 'NONE', #3410, 1.750000000000013767 ) ;
#5597 = EDGE_CURVE ( 'NONE', #2448, #3438, #4875, .T. ) ;
#5598 = CARTESIAN_POINT ( 'NONE',  ( -1.750000000000009104, -5.000000000000011546, 8.000000000000000000 ) ) ;
#5599 = EDGE_CURVE ( 'NONE', #4771, #4477, #3454, .T. ) ;
#5600 = CARTESIAN_POINT ( 'NONE',  ( 13.00000000000001599, -35.00000000000000000, 4.000000000000003553 ) ) ;
#5601 = CIRCLE ( 'NONE', #699, 2.500000000000015987 ) ;
#5602 = ORIENTED_EDGE ( 'NONE', *, *, #4350, .T. ) ;
#5603 = ADVANCED_FACE ( 'NONE', ( #4392 ), #1795, .T. ) ;
#5604 = ORIENTED_EDGE ( 'NONE', *, *, #2877, .T. ) ;
#5605 = EDGE_LOOP ( 'NONE', ( #1123, #3899, #723, #490 ) ) ;
#5606 = CIRCLE ( 'NONE', #1789, 2.999999999999999112 ) ;
#5607 = DIRECTION ( 'NONE',  ( -0.000000000000000000, -0.000000000000000000, 1.000000000000000000 ) ) ;
#5608 = EDGE_LOOP ( 'NONE', ( #4576, #3674, #5364, #1243 ) ) ;
#5609 = DIRECTION ( 'NONE',  ( 1.000000000000000000, 0.000000000000000000, -0.000000000000000000 ) ) ;
#5610 = FACE_OUTER_BOUND ( 'NONE', #6350, .T. ) ;
#5611 = FACE_OUTER_BOUND ( 'NONE', #3417, .T. ) ;
#5612 = ORIENTED_EDGE ( 'NONE', *, *, #3090, .T. ) ;
#5613 = CARTESIAN_POINT ( 'NONE',  ( 6.938893903907228378E-15, -55.00000000000001421, 8.000000000000000000 ) ) ;
#5614 = CARTESIAN_POINT ( 'NONE',  ( -27.00000000000000355, 64.00000000000000000, 44.00000000000000000 ) ) ;
#5615 = CARTESIAN_POINT ( 'NONE',  ( -5.837290253120440868E-15, -21.50000000000001066, 1.530808498934192064E-16 ) ) ;
#5616 = DIRECTION ( 'NONE',  ( -0.000000000000000000, -0.000000000000000000, -1.000000000000000000 ) ) ;
#5617 = ORIENTED_EDGE ( 'NONE', *, *, #5793, .F. ) ;
#5618 = LINE ( 'NONE', #952, #3502 ) ;
#5619 = CARTESIAN_POINT ( 'NONE',  ( 13.00000000000001776, -45.00000000000000711, 0.000000000000000000 ) ) ;
#5620 = DIRECTION ( 'NONE',  ( 1.000000000000000000, 0.000000000000000000, 0.000000000000000000 ) ) ;
#5621 = EDGE_LOOP ( 'NONE', ( #1622, #433, #6520, #524 ) ) ;
#5622 = DIRECTION ( 'NONE',  ( -0.000000000000000000, -0.000000000000000000, -1.000000000000000000 ) ) ;
#5623 = AXIS2_PLACEMENT_3D ( 'NONE', #2003, #2580, #995 ) ;
#5624 = ORIENTED_EDGE ( 'NONE', *, *, #1395, .T. ) ;
#5625 = DIRECTION ( 'NONE',  ( 1.000000000000000000, 0.000000000000000000, 0.000000000000000000 ) ) ;
#5626 = VECTOR ( 'NONE', #2748, 1000.000000000000000 ) ;
#5627 = CYLINDRICAL_SURFACE ( 'NONE', #213, 4.000000000000000000 ) ;
#5628 = ORIENTED_EDGE ( 'NONE', *, *, #967, .T. ) ;
#5629 = EDGE_CURVE ( 'NONE', #939, #3061, #6730, .T. ) ;
#5630 = AXIS2_PLACEMENT_3D ( 'NONE', #5163, #2019, #5678 ) ;
#5631 = VERTEX_POINT ( 'NONE', #4582 ) ;
#5632 = ORIENTED_EDGE ( 'NONE', *, *, #3411, .T. ) ;
#5633 = DIRECTION ( 'NONE',  ( -0.000000000000000000, -0.000000000000000000, 1.000000000000000000 ) ) ;
#5634 = CARTESIAN_POINT ( 'NONE',  ( -110.7499999999999716, -54.75000000000002132, 0.000000000000000000 ) ) ;
#5635 = AXIS2_PLACEMENT_3D ( 'NONE', #2166, #4243, #3254 ) ;
#5636 = LINE ( 'NONE', #1613, #4579 ) ;
#5637 = LINE ( 'NONE', #4575, #6727 ) ;
#5638 = ORIENTED_EDGE ( 'NONE', *, *, #2420, .F. ) ;
#5639 = ORIENTED_EDGE ( 'NONE', *, *, #3037, .F. ) ;
#5640 = DIRECTION ( 'NONE',  ( -0.000000000000000000, -0.000000000000000000, 1.000000000000000000 ) ) ;
#5641 = EDGE_CURVE ( 'NONE', #5474, #1842, #1483, .T. ) ;
#5642 = DIRECTION ( 'NONE',  ( -0.000000000000000000, -0.000000000000000000, -1.000000000000000000 ) ) ;
#5643 = FACE_OUTER_BOUND ( 'NONE', #3695, .T. ) ;
#5644 = VECTOR ( 'NONE', #5657, 1000.000000000000000 ) ;
#5645 = LINE ( 'NONE', #602, #804 ) ;
#5646 = VERTEX_POINT ( 'NONE', #1927 ) ;
#5647 = ORIENTED_EDGE ( 'NONE', *, *, #3855, .T. ) ;
#5648 = FACE_OUTER_BOUND ( 'NONE', #5700, .T. ) ;
#5649 = CARTESIAN_POINT ( 'NONE',  ( -113.9999999999999716, -14.75000000000001243, 4.000000000000000000 ) ) ;
#5650 = DIRECTION ( 'NONE',  ( -0.000000000000000000, -0.000000000000000000, -1.000000000000000000 ) ) ;
#5651 = EDGE_LOOP ( 'NONE', ( #3542, #5948 ) ) ;
#5652 = DIRECTION ( 'NONE',  ( 1.000000000000000000, 0.000000000000000000, 0.000000000000000000 ) ) ;
#5653 = ORIENTED_EDGE ( 'NONE', *, *, #719, .T. ) ;
#5654 = CARTESIAN_POINT ( 'NONE',  ( -44.99999999999995737, 63.99999999999991473, 8.000000000000000000 ) ) ;
#5655 = CIRCLE ( 'NONE', #4023, 3.000000000000012879 ) ;
#5656 = DIRECTION ( 'NONE',  ( 1.214306433183764966E-16, -1.000000000000000000, 0.000000000000000000 ) ) ;
#5657 = DIRECTION ( 'NONE',  ( -0.000000000000000000, -0.000000000000000000, 1.000000000000000000 ) ) ;
#5658 = ADVANCED_FACE ( 'NONE', ( #5643, #3560 ), #2978, .F. ) ;
#5659 = EDGE_LOOP ( 'NONE', ( #1912, #908, #6486, #4740 ) ) ;
#5660 = AXIS2_PLACEMENT_3D ( 'NONE', #668, #2736, #2837 ) ;
#5661 = VERTEX_POINT ( 'NONE', #5040 ) ;
#5662 = ORIENTED_EDGE ( 'NONE', *, *, #4762, .F. ) ;
#5663 = DIRECTION ( 'NONE',  ( -0.000000000000000000, -0.000000000000000000, 1.000000000000000000 ) ) ;
#5664 = LINE ( 'NONE', #2010, #3127 ) ;
#5665 = EDGE_CURVE ( 'NONE', #1538, #3898, #4537, .T. ) ;
#5666 = EDGE_LOOP ( 'NONE', ( #3449, #1814, #6352, #2088 ) ) ;
#5667 = CYLINDRICAL_SURFACE ( 'NONE', #4140, 1.750000000000015543 ) ;
#5668 = AXIS2_PLACEMENT_3D ( 'NONE', #5705, #971, #1980 ) ;
#5669 = DIRECTION ( 'NONE',  ( -0.000000000000000000, -0.000000000000000000, 1.000000000000000000 ) ) ;
#5670 = EDGE_CURVE ( 'NONE', #3257, #1037, #4552, .T. ) ;
#5671 = VERTEX_POINT ( 'NONE', #6153 ) ;
#5672 = VERTEX_POINT ( 'NONE', #2494 ) ;
#5673 = EDGE_CURVE ( 'NONE', #6149, #2375, #3236, .T. ) ;
#5674 = CIRCLE ( 'NONE', #1223, 2.500000000000015987 ) ;
#5675 = CARTESIAN_POINT ( 'NONE',  ( 10.00000000000000533, -55.00000000000000711, 4.000000000000003553 ) ) ;
#5676 = EDGE_CURVE ( 'NONE', #5221, #810, #6630, .T. ) ;
#5677 = CARTESIAN_POINT ( 'NONE',  ( -13.74999999999999822, 17.00000000000000000, 44.00000000000000000 ) ) ;
#5678 = DIRECTION ( 'NONE',  ( 1.000000000000000000, 0.000000000000000000, -0.000000000000000000 ) ) ;
#5679 = EDGE_CURVE ( 'NONE', #3793, #2392, #305, .T. ) ;
#5680 = AXIS2_PLACEMENT_3D ( 'NONE', #5752, #6231, #5135 ) ;
#5681 = LINE ( 'NONE', #1555, #5149 ) ;
#5682 = ORIENTED_EDGE ( 'NONE', *, *, #1064, .T. ) ;
#5683 = EDGE_CURVE ( 'NONE', #6181, #4542, #4649, .T. ) ;
#5684 = VERTEX_POINT ( 'NONE', #2946 ) ;
#5685 = AXIS2_PLACEMENT_3D ( 'NONE', #3566, #5280, #6233 ) ;
#5686 = DIRECTION ( 'NONE',  ( 1.000000000000000000, 0.000000000000000000, -0.000000000000000000 ) ) ;
#5687 = CARTESIAN_POINT ( 'NONE',  ( 23.00000000000001776, -21.50000000000000711, 0.000000000000000000 ) ) ;
#5688 = CARTESIAN_POINT ( 'NONE',  ( 49.99999999999997158, 8.500000000000007105, 0.000000000000000000 ) ) ;
#5689 = EDGE_LOOP ( 'NONE', ( #1050, #1536 ) ) ;
#5690 = DIRECTION ( 'NONE',  ( 1.000000000000000000, 0.000000000000000000, 0.000000000000000000 ) ) ;
#5691 = CARTESIAN_POINT ( 'NONE',  ( -120.0000000000000284, 60.00000000000000000, 8.000000000000000000 ) ) ;
#5692 = AXIS2_PLACEMENT_3D ( 'NONE', #5915, #2293, #5951 ) ;
#5693 = EDGE_CURVE ( 'NONE', #2768, #2145, #882, .T. ) ;
#5694 = ORIENTED_EDGE ( 'NONE', *, *, #1143, .F. ) ;
#5695 = DIRECTION ( 'NONE',  ( 1.000000000000000000, -0.000000000000000000, -0.000000000000000000 ) ) ;
#5696 = CARTESIAN_POINT ( 'NONE',  ( 5.782411586589357244E-15, -35.00000000000001421, -8.572527594031465301E-16 ) ) ;
#5697 = DIRECTION ( 'NONE',  ( -0.000000000000000000, -0.000000000000000000, 1.000000000000000000 ) ) ;
#5698 = EDGE_LOOP ( 'NONE', ( #5816, #3756, #4569, #1183 ) ) ;
#5699 = AXIS2_PLACEMENT_3D ( 'NONE', #818, #5069, #4524 ) ;
#5700 = EDGE_LOOP ( 'NONE', ( #4500, #2662, #4339, #3442 ) ) ;
#5701 = EDGE_LOOP ( 'NONE', ( #2663, #1829 ) ) ;
#5702 = CARTESIAN_POINT ( 'NONE',  ( -44.99999999999988631, -3.903127820947805865E-14, 8.000000000000000000 ) ) ;
#5703 = CYLINDRICAL_SURFACE ( 'NONE', #2057, 1.750000000000011990 ) ;
#5704 = AXIS2_PLACEMENT_3D ( 'NONE', #5978, #1211, #4954 ) ;
#5705 = CARTESIAN_POINT ( 'NONE',  ( 8.499999999999984013, 51.50000000000000711, 0.000000000000000000 ) ) ;
#5706 = CARTESIAN_POINT ( 'NONE',  ( 13.00000000000001776, -45.00000000000000711, -8.572527594031465301E-16 ) ) ;
#5707 = ORIENTED_EDGE ( 'NONE', *, *, #1356, .F. ) ;
#5708 = EDGE_LOOP ( 'NONE', ( #1780, #2942, #4231, #989 ) ) ;
#5709 = DIRECTION ( 'NONE',  ( 0.000000000000000000, 0.000000000000000000, -1.000000000000000000 ) ) ;
#5710 = CYLINDRICAL_SURFACE ( 'NONE', #3819, 3.000000000000012879 ) ;
#5711 = CARTESIAN_POINT ( 'NONE',  ( 8.499999999999984013, 8.500000000000007105, 3.000000000000000000 ) ) ;
#5712 = EDGE_CURVE ( 'NONE', #5222, #1056, #459, .T. ) ;
#5713 = AXIS2_PLACEMENT_3D ( 'NONE', #435, #2499, #6608 ) ;
#5714 = DIRECTION ( 'NONE',  ( -0.000000000000000000, -0.000000000000000000, -1.000000000000000000 ) ) ;
#5715 = VERTEX_POINT ( 'NONE', #2465 ) ;
#5716 = EDGE_CURVE ( 'NONE', #4852, #6312, #3782, .T. ) ;
#5717 = ORIENTED_EDGE ( 'NONE', *, *, #6716, .T. ) ;
#5718 = DIRECTION ( 'NONE',  ( 0.000000000000000000, 0.000000000000000000, -1.000000000000000000 ) ) ;
#5719 = CARTESIAN_POINT ( 'NONE',  ( -8.000000000000000000, 65.00000000000000000, 33.99999999999999289 ) ) ;
#5720 = DIRECTION ( 'NONE',  ( -1.000000000000000000, 0.000000000000000000, 0.000000000000000000 ) ) ;
#5721 = ADVANCED_FACE ( 'NONE', ( #1455 ), #5586, .F. ) ;
#5722 = ORIENTED_EDGE ( 'NONE', *, *, #6051, .F. ) ;
#5723 = FACE_OUTER_BOUND ( 'NONE', #3993, .T. ) ;
#5724 = EDGE_CURVE ( 'NONE', #6004, #2225, #408, .T. ) ;
#5725 = ORIENTED_EDGE ( 'NONE', *, *, #5386, .T. ) ;
#5726 = ORIENTED_EDGE ( 'NONE', *, *, #2921, .T. ) ;
#5727 = DIRECTION ( 'NONE',  ( 1.000000000000000000, 0.000000000000000000, 0.000000000000000000 ) ) ;
#5728 = FACE_OUTER_BOUND ( 'NONE', #4518, .T. ) ;
#5729 = CIRCLE ( 'NONE', #5623, 2.500000000000015987 ) ;
#5730 = EDGE_CURVE ( 'NONE', #4974, #2518, #6696, .T. ) ;
#5731 = CARTESIAN_POINT ( 'NONE',  ( 8.499999999999984013, 8.500000000000007105, 0.000000000000000000 ) ) ;
#5732 = EDGE_LOOP ( 'NONE', ( #2460, #1638, #5452, #2031 ) ) ;
#5733 = VERTEX_POINT ( 'NONE', #6190 ) ;
#5734 = ORIENTED_EDGE ( 'NONE', *, *, #1404, .F. ) ;
#5735 = VECTOR ( 'NONE', #4329, 1000.000000000000000 ) ;
#5736 = CARTESIAN_POINT ( 'NONE',  ( 23.00000000000001776, -35.00000000000000000, -8.572527594031465301E-16 ) ) ;
#5737 = PLANE ( 'NONE',  #4885 ) ;
#5738 = ORIENTED_EDGE ( 'NONE', *, *, #3470, .T. ) ;
#5739 = DIRECTION ( 'NONE',  ( -0.000000000000000000, -0.000000000000000000, -1.000000000000000000 ) ) ;
#5740 = CARTESIAN_POINT ( 'NONE',  ( 11.75000000000000000, 108.0000000000000142, 8.000000000000000000 ) ) ;
#5741 = AXIS2_PLACEMENT_3D ( 'NONE', #5491, #5419, #4355 ) ;
#5742 = VERTEX_POINT ( 'NONE', #1015 ) ;
#5743 = ORIENTED_EDGE ( 'NONE', *, *, #1011, .T. ) ;
#5744 = VECTOR ( 'NONE', #738, 1000.000000000000000 ) ;
#5745 = CARTESIAN_POINT ( 'NONE',  ( -22.99999999999997868, 72.00000000000001421, 0.000000000000000000 ) ) ;
#5746 = DIRECTION ( 'NONE',  ( -0.000000000000000000, -0.000000000000000000, 1.000000000000000000 ) ) ;
#5747 = DIRECTION ( 'NONE',  ( 1.000000000000000000, 0.000000000000000000, -0.000000000000000000 ) ) ;
#5748 = CARTESIAN_POINT ( 'NONE',  ( 10.00000000000000533, -45.00000000000000711, 4.000000000000003553 ) ) ;
#5749 = VECTOR ( 'NONE', #1006, 1000.000000000000000 ) ;
#5750 = VERTEX_POINT ( 'NONE', #6225 ) ;
#5751 = ORIENTED_EDGE ( 'NONE', *, *, #3805, .T. ) ;
#5752 = CARTESIAN_POINT ( 'NONE',  ( -106.4999999999999574, 67.49999999999997158, 1.224646799147353454E-16 ) ) ;
#5753 = DIRECTION ( 'NONE',  ( -0.000000000000000000, 0.000000000000000000, 1.000000000000000000 ) ) ;
#5754 = CIRCLE ( 'NONE', #5100, 3.000000000000000888 ) ;
#5755 = CARTESIAN_POINT ( 'NONE',  ( 20.00000000000000355, -45.00000000000000711, 0.000000000000000000 ) ) ;
#5756 = VERTEX_POINT ( 'NONE', #3010 ) ;
#5757 = DIRECTION ( 'NONE',  ( -0.000000000000000000, -0.000000000000000000, -1.000000000000000000 ) ) ;
#5758 = ORIENTED_EDGE ( 'NONE', *, *, #2666, .F. ) ;
#5759 = EDGE_CURVE ( 'NONE', #3438, #6698, #1553, .T. ) ;
#5760 = EDGE_LOOP ( 'NONE', ( #3515, #233, #4951, #4237 ) ) ;
#5761 = EDGE_CURVE ( 'NONE', #4653, #4509, #3220, .T. ) ;
#5762 = DIRECTION ( 'NONE',  ( 1.000000000000000000, 0.000000000000000000, -0.000000000000000000 ) ) ;
#5763 = DIRECTION ( 'NONE',  ( -0.000000000000000000, -0.000000000000000000, -1.000000000000000000 ) ) ;
#5764 = DIRECTION ( 'NONE',  ( -0.000000000000000000, -1.000000000000000000, -0.000000000000000000 ) ) ;
#5765 = EDGE_LOOP ( 'NONE', ( #37, #2099 ) ) ;
#5766 = ORIENTED_EDGE ( 'NONE', *, *, #3179, .F. ) ;
#5767 = VERTEX_POINT ( 'NONE', #127 ) ;
#5768 = ADVANCED_FACE ( 'NONE', ( #3735 ), #3665, .F. ) ;
#5769 = VECTOR ( 'NONE', #4591, 1000.000000000000000 ) ;
#5770 = CARTESIAN_POINT ( 'NONE',  ( -22.99999999999998579, 108.0000000000000142, 4.000000000000000000 ) ) ;
#5771 = CARTESIAN_POINT ( 'NONE',  ( -44.99999999999995737, 120.0000000000001137, 8.000000000000000000 ) ) ;
#5772 = ORIENTED_EDGE ( 'NONE', *, *, #1113, .T. ) ;
#5773 = CARTESIAN_POINT ( 'NONE',  ( 20.00000000000000355, -45.00000000000000711, 8.000000000000000000 ) ) ;
#5774 = CARTESIAN_POINT ( 'NONE',  ( 20.00000000000000000, -5.000000000000004441, 4.000000000000003553 ) ) ;
#5775 = AXIS2_PLACEMENT_3D ( 'NONE', #4489, #2464, #2945 ) ;
#5776 = ORIENTED_EDGE ( 'NONE', *, *, #546, .F. ) ;
#5777 = EDGE_LOOP ( 'NONE', ( #87, #4861, #3786, #1495 ) ) ;
#5778 = CIRCLE ( 'NONE', #1319, 4.000000000000000000 ) ;
#5779 = CARTESIAN_POINT ( 'NONE',  ( -26.74999999999995737, -54.75000000000002132, 1.836970198721029688E-16 ) ) ;
#5780 = DIRECTION ( 'NONE',  ( 0.000000000000000000, 0.000000000000000000, 1.000000000000000000 ) ) ;
#5781 = CARTESIAN_POINT ( 'NONE',  ( 20.00000000000000355, -21.50000000000000711, 4.000000000000000000 ) ) ;
#5782 = LINE ( 'NONE', #6227, #1888 ) ;
#5783 = AXIS2_PLACEMENT_3D ( 'NONE', #1448, #6085, #1849 ) ;
#5784 = ORIENTED_EDGE ( 'NONE', *, *, #4756, .T. ) ;
#5785 = EDGE_LOOP ( 'NONE', ( #2041, #1942, #951, #4271 ) ) ;
#5786 = CARTESIAN_POINT ( 'NONE',  ( -112.2499999999999574, -14.75000000000001243, 4.000000000000000000 ) ) ;
#5787 = DIRECTION ( 'NONE',  ( -1.000000000000000000, 0.000000000000000000, 0.000000000000000000 ) ) ;
#5789 = DIRECTION ( 'NONE',  ( 0.000000000000000000, 1.000000000000000000, 0.000000000000000000 ) ) ;
#5788 = AXIS2_PLACEMENT_3D ( 'NONE', #1180, #1777, #3861 ) ;
#5790 = ORIENTED_EDGE ( 'NONE', *, *, #154, .F. ) ;
#5791 = CARTESIAN_POINT ( 'NONE',  ( 8.499999999999984013, 51.50000000000000711, 3.000000000000000000 ) ) ;
#5792 = CARTESIAN_POINT ( 'NONE',  ( 0.000000000000000000, 0.000000000000000000, 33.99999999999999289 ) ) ;
#5793 = EDGE_CURVE ( 'NONE', #384, #1605, #2366, .T. ) ;
#5794 = VECTOR ( 'NONE', #3526, 1000.000000000000114 ) ;
#5795 = CIRCLE ( 'NONE', #6341, 2.500000000000015987 ) ;
#5796 = EDGE_LOOP ( 'NONE', ( #6342, #2899, #437, #1697 ) ) ;
#5797 = ADVANCED_FACE ( 'NONE', ( #3633, #4171 ), #2637, .F. ) ;
#5798 = DIRECTION ( 'NONE',  ( 1.000000000000000000, -0.000000000000000000, -0.000000000000000000 ) ) ;
#5799 = DIRECTION ( 'NONE',  ( -1.000000000000000000, 0.000000000000000000, 0.000000000000000000 ) ) ;
#5800 = CIRCLE ( 'NONE', #6660, 1.750000000000013767 ) ;
#5801 = CYLINDRICAL_SURFACE ( 'NONE', #3685, 2.500000000000015987 ) ;
#5802 = EDGE_LOOP ( 'NONE', ( #250, #5212, #5604, #6655 ) ) ;
#5803 = EDGE_CURVE ( 'NONE', #2559, #4602, #5197, .T. ) ;
#5804 = ORIENTED_EDGE ( 'NONE', *, *, #4136, .F. ) ;
#5805 = VECTOR ( 'NONE', #5141, 1000.000000000000000 ) ;
#5806 = EDGE_LOOP ( 'NONE', ( #3521, #6718, #4773, #3105 ) ) ;
#5807 = EDGE_CURVE ( 'NONE', #5018, #3353, #5424, .T. ) ;
#5808 = CARTESIAN_POINT ( 'NONE',  ( -11.99999999999998579, 17.00000000000000000, 44.00000000000000000 ) ) ;
#5809 = EDGE_CURVE ( 'NONE', #77, #1410, #2130, .T. ) ;
#5810 = FACE_OUTER_BOUND ( 'NONE', #4789, .T. ) ;
#5811 = ORIENTED_EDGE ( 'NONE', *, *, #1386, .F. ) ;
#5812 = CARTESIAN_POINT ( 'NONE',  ( -11.00000000000009237, -8.000000000000000000, 33.99999999999999289 ) ) ;
#5813 = DIRECTION ( 'NONE',  ( -0.000000000000000000, -0.000000000000000000, -1.000000000000000000 ) ) ;
#5814 = CIRCLE ( 'NONE', #368, 3.250000000000016875 ) ;
#5815 = EDGE_CURVE ( 'NONE', #356, #3891, #3562, .T. ) ;
#5816 = ORIENTED_EDGE ( 'NONE', *, *, #2337, .T. ) ;
#5817 = VERTEX_POINT ( 'NONE', #4205 ) ;
#5818 = VECTOR ( 'NONE', #4030, 1000.000000000000000 ) ;
#5819 = CARTESIAN_POINT ( 'NONE',  ( -115.7500000000000000, -54.75000000000002132, 8.000000000000001776 ) ) ;
#5820 = CYLINDRICAL_SURFACE ( 'NONE', #5660, 1.750000000000013323 ) ;
#5821 = CARTESIAN_POINT ( 'NONE',  ( 1.750000000000020206, -55.00000000000001421, 8.000000000000000000 ) ) ;
#5822 = DIRECTION ( 'NONE',  ( 1.000000000000000000, -0.000000000000000000, -0.000000000000000000 ) ) ;
#5823 = AXIS2_PLACEMENT_3D ( 'NONE', #4049, #865, #1407 ) ;
#5824 = ORIENTED_EDGE ( 'NONE', *, *, #1064, .F. ) ;
#5825 = ORIENTED_EDGE ( 'NONE', *, *, #4545, .F. ) ;
#5826 = CARTESIAN_POINT ( 'NONE',  ( -119.9999999999999716, -55.99999999999999289, 1.040834085586084257E-14 ) ) ;
#5827 = DIRECTION ( 'NONE',  ( -0.000000000000000000, -0.000000000000000000, 1.000000000000000000 ) ) ;
#5828 = CIRCLE ( 'NONE', #2874, 1.750000000000015543 ) ;
#5829 = DIRECTION ( 'NONE',  ( 1.000000000000000000, 0.000000000000000000, 0.000000000000000000 ) ) ;
#5830 = EDGE_LOOP ( 'NONE', ( #4853, #5985, #841, #6024 ) ) ;
#5831 = DIRECTION ( 'NONE',  ( -1.000000000000000000, 0.000000000000000000, 0.000000000000000000 ) ) ;
#5832 = EDGE_LOOP ( 'NONE', ( #4070, #2481, #1209, #3828 ) ) ;
#5833 = ORIENTED_EDGE ( 'NONE', *, *, #5122, .F. ) ;
#5834 = FACE_OUTER_BOUND ( 'NONE', #131, .T. ) ;
#5835 = FACE_OUTER_BOUND ( 'NONE', #4690, .T. ) ;
#5836 = EDGE_CURVE ( 'NONE', #1617, #4494, #3897, .T. ) ;
#5837 = LINE ( 'NONE', #3683, #5735 ) ;
#5838 = ORIENTED_EDGE ( 'NONE', *, *, #6305, .F. ) ;
#5839 = EDGE_CURVE ( 'NONE', #5290, #5767, #5970, .T. ) ;
#5840 = ORIENTED_EDGE ( 'NONE', *, *, #5793, .T. ) ;
#5841 = VERTEX_POINT ( 'NONE', #6258 ) ;
#5842 = FACE_BOUND ( 'NONE', #3651, .T. ) ;
#5843 = ORIENTED_EDGE ( 'NONE', *, *, #426, .T. ) ;
#5844 = CARTESIAN_POINT ( 'NONE',  ( 6.999999999999988454, -5.000000000000004441, 4.000000000000003553 ) ) ;
#5845 = LINE ( 'NONE', #659, #6187 ) ;
#5846 = EDGE_LOOP ( 'NONE', ( #2188, #4052, #2523, #1427 ) ) ;
#5847 = AXIS2_PLACEMENT_3D ( 'NONE', #1672, #4742, #3820 ) ;
#5848 = ORIENTED_EDGE ( 'NONE', *, *, #6640, .F. ) ;
#5849 = EDGE_CURVE ( 'NONE', #3667, #153, #3996, .T. ) ;
#5850 = DIRECTION ( 'NONE',  ( 1.000000000000000000, 0.000000000000000000, 0.000000000000000000 ) ) ;
#5851 = CIRCLE ( 'NONE', #1812, 2.500000000000015987 ) ;
#5852 = DIRECTION ( 'NONE',  ( -6.608470384673553242E-17, 1.000000000000000000, 0.000000000000000000 ) ) ;
#5853 = CARTESIAN_POINT ( 'NONE',  ( -15.99999999999999645, 60.00000000000000000, 13.00000000000000178 ) ) ;
#5854 = EDGE_CURVE ( 'NONE', #1003, #5132, #1068, .T. ) ;
#5855 = LINE ( 'NONE', #232, #1564 ) ;
#5856 = ORIENTED_EDGE ( 'NONE', *, *, #3963, .T. ) ;
#5857 = AXIS2_PLACEMENT_3D ( 'NONE', #5099, #981, #4067 ) ;
#5858 = DIRECTION ( 'NONE',  ( -0.000000000000000000, -0.000000000000000000, -1.000000000000000000 ) ) ;
#5859 = ADVANCED_FACE ( 'NONE', ( #4761 ), #6399, .T. ) ;
#5860 = DIRECTION ( 'NONE',  ( -0.000000000000000000, -0.000000000000000000, -1.000000000000000000 ) ) ;
#5861 = CARTESIAN_POINT ( 'NONE',  ( 20.00000000000000355, -35.00000000000000000, 4.000000000000003553 ) ) ;
#5862 = ORIENTED_EDGE ( 'NONE', *, *, #1959, .T. ) ;
#5863 = DIRECTION ( 'NONE',  ( -0.000000000000000000, -0.000000000000000000, 1.000000000000000000 ) ) ;
#5864 = CIRCLE ( 'NONE', #5087, 2.500000000000015987 ) ;
#5865 = FACE_BOUND ( 'NONE', #5193, .T. ) ;
#5866 = EDGE_LOOP ( 'NONE', ( #2032, #3018, #4022, #1708 ) ) ;
#5867 = LINE ( 'NONE', #2854, #3165 ) ;
#5868 = CYLINDRICAL_SURFACE ( 'NONE', #53, 3.000000000000012879 ) ;
#5869 = CARTESIAN_POINT ( 'NONE',  ( -22.99999999999998579, 108.0000000000000142, 4.000000000000000000 ) ) ;
#5870 = AXIS2_PLACEMENT_3D ( 'NONE', #148, #5523, #4491 ) ;
#5871 = ORIENTED_EDGE ( 'NONE', *, *, #5394, .F. ) ;
#5872 = ORIENTED_EDGE ( 'NONE', *, *, #4803, .T. ) ;
#5873 = EDGE_LOOP ( 'NONE', ( #4211, #3150, #5848, #2923 ) ) ;
#5874 = DIRECTION ( 'NONE',  ( -0.000000000000000000, -0.000000000000000000, 1.000000000000000000 ) ) ;
#5875 = LINE ( 'NONE', #4369, #3826 ) ;
#5876 = EDGE_CURVE ( 'NONE', #6621, #3590, #6326, .T. ) ;
#5877 = CARTESIAN_POINT ( 'NONE',  ( 21.75000000000001776, -45.00000000000000711, 4.000000000000003553 ) ) ;
#5878 = ORIENTED_EDGE ( 'NONE', *, *, #5557, .T. ) ;
#5879 = AXIS2_PLACEMENT_3D ( 'NONE', #2155, #1303, #1336 ) ;
#5880 = ORIENTED_EDGE ( 'NONE', *, *, #422, .F. ) ;
#5881 = DIRECTION ( 'NONE',  ( 0.000000000000000000, -1.000000000000000000, 0.000000000000000000 ) ) ;
#5882 = DIRECTION ( 'NONE',  ( -1.000000000000000000, 0.000000000000000000, -0.000000000000000000 ) ) ;
#5883 = DIRECTION ( 'NONE',  ( -0.000000000000000000, -0.000000000000000000, 1.000000000000000000 ) ) ;
#5884 = AXIS2_PLACEMENT_3D ( 'NONE', #5995, #3398, #4321 ) ;
#5885 = CARTESIAN_POINT ( 'NONE',  ( 15.10000000000002451, 108.0000000000000142, 0.000000000000000000 ) ) ;
#5886 = EDGE_CURVE ( 'NONE', #1650, #2062, #4279, .T. ) ;
#5887 = FACE_OUTER_BOUND ( 'NONE', #2135, .T. ) ;
#5888 = ORIENTED_EDGE ( 'NONE', *, *, #2350, .F. ) ;
#5889 = DIRECTION ( 'NONE',  ( -1.000000000000000000, 0.000000000000000000, 0.000000000000000000 ) ) ;
#5890 = EDGE_CURVE ( 'NONE', #4222, #450, #3768, .T. ) ;
#5891 = CARTESIAN_POINT ( 'NONE',  ( -27.00000000000000355, 64.00000000000000000, 44.00000000000000000 ) ) ;
#5892 = EDGE_CURVE ( 'NONE', #2392, #3793, #6180, .T. ) ;
#5893 = FACE_OUTER_BOUND ( 'NONE', #1640, .T. ) ;
#5894 = ORIENTED_EDGE ( 'NONE', *, *, #2346, .T. ) ;
#5895 = DIRECTION ( 'NONE',  ( 1.000000000000000000, 0.000000000000000000, 0.000000000000000000 ) ) ;
#5896 = CIRCLE ( 'NONE', #5460, 1.500000000000015099 ) ;
#5897 = CARTESIAN_POINT ( 'NONE',  ( 6.938893903907228378E-15, -55.00000000000001421, 8.000000000000000000 ) ) ;
#5898 = EDGE_CURVE ( 'NONE', #715, #3952, #4314, .T. ) ;
#5899 = VERTEX_POINT ( 'NONE', #4448 ) ;
#5900 = DIRECTION ( 'NONE',  ( 1.000000000000000000, 0.000000000000000000, 0.000000000000000000 ) ) ;
#5901 = CIRCLE ( 'NONE', #6005, 3.000000000000012879 ) ;
#5902 = DIRECTION ( 'NONE',  ( -0.000000000000000000, -0.000000000000000000, -1.000000000000000000 ) ) ;
#5903 = DIRECTION ( 'NONE',  ( 1.156482317317871478E-16, -1.000000000000000000, 0.000000000000000000 ) ) ;
#5904 = AXIS2_PLACEMENT_3D ( 'NONE', #887, #6000, #921 ) ;
#5905 = ORIENTED_EDGE ( 'NONE', *, *, #4664, .F. ) ;
#5906 = VERTEX_POINT ( 'NONE', #4931 ) ;
#5907 = ORIENTED_EDGE ( 'NONE', *, *, #4209, .T. ) ;
#5908 = CARTESIAN_POINT ( 'NONE',  ( -117.2500000000000000, -54.75000000000002132, 4.000000000000000000 ) ) ;
#5909 = VECTOR ( 'NONE', #4713, 1000.000000000000000 ) ;
#5910 = DIRECTION ( 'NONE',  ( -0.000000000000000000, -0.000000000000000000, -1.000000000000000000 ) ) ;
#5911 = LINE ( 'NONE', #1248, #5205 ) ;
#5912 = ORIENTED_EDGE ( 'NONE', *, *, #4545, .T. ) ;
#5913 = CIRCLE ( 'NONE', #2961, 3.000000000000012879 ) ;
#5914 = ORIENTED_EDGE ( 'NONE', *, *, #5214, .F. ) ;
#5915 = CARTESIAN_POINT ( 'NONE',  ( 13.00000000000001066, 108.0000000000000142, 4.000000000000000000 ) ) ;
#5916 = CARTESIAN_POINT ( 'NONE',  ( 11.75000000000001776, -55.00000000000000711, 8.000000000000000000 ) ) ;
#5917 = FILL_AREA_STYLE ('',( #3833 ) ) ;
#5918 = DIRECTION ( 'NONE',  ( -1.000000000000000000, 0.000000000000000000, 0.000000000000000000 ) ) ;
#5919 = DIRECTION ( 'NONE',  ( 1.000000000000000000, 0.000000000000000000, -0.000000000000000000 ) ) ;
#5920 = ORIENTED_EDGE ( 'NONE', *, *, #5683, .F. ) ;
#5921 = CIRCLE ( 'NONE', #1135, 3.000000000000012879 ) ;
#5922 = DIRECTION ( 'NONE',  ( -0.000000000000000000, -0.000000000000000000, -1.000000000000000000 ) ) ;
#5923 = CARTESIAN_POINT ( 'NONE',  ( -40.99999999999995026, 0.000000000000000000, 16.00000000000000000 ) ) ;
#5924 = EDGE_CURVE ( 'NONE', #2559, #105, #4879, .T. ) ;
#5925 = DIRECTION ( 'NONE',  ( -0.000000000000000000, -0.000000000000000000, -1.000000000000000000 ) ) ;
#5926 = ORIENTED_EDGE ( 'NONE', *, *, #4860, .F. ) ;
#5927 = DIRECTION ( 'NONE',  ( 0.000000000000000000, 0.000000000000000000, 1.000000000000000000 ) ) ;
#5928 = VECTOR ( 'NONE', #757, 1000.000000000000000 ) ;
#5929 = FACE_BOUND ( 'NONE', #474, .T. ) ;
#5930 = ADVANCED_FACE ( 'NONE', ( #6021 ), #2805, .F. ) ;
#5931 = PRODUCT_DEFINITION ( 'æœ', '', #3023, #1906 ) ;
#5932 = ORIENTED_EDGE ( 'NONE', *, *, #4010, .F. ) ;
#5933 = AXIS2_PLACEMENT_3D ( 'NONE', #3161, #2578, #6344 ) ;
#5934 = DIRECTION ( 'NONE',  ( 1.000000000000000000, 0.000000000000000000, 0.000000000000000000 ) ) ;
#5935 = EDGE_CURVE ( 'NONE', #2699, #5150, #264, .T. ) ;
#5936 = FACE_BOUND ( 'NONE', #2126, .T. ) ;
#5937 = EDGE_CURVE ( 'NONE', #6406, #2375, #3423, .T. ) ;
#5938 = CYLINDRICAL_SURFACE ( 'NONE', #5879, 3.000000000000012879 ) ;
#5939 = DIRECTION ( 'NONE',  ( 0.000000000000000000, -0.7071067811865521247, 0.7071067811865430208 ) ) ;
#5940 = VECTOR ( 'NONE', #6068, 1000.000000000000000 ) ;
#5941 = ORIENTED_EDGE ( 'NONE', *, *, #2621, .T. ) ;
#5942 = VERTEX_POINT ( 'NONE', #2872 ) ;
#5943 = ORIENTED_EDGE ( 'NONE', *, *, #5, .F. ) ;
#5944 = CARTESIAN_POINT ( 'NONE',  ( -40.99999999999994316, 72.00000000000000000, 16.00000000000000000 ) ) ;
#5945 = EDGE_CURVE ( 'NONE', #95, #61, #2332, .T. ) ;
#5946 = CARTESIAN_POINT ( 'NONE',  ( 8.249999999999992895, -55.00000000000000711, 8.000000000000000000 ) ) ;
#5947 = CARTESIAN_POINT ( 'NONE',  ( -48.49999999999993605, 67.49999999999997158, 3.000000000000000000 ) ) ;
#5948 = ORIENTED_EDGE ( 'NONE', *, *, #6171, .T. ) ;
#5949 = ORIENTED_EDGE ( 'NONE', *, *, #271, .T. ) ;
#5950 = ORIENTED_EDGE ( 'NONE', *, *, #5354, .F. ) ;
#5951 = DIRECTION ( 'NONE',  ( 1.000000000000000000, 0.000000000000000000, -0.000000000000000000 ) ) ;
#5952 = CARTESIAN_POINT ( 'NONE',  ( 60.00000000000000000, 0.000000000000000000, 8.000000000000000000 ) ) ;
#5953 = FACE_OUTER_BOUND ( 'NONE', #6376, .T. ) ;
#5954 = DIRECTION ( 'NONE',  ( -0.000000000000000000, -0.000000000000000000, 1.000000000000000000 ) ) ;
#5955 = AXIS2_PLACEMENT_3D ( 'NONE', #5808, #621, #2691 ) ;
#5956 = CARTESIAN_POINT ( 'NONE',  ( -11.99999999999998579, 17.00000000000000000, 44.00000000000000000 ) ) ;
#5957 = VERTEX_POINT ( 'NONE', #772 ) ;
#5958 = FACE_OUTER_BOUND ( 'NONE', #6253, .T. ) ;
#5959 = AXIS2_PLACEMENT_3D ( 'NONE', #1563, #1026, #2067 ) ;
#5960 = CARTESIAN_POINT ( 'NONE',  ( 5.999999999999970690, 8.500000000000007105, 0.000000000000000000 ) ) ;
#5961 = DIRECTION ( 'NONE',  ( -0.000000000000000000, -0.000000000000000000, -1.000000000000000000 ) ) ;
#5962 = EDGE_LOOP ( 'NONE', ( #4854, #832 ) ) ;
#5963 = DIRECTION ( 'NONE',  ( 0.000000000000000000, -0.7071067811865515695, -0.7071067811865435759 ) ) ;
#5964 = EDGE_CURVE ( 'NONE', #584, #2712, #5481, .T. ) ;
#5965 = FACE_BOUND ( 'NONE', #486, .T. ) ;
#5966 = CIRCLE ( 'NONE', #4984, 1.750000000000011990 ) ;
#5967 = ORIENTED_EDGE ( 'NONE', *, *, #6674, .F. ) ;
#5968 = DIRECTION ( 'NONE',  ( -1.000000000000000000, 0.000000000000000000, 0.000000000000000000 ) ) ;
#5969 = DIRECTION ( 'NONE',  ( -0.000000000000000000, -0.000000000000000000, -1.000000000000000000 ) ) ;
#5970 = CIRCLE ( 'NONE', #203, 3.000000000000012879 ) ;
#5971 = DIRECTION ( 'NONE',  ( 1.000000000000000000, 0.000000000000000000, 0.000000000000000000 ) ) ;
#5972 = CARTESIAN_POINT ( 'NONE',  ( -120.0000000000000000, 56.24999999999993605, 8.000000000000000000 ) ) ;
#5973 = EDGE_CURVE ( 'NONE', #6692, #3980, #1606, .T. ) ;
#5974 = ADVANCED_FACE ( 'NONE', ( #807 ), #6532, .F. ) ;
#5975 = ORIENTED_EDGE ( 'NONE', *, *, #3731, .F. ) ;
#5976 = AXIS2_PLACEMENT_3D ( 'NONE', #6115, #2013, #6086 ) ;
#5977 = EDGE_LOOP ( 'NONE', ( #4341, #6583, #6699, #3216 ) ) ;
#5978 = CARTESIAN_POINT ( 'NONE',  ( 60.00000000000000000, 119.9999999999999716, 0.000000000000000000 ) ) ;
#5979 = CIRCLE ( 'NONE', #317, 1.750000000000015543 ) ;
#5980 = DIRECTION ( 'NONE',  ( 1.000000000000000000, 0.000000000000000000, 0.000000000000000000 ) ) ;
#5981 = DIRECTION ( 'NONE',  ( -0.000000000000000000, -0.000000000000000000, 1.000000000000000000 ) ) ;
#5982 = VERTEX_POINT ( 'NONE', #6431 ) ;
#5983 = EDGE_CURVE ( 'NONE', #1130, #77, #4899, .T. ) ;
#5984 = VERTEX_POINT ( 'NONE', #5989 ) ;
#5985 = ORIENTED_EDGE ( 'NONE', *, *, #2916, .T. ) ;
#5986 = CARTESIAN_POINT ( 'NONE',  ( 60.00000000000000000, 60.00000000000000000, 8.000000000000000000 ) ) ;
#5987 = LINE ( 'NONE', #6530, #3335 ) ;
#5988 =( NAMED_UNIT ( * ) PLANE_ANGLE_UNIT ( ) SI_UNIT ( $, .RADIAN. ) );
#5989 = CARTESIAN_POINT ( 'NONE',  ( -104.9999999999999432, 116.4999999999999716, 3.000000000000000000 ) ) ;
#5990 = AXIS2_PLACEMENT_3D ( 'NONE', #5261, #4914, #4362 ) ;
#5991 = DIRECTION ( 'NONE',  ( 1.000000000000000000, 0.000000000000000000, 0.000000000000000000 ) ) ;
#5992 = ORIENTED_EDGE ( 'NONE', *, *, #2205, .F. ) ;
#5993 = DIRECTION ( 'NONE',  ( -1.000000000000000000, 0.000000000000000000, 0.000000000000000000 ) ) ;
#5994 = LINE ( 'NONE', #3428, #4487 ) ;
#5995 = CARTESIAN_POINT ( 'NONE',  ( -29.99999999999997158, -14.75000000000001243, 1.836970198721029688E-16 ) ) ;
#5996 = CYLINDRICAL_SURFACE ( 'NONE', #6715, 2.500000000000015987 ) ;
#5997 = FACE_BOUND ( 'NONE', #4441, .T. ) ;
#5998 = AXIS2_PLACEMENT_3D ( 'NONE', #4831, #633, #702 ) ;
#5999 = ORIENTED_EDGE ( 'NONE', *, *, #3794, .T. ) ;
#6000 = DIRECTION ( 'NONE',  ( 0.000000000000000000, 0.000000000000000000, 1.000000000000000000 ) ) ;
#6001 = CARTESIAN_POINT ( 'NONE',  ( -29.99999999999997158, -54.75000000000002132, 4.000000000000000000 ) ) ;
#6002 = CYLINDRICAL_SURFACE ( 'NONE', #980, 1.750000000000015543 ) ;
#6003 = DIRECTION ( 'NONE',  ( 0.000000000000000000, -1.000000000000000000, 0.000000000000000000 ) ) ;
#6004 = VERTEX_POINT ( 'NONE', #1751 ) ;
#6005 = AXIS2_PLACEMENT_3D ( 'NONE', #2355, #5503, #1375 ) ;
#6006 = EDGE_LOOP ( 'NONE', ( #2551, #4810 ) ) ;
#6007 = CARTESIAN_POINT ( 'NONE',  ( 34.00000000000000000, -4.000000000000003553, 0.000000000000000000 ) ) ;
#6008 = CARTESIAN_POINT ( 'NONE',  ( 11.75000000000001776, -5.000000000000004441, 8.000000000000000000 ) ) ;
#6009 = CIRCLE ( 'NONE', #4816, 3.000000000000012879 ) ;
#6010 = CARTESIAN_POINT ( 'NONE',  ( -106.4999999999999574, 116.4999999999999716, 3.000000000000000000 ) ) ;
#6011 = ORIENTED_EDGE ( 'NONE', *, *, #6510, .T. ) ;
#6012 = ADVANCED_FACE ( 'NONE', ( #3290 ), #2905, .F. ) ;
#6013 = ORIENTED_EDGE ( 'NONE', *, *, #2087, .F. ) ;
#6014 = AXIS2_PLACEMENT_3D ( 'NONE', #6437, #708, #1196 ) ;
#6015 = ORIENTED_EDGE ( 'NONE', *, *, #5396, .F. ) ;
#6016 = EDGE_CURVE ( 'NONE', #2729, #3636, #4440, .T. ) ;
#6017 = AXIS2_PLACEMENT_3D ( 'NONE', #3940, #5517, #6686 ) ;
#6018 = CARTESIAN_POINT ( 'NONE',  ( -113.9999999999999858, -54.75000000000002132, 4.000000000000000000 ) ) ;
#6019 = EDGE_CURVE ( 'NONE', #4883, #784, #5864, .T. ) ;
#6020 = DIRECTION ( 'NONE',  ( 1.000000000000000000, 0.000000000000000000, 0.000000000000000000 ) ) ;
#6021 = FACE_OUTER_BOUND ( 'NONE', #1372, .T. ) ;
#6022 = CIRCLE ( 'NONE', #5588, 1.500000000000015099 ) ;
#6023 = DIRECTION ( 'NONE',  ( 1.000000000000000000, -1.301042606982604138E-15, 0.000000000000000000 ) ) ;
#6024 = ORIENTED_EDGE ( 'NONE', *, *, #3217, .F. ) ;
#6025 = AXIS2_PLACEMENT_3D ( 'NONE', #5246, #3711, #4112 ) ;
#6026 = DIRECTION ( 'NONE',  ( 0.000000000000000000, 0.000000000000000000, -1.000000000000000000 ) ) ;
#6027 = CARTESIAN_POINT ( 'NONE',  ( -22.99999999999998579, 108.0000000000000142, 4.000000000000000000 ) ) ;
#6028 = DIRECTION ( 'NONE',  ( -0.000000000000000000, -0.000000000000000000, -1.000000000000000000 ) ) ;
#6029 = LINE ( 'NONE', #303, #1713 ) ;
#6030 = CYLINDRICAL_SURFACE ( 'NONE', #5699, 1.750000000000008438 ) ;
#6031 = AXIS2_PLACEMENT_3D ( 'NONE', #6632, #2915, #3466 ) ;
#6032 = ORIENTED_EDGE ( 'NONE', *, *, #1666, .F. ) ;
#6033 = CARTESIAN_POINT ( 'NONE',  ( 5.782411586589357244E-15, -35.00000000000001421, 0.000000000000000000 ) ) ;
#6034 = PLANE ( 'NONE',  #709 ) ;
#6035 = CIRCLE ( 'NONE', #3635, 1.250000000000015099 ) ;
#6036 = CARTESIAN_POINT ( 'NONE',  ( -115.9999999999999574, -60.00000000000002842, 0.000000000000000000 ) ) ;
#6037 = LINE ( 'NONE', #5972, #1598 ) ;
#6038 = EDGE_LOOP ( 'NONE', ( #2428, #935 ) ) ;
#6039 = CIRCLE ( 'NONE', #4406, 1.750000000000011990 ) ;
#6040 = ORIENTED_EDGE ( 'NONE', *, *, #5892, .T. ) ;
#6041 = FACE_OUTER_BOUND ( 'NONE', #3300, .T. ) ;
#6042 = CIRCLE ( 'NONE', #2000, 1.750000000000013323 ) ;
#6043 = CARTESIAN_POINT ( 'NONE',  ( -32.99999999999998579, -5.000000000000002665, 33.99999999999999289 ) ) ;
#6044 = FACE_OUTER_BOUND ( 'NONE', #6634, .T. ) ;
#6045 = EDGE_CURVE ( 'NONE', #3579, #4958, #2908, .T. ) ;
#6046 = VERTEX_POINT ( 'NONE', #1320 ) ;
#6047 = VERTEX_POINT ( 'NONE', #1787 ) ;
#6048 = EDGE_LOOP ( 'NONE', ( #655, #4721, #5508, #4556 ) ) ;
#6049 = FACE_BOUND ( 'NONE', #2423, .T. ) ;
#6050 = DIRECTION ( 'NONE',  ( -1.000000000000000000, 0.000000000000000000, 0.000000000000000000 ) ) ;
#6051 = EDGE_CURVE ( 'NONE', #4843, #1629, #1721, .T. ) ;
#6052 = CARTESIAN_POINT ( 'NONE',  ( -25.09999999999999787, 108.0000000000000142, 4.000000000000000000 ) ) ;
#6053 = DIRECTION ( 'NONE',  ( 0.000000000000000000, -0.000000000000000000, 1.000000000000000000 ) ) ;
#6054 = ADVANCED_FACE ( 'NONE', ( #2297 ), #6466, .F. ) ;
#6055 = DIRECTION ( 'NONE',  ( -0.000000000000000000, -0.000000000000000000, 1.000000000000000000 ) ) ;
#6056 = EDGE_CURVE ( 'NONE', #3606, #6410, #3012, .T. ) ;
#6057 = ORIENTED_EDGE ( 'NONE', *, *, #6597, .T. ) ;
#6058 = CARTESIAN_POINT ( 'NONE',  ( 13.00000000000001066, 108.0000000000000142, 8.000000000000000000 ) ) ;
#6059 = EDGE_CURVE ( 'NONE', #1348, #6249, #6654, .T. ) ;
#6060 = AXIS2_PLACEMENT_3D ( 'NONE', #2735, #3868, #163 ) ;
#6061 = DIRECTION ( 'NONE',  ( -1.000000000000000000, 0.000000000000000000, 0.000000000000000000 ) ) ;
#6062 = DIRECTION ( 'NONE',  ( 1.000000000000000000, 0.000000000000000000, 0.000000000000000000 ) ) ;
#6063 = DIRECTION ( 'NONE',  ( -0.000000000000000000, -0.000000000000000000, -1.000000000000000000 ) ) ;
#6064 = AXIS2_PLACEMENT_3D ( 'NONE', #4431, #2955, #3984 ) ;
#6065 = EDGE_CURVE ( 'NONE', #3257, #2170, #2261, .T. ) ;
#6066 = ORIENTED_EDGE ( 'NONE', *, *, #2328, .F. ) ;
#6067 = DIRECTION ( 'NONE',  ( -1.000000000000000000, -4.625929269271485914E-16, 0.000000000000000000 ) ) ;
#6068 = DIRECTION ( 'NONE',  ( -0.000000000000000000, -0.000000000000000000, 1.000000000000000000 ) ) ;
#6069 = DIRECTION ( 'NONE',  ( 1.000000000000000000, 0.000000000000000000, 0.000000000000000000 ) ) ;
#6070 = PLANE ( 'NONE',  #2143 ) ;
#6071 = AXIS2_PLACEMENT_3D ( 'NONE', #610, #34, #2107 ) ;
#6072 = ADVANCED_FACE ( 'NONE', ( #5061, #4061 ), #2429, .F. ) ;
#6073 = ORIENTED_EDGE ( 'NONE', *, *, #6135, .F. ) ;
#6074 = VECTOR ( 'NONE', #3186, 1000.000000000000000 ) ;
#6075 = DIRECTION ( 'NONE',  ( 1.000000000000000000, 0.000000000000000000, 0.000000000000000000 ) ) ;
#6076 = DIRECTION ( 'NONE',  ( -1.000000000000000000, 0.000000000000000000, 0.000000000000000000 ) ) ;
#6077 = LINE ( 'NONE', #1939, #3020 ) ;
#6078 = AXIS2_PLACEMENT_3D ( 'NONE', #3178, #4718, #4129 ) ;
#6079 = ORIENTED_EDGE ( 'NONE', *, *, #6308, .F. ) ;
#6080 = ORIENTED_EDGE ( 'NONE', *, *, #3844, .F. ) ;
#6081 = VERTEX_POINT ( 'NONE', #452 ) ;
#6082 = CIRCLE ( 'NONE', #636, 2.500000000000015987 ) ;
#6083 = LINE ( 'NONE', #1413, #3295 ) ;
#6084 = ORIENTED_EDGE ( 'NONE', *, *, #1389, .F. ) ;
#6085 = DIRECTION ( 'NONE',  ( -0.000000000000000000, -0.000000000000000000, -1.000000000000000000 ) ) ;
#6086 = DIRECTION ( 'NONE',  ( -1.000000000000000000, -6.938893903907228378E-17, 0.000000000000000000 ) ) ;
#6087 = CARTESIAN_POINT ( 'NONE',  ( -22.99999999999997868, 72.00000000000001421, 8.000000000000000000 ) ) ;
#6088 = ORIENTED_EDGE ( 'NONE', *, *, #1929, .F. ) ;
#6089 = DIRECTION ( 'NONE',  ( -0.000000000000000000, -0.000000000000000000, -1.000000000000000000 ) ) ;
#6090 = LINE ( 'NONE', #1422, #4909 ) ;
#6091 = CARTESIAN_POINT ( 'NONE',  ( -44.99999999999988631, -3.903127820947805865E-14, 16.00000000000000000 ) ) ;
#6092 = CARTESIAN_POINT ( 'NONE',  ( 20.00000000000000355, -55.00000000000000711, -8.572527594031465301E-16 ) ) ;
#6093 = EDGE_CURVE ( 'NONE', #1913, #2320, #3130, .T. ) ;
#6094 = ADVANCED_FACE ( 'NONE', ( #3523 ), #6183, .F. ) ;
#6095 = EDGE_LOOP ( 'NONE', ( #2689, #3589, #2344, #2849 ) ) ;
#6096 = CARTESIAN_POINT ( 'NONE',  ( 3.000000000000018652, -35.00000000000001421, 0.000000000000000000 ) ) ;
#6097 = ADVANCED_FACE ( 'NONE', ( #421 ), #972, .F. ) ;
#6098 = LINE ( 'NONE', #5619, #821 ) ;
#6099 = DIRECTION ( 'NONE',  ( -0.000000000000000000, -0.000000000000000000, 1.000000000000000000 ) ) ;
#6100 = ORIENTED_EDGE ( 'NONE', *, *, #5759, .F. ) ;
#6101 = DIRECTION ( 'NONE',  ( -0.000000000000000000, -0.000000000000000000, -1.000000000000000000 ) ) ;
#6102 = EDGE_CURVE ( 'NONE', #4325, #4852, #1981, .T. ) ;
#6103 = ORIENTED_EDGE ( 'NONE', *, *, #2291, .F. ) ;
#6104 = AXIS2_PLACEMENT_3D ( 'NONE', #228, #5883, #2231 ) ;
#6105 = CARTESIAN_POINT ( 'NONE',  ( -3.000000000000019096, -21.50000000000001066, 0.000000000000000000 ) ) ;
#6106 = DIRECTION ( 'NONE',  ( 1.000000000000000000, 0.000000000000000000, 0.000000000000000000 ) ) ;
#6107 = AXIS2_PLACEMENT_3D ( 'NONE', #4128, #3550, #3068 ) ;
#6108 = ORIENTED_EDGE ( 'NONE', *, *, #5360, .F. ) ;
#6109 = ORIENTED_EDGE ( 'NONE', *, *, #1273, .T. ) ;
#6110 = ORIENTED_EDGE ( 'NONE', *, *, #1054, .T. ) ;
#6111 = CIRCLE ( 'NONE', #4694, 3.000000000000012879 ) ;
#6112 = CARTESIAN_POINT ( 'NONE',  ( -10.24999999999997335, 17.00000000000000000, 44.00000000000000000 ) ) ;
#6113 = VERTEX_POINT ( 'NONE', #3069 ) ;
#6114 = CYLINDRICAL_SURFACE ( 'NONE', #5783, 3.000000000000013323 ) ;
#6115 = CARTESIAN_POINT ( 'NONE',  ( -120.0000000000000000, 56.24999999999993605, 8.000000000000000000 ) ) ;
#6116 = DIRECTION ( 'NONE',  ( 1.000000000000000000, 0.000000000000000000, 0.000000000000000000 ) ) ;
#6117 = CIRCLE ( 'NONE', #28, 1.500000000000015099 ) ;
#6118 = VECTOR ( 'NONE', #465, 1000.000000000000000 ) ;
#6119 = ORIENTED_EDGE ( 'NONE', *, *, #3624, .F. ) ;
#6120 = EDGE_CURVE ( 'NONE', #1007, #6589, #1384, .T. ) ;
#6121 = LINE ( 'NONE', #1453, #5794 ) ;
#6122 = CIRCLE ( 'NONE', #3839, 1.750000000000013767 ) ;
#6123 = DIRECTION ( 'NONE',  ( 1.000000000000000000, 0.000000000000000000, -0.000000000000000000 ) ) ;
#6124 = DIRECTION ( 'NONE',  ( 0.000000000000000000, -0.7071067811865442421, 0.7071067811865509034 ) ) ;
#6125 = DIRECTION ( 'NONE',  ( -1.000000000000000000, 0.000000000000000000, 0.000000000000000000 ) ) ;
#6126 = ORIENTED_EDGE ( 'NONE', *, *, #5886, .T. ) ;
#6127 = DIRECTION ( 'NONE',  ( -1.000000000000000000, 0.000000000000000000, 0.000000000000000000 ) ) ;
#6128 = CARTESIAN_POINT ( 'NONE',  ( 6.999999999999992006, -45.00000000000000711, 4.000000000000003553 ) ) ;
#6129 = CARTESIAN_POINT ( 'NONE',  ( -11.99999999999998579, 43.00000000000000000, 44.00000000000000000 ) ) ;
#6130 = CARTESIAN_POINT ( 'NONE',  ( 5.782411586589357244E-15, -35.00000000000001421, 0.000000000000000000 ) ) ;
#6131 = VECTOR ( 'NONE', #3596, 1000.000000000000000 ) ;
#6132 = EDGE_CURVE ( 'NONE', #1244, #4309, #4444, .T. ) ;
#6133 = EDGE_CURVE ( 'NONE', #3680, #6588, #5637, .T. ) ;
#6134 = ORIENTED_EDGE ( 'NONE', *, *, #2486, .T. ) ;
#6135 = EDGE_CURVE ( 'NONE', #3441, #2259, #4993, .T. ) ;
#6136 = AXIS2_PLACEMENT_3D ( 'NONE', #3293, #1159, #1192 ) ;
#6137 = DIRECTION ( 'NONE',  ( -0.000000000000000000, -0.000000000000000000, -1.000000000000000000 ) ) ;
#6138 = CYLINDRICAL_SURFACE ( 'NONE', #6299, 3.000000000000012879 ) ;
#6139 = CIRCLE ( 'NONE', #375, 1.750000000000015543 ) ;
#6140 = VERTEX_POINT ( 'NONE', #5123 ) ;
#6141 = VERTEX_POINT ( 'NONE', #6691 ) ;
#6142 = ORIENTED_EDGE ( 'NONE', *, *, #933, .F. ) ;
#6143 = ADVANCED_FACE ( 'NONE', ( #5610 ), #2520, .F. ) ;
#6144 = CARTESIAN_POINT ( 'NONE',  ( -29.99999999999997158, -54.75000000000002132, 4.000000000000000000 ) ) ;
#6145 = PLANE ( 'NONE',  #361 ) ;
#6146 = ORIENTED_EDGE ( 'NONE', *, *, #3538, .T. ) ;
#6147 = CYLINDRICAL_SURFACE ( 'NONE', #2292, 2.999999999999999112 ) ;
#6148 = CARTESIAN_POINT ( 'NONE',  ( 10.00000000000000533, -45.00000000000000711, 4.000000000000003553 ) ) ;
#6149 = VERTEX_POINT ( 'NONE', #1416 ) ;
#6150 = ORIENTED_EDGE ( 'NONE', *, *, #4714, .F. ) ;
#6151 = FACE_OUTER_BOUND ( 'NONE', #6155, .T. ) ;
#6152 = DIRECTION ( 'NONE',  ( -0.000000000000000000, -0.000000000000000000, 1.000000000000000000 ) ) ;
#6153 = CARTESIAN_POINT ( 'NONE',  ( 5.999999999999970690, 51.50000000000000711, 3.000000000000000000 ) ) ;
#6154 = FACE_OUTER_BOUND ( 'NONE', #3321, .T. ) ;
#6155 = EDGE_LOOP ( 'NONE', ( #4991, #369, #4859, #2015 ) ) ;
#6156 = ORIENTED_EDGE ( 'NONE', *, *, #5427, .T. ) ;
#6157 = DIRECTION ( 'NONE',  ( -1.000000000000000000, 0.000000000000000000, 0.000000000000000000 ) ) ;
#6158 = DIRECTION ( 'NONE',  ( -0.000000000000000000, -0.000000000000000000, -1.000000000000000000 ) ) ;
#6159 = CARTESIAN_POINT ( 'NONE',  ( 51.49999999999998579, 51.50000000000000711, 8.000000000000007105 ) ) ;
#6160 = ORIENTED_EDGE ( 'NONE', *, *, #2131, .F. ) ;
#6161 = DIRECTION ( 'NONE',  ( 0.000000000000000000, 1.000000000000000000, -0.000000000000000000 ) ) ;
#6162 = CIRCLE ( 'NONE', #3881, 2.500000000000015987 ) ;
#6163 = ORIENTED_EDGE ( 'NONE', *, *, #1680, .F. ) ;
#6164 = ADVANCED_FACE ( 'NONE', ( #2556, #5578 ), #1891, .F. ) ;
#6165 = DIRECTION ( 'NONE',  ( -0.000000000000000000, -0.000000000000000000, 1.000000000000000000 ) ) ;
#6166 = VECTOR ( 'NONE', #2890, 1000.000000000000000 ) ;
#6167 = ADVANCED_FACE ( 'NONE', ( #5549 ), #2940, .T. ) ;
#6168 = CARTESIAN_POINT ( 'NONE',  ( 8.499999999999984013, 8.500000000000007105, 0.000000000000000000 ) ) ;
#6169 = EDGE_CURVE ( 'NONE', #983, #3263, #94, .T. ) ;
#6170 = CARTESIAN_POINT ( 'NONE',  ( -22.99999999999998579, 108.0000000000000142, 1.224646799147356350E-17 ) ) ;
#6171 = EDGE_CURVE ( 'NONE', #4166, #3525, #5323, .T. ) ;
#6172 = VERTEX_POINT ( 'NONE', #4642 ) ;
#6173 = VECTOR ( 'NONE', #5963, 1000.000000000000000 ) ;
#6174 = ORIENTED_EDGE ( 'NONE', *, *, #2543, .T. ) ;
#6175 = VERTEX_POINT ( 'NONE', #5265 ) ;
#6176 = EDGE_CURVE ( 'NONE', #3636, #2729, #4656, .T. ) ;
#6177 = CARTESIAN_POINT ( 'NONE',  ( 21.75000000000001421, -5.000000000000004441, 8.000000000000000000 ) ) ;
#6178 = EDGE_CURVE ( 'NONE', #628, #2307, #1076, .T. ) ;
#6179 = DIRECTION ( 'NONE',  ( -0.000000000000000000, -0.000000000000000000, -1.000000000000000000 ) ) ;
#6180 = CIRCLE ( 'NONE', #1186, 3.000000000000012879 ) ;
#6181 = VERTEX_POINT ( 'NONE', #2593 ) ;
#6182 = DIRECTION ( 'NONE',  ( -0.000000000000000000, -0.000000000000000000, 1.000000000000000000 ) ) ;
#6183 = CYLINDRICAL_SURFACE ( 'NONE', #526, 3.000000000000012879 ) ;
#6184 = EDGE_CURVE ( 'NONE', #6047, #5472, #1933, .T. ) ;
#6185 = ORIENTED_EDGE ( 'NONE', *, *, #349, .F. ) ;
#6186 = VERTEX_POINT ( 'NONE', #2696 ) ;
#6187 = VECTOR ( 'NONE', #6724, 1000.000000000000000 ) ;
#6188 = DIRECTION ( 'NONE',  ( -0.000000000000000000, -0.000000000000000000, -1.000000000000000000 ) ) ;
#6189 = FACE_OUTER_BOUND ( 'NONE', #3026, .T. ) ;
#6190 = CARTESIAN_POINT ( 'NONE',  ( -35.99999999999999289, 0.000000000000000000, 44.00000000000000000 ) ) ;
#6191 = VECTOR ( 'NONE', #5112, 1000.000000000000000 ) ;
#6192 = DIRECTION ( 'NONE',  ( -1.000000000000000000, 0.000000000000000000, 0.000000000000000000 ) ) ;
#6193 = EDGE_LOOP ( 'NONE', ( #4677, #1224, #3194, #623, #2153, #5310, #393 ) ) ;
#6194 = EDGE_LOOP ( 'NONE', ( #4075, #4409 ) ) ;
#6195 = DIRECTION ( 'NONE',  ( 1.000000000000000000, 0.000000000000000000, 0.000000000000000000 ) ) ;
#6196 = DIRECTION ( 'NONE',  ( -0.000000000000000000, -0.000000000000000000, -1.000000000000000000 ) ) ;
#6197 = DIRECTION ( 'NONE',  ( -0.000000000000000000, -0.7071067811865521247, 0.7071067811865429098 ) ) ;
#6198 = ORIENTED_EDGE ( 'NONE', *, *, #4004, .F. ) ;
#6199 = DIRECTION ( 'NONE',  ( -0.000000000000000000, -0.000000000000000000, 1.000000000000000000 ) ) ;
#6200 = PLANE ( 'NONE',  #5145 ) ;
#6201 = AXIS2_PLACEMENT_3D ( 'NONE', #5530, #4043, #5620 ) ;
#6202 = ORIENTED_EDGE ( 'NONE', *, *, #2917, .T. ) ;
#6203 = CARTESIAN_POINT ( 'NONE',  ( 11.75000000000001421, -21.50000000000001066, 8.000000000000001776 ) ) ;
#6204 = EDGE_CURVE ( 'NONE', #5984, #3222, #6319, .T. ) ;
#6205 = VECTOR ( 'NONE', #4390, 1000.000000000000000 ) ;
#6206 = CARTESIAN_POINT ( 'NONE',  ( 13.00000000000001066, 108.0000000000000142, 8.000000000000000000 ) ) ;
#6207 = DIRECTION ( 'NONE',  ( -0.000000000000000000, -0.000000000000000000, -1.000000000000000000 ) ) ;
#6208 = ORIENTED_EDGE ( 'NONE', *, *, #1227, .T. ) ;
#6209 = AXIS2_PLACEMENT_3D ( 'NONE', #2493, #5521, #847 ) ;
#6210 = ORIENTED_EDGE ( 'NONE', *, *, #96, .T. ) ;
#6211 = EDGE_LOOP ( 'NONE', ( #4281, #4881, #462, #638 ) ) ;
#6212 = DIRECTION ( 'NONE',  ( -0.000000000000000000, -0.000000000000000000, 1.000000000000000000 ) ) ;
#6213 = CARTESIAN_POINT ( 'NONE',  ( 20.00000000000000355, -45.00000000000000711, -8.572527594031465301E-16 ) ) ;
#6214 = ORIENTED_EDGE ( 'NONE', *, *, #853, .T. ) ;
#6215 = DIRECTION ( 'NONE',  ( -1.000000000000000000, 0.000000000000000000, 0.000000000000000000 ) ) ;
#6216 = FACE_OUTER_BOUND ( 'NONE', #1846, .T. ) ;
#6217 = AXIS2_PLACEMENT_3D ( 'NONE', #554, #2625, #4715 ) ;
#6218 = VERTEX_POINT ( 'NONE', #5706 ) ;
#6219 = ORIENTED_EDGE ( 'NONE', *, *, #1437, .T. ) ;
#6220 = AXIS2_PLACEMENT_3D ( 'NONE', #4326, #5422, #5900 ) ;
#6221 = EDGE_CURVE ( 'NONE', #3891, #356, #4335, .T. ) ;
#6222 = EDGE_CURVE ( 'NONE', #1864, #6140, #2372, .T. ) ;
#6223 = DIRECTION ( 'NONE',  ( 1.000000000000000000, 0.000000000000000000, -0.000000000000000000 ) ) ;
#6224 = PLANE ( 'NONE',  #3487 ) ;
#6225 = CARTESIAN_POINT ( 'NONE',  ( 60.00000000000000000, 0.000000000000000000, 8.000000000000000000 ) ) ;
#6226 = VECTOR ( 'NONE', #6544, 1000.000000000000000 ) ;
#6227 = CARTESIAN_POINT ( 'NONE',  ( 0.000000000000000000, 60.00000000000000000, 33.99999999999999289 ) ) ;
#6228 = ORIENTED_EDGE ( 'NONE', *, *, #5836, .T. ) ;
#6229 = VERTEX_POINT ( 'NONE', #1579 ) ;
#6230 = AXIS2_PLACEMENT_3D ( 'NONE', #4486, #331, #1895 ) ;
#6231 = DIRECTION ( 'NONE',  ( -0.000000000000000000, -0.000000000000000000, -1.000000000000000000 ) ) ;
#6232 = CIRCLE ( 'NONE', #6017, 3.000000000000012879 ) ;
#6233 = DIRECTION ( 'NONE',  ( -1.000000000000000000, 0.000000000000000000, 0.000000000000000000 ) ) ;
#6234 = CARTESIAN_POINT ( 'NONE',  ( -8.000000000000000000, 65.00000000000000000, 33.99999999999999289 ) ) ;
#6235 = VERTEX_POINT ( 'NONE', #5333 ) ;
#6236 = DIRECTION ( 'NONE',  ( -1.000000000000000000, 0.000000000000000000, 0.000000000000000000 ) ) ;
#6237 = CARTESIAN_POINT ( 'NONE',  ( 23.00000000000001776, -55.00000000000000711, 4.000000000000003553 ) ) ;
#6238 = AXIS2_PLACEMENT_3D ( 'NONE', #1618, #4647, #1549 ) ;
#6239 = EDGE_LOOP ( 'NONE', ( #5811, #1084, #6354, #4633 ) ) ;
#6240 = DIRECTION ( 'NONE',  ( 0.000000000000000000, 0.000000000000000000, -1.000000000000000000 ) ) ;
#6241 = DIRECTION ( 'NONE',  ( 1.000000000000000000, 1.214306433183764966E-16, 0.000000000000000000 ) ) ;
#6242 = DIRECTION ( 'NONE',  ( -1.000000000000000000, 0.000000000000000000, 0.000000000000000000 ) ) ;
#6243 = ORIENTED_EDGE ( 'NONE', *, *, #4018, .F. ) ;
#6244 = ORIENTED_EDGE ( 'NONE', *, *, #6338, .F. ) ;
#6245 = ORIENTED_EDGE ( 'NONE', *, *, #1426, .T. ) ;
#6246 = CARTESIAN_POINT ( 'NONE',  ( 51.49999999999998579, 8.500000000000007105, 0.000000000000000000 ) ) ;
#6247 = CARTESIAN_POINT ( 'NONE',  ( 10.00000000000000533, -45.00000000000000711, 8.000000000000000000 ) ) ;
#6248 = AXIS2_PLACEMENT_3D ( 'NONE', #1853, #1355, #2941 ) ;
#6249 = VERTEX_POINT ( 'NONE', #4788 ) ;
#6250 = CARTESIAN_POINT ( 'NONE',  ( -106.4999999999999574, 116.4999999999999716, 8.000000000000000000 ) ) ;
#6251 = ADVANCED_FACE ( 'NONE', ( #6216, #1614 ), #1042, .F. ) ;
#6252 = CARTESIAN_POINT ( 'NONE',  ( -44.99999999999995026, 108.0000000000000142, 12.00000000000000000 ) ) ;
#6253 = EDGE_LOOP ( 'NONE', ( #513, #2110 ) ) ;
#6254 = ORIENTED_EDGE ( 'NONE', *, *, #2047, .T. ) ;
#6255 = FACE_OUTER_BOUND ( 'NONE', #2497, .T. ) ;
#6256 = ADVANCED_FACE ( 'NONE', ( #3693, #6356 ), #523, .F. ) ;
#6257 = LINE ( 'NONE', #5677, #3703 ) ;
#6258 = CARTESIAN_POINT ( 'NONE',  ( -28.75000000000000000, -4.000000000000001776, 33.99999999999999289 ) ) ;
#6259 = CIRCLE ( 'NONE', #3865, 3.000000000000012879 ) ;
#6260 = DIRECTION ( 'NONE',  ( -1.000000000000000000, 0.000000000000000000, 0.000000000000000000 ) ) ;
#6261 = EDGE_LOOP ( 'NONE', ( #561, #3158, #1094, #2238 ) ) ;
#6262 = VERTEX_POINT ( 'NONE', #2086 ) ;
#6263 = DIRECTION ( 'NONE',  ( -1.000000000000000000, 0.000000000000000000, 0.000000000000000000 ) ) ;
#6264 = EDGE_CURVE ( 'NONE', #5277, #27, #3728, .T. ) ;
#6265 = CARTESIAN_POINT ( 'NONE',  ( 13.00000000000001776, 72.00000000000001421, 4.000000000000000000 ) ) ;
#6266 = CYLINDRICAL_SURFACE ( 'NONE', #1741, 3.000000000000012879 ) ;
#6267 = VERTEX_POINT ( 'NONE', #3247 ) ;
#6268 = CARTESIAN_POINT ( 'NONE',  ( -29.99999999999997158, -14.75000000000001243, 4.000000000000000000 ) ) ;
#6269 = DIRECTION ( 'NONE',  ( 0.000000000000000000, 0.000000000000000000, -1.000000000000000000 ) ) ;
#6270 = EDGE_CURVE ( 'NONE', #5132, #1003, #411, .T. ) ;
#6271 = EDGE_LOOP ( 'NONE', ( #3370, #4658 ) ) ;
#6272 = FACE_OUTER_BOUND ( 'NONE', #1148, .T. ) ;
#6273 = CARTESIAN_POINT ( 'NONE',  ( 34.00000000000000711, 60.00000000000000000, 0.000000000000000000 ) ) ;
#6274 = AXIS2_PLACEMENT_3D ( 'NONE', #5409, #2330, #735 ) ;
#6275 = CARTESIAN_POINT ( 'NONE',  ( -21.74999999999996447, 72.00000000000001421, 4.000000000000000000 ) ) ;
#6276 = ORIENTED_EDGE ( 'NONE', *, *, #1005, .T. ) ;
#6277 = EDGE_LOOP ( 'NONE', ( #5662, #5784, #6202, #4330 ) ) ;
#6278 = ORIENTED_EDGE ( 'NONE', *, *, #4010, .T. ) ;
#6279 = AXIS2_PLACEMENT_3D ( 'NONE', #2503, #4110, #2986 ) ;
#6280 = DIRECTION ( 'NONE',  ( -0.000000000000000000, -0.000000000000000000, -1.000000000000000000 ) ) ;
#6281 = CYLINDRICAL_SURFACE ( 'NONE', #4351, 1.750000000000015543 ) ;
#6282 = EDGE_LOOP ( 'NONE', ( #1833, #4817 ) ) ;
#6283 = DIRECTION ( 'NONE',  ( -0.000000000000000000, -0.000000000000000000, -1.000000000000000000 ) ) ;
#6284 = DIRECTION ( 'NONE',  ( 0.000000000000000000, 0.000000000000000000, 1.000000000000000000 ) ) ;
#6285 = VECTOR ( 'NONE', #3076, 1000.000000000000000 ) ;
#6286 = ORIENTED_EDGE ( 'NONE', *, *, #5268, .F. ) ;
#6287 = ORIENTED_EDGE ( 'NONE', *, *, #1885, .T. ) ;
#6288 = AXIS2_PLACEMENT_3D ( 'NONE', #2838, #4482, #1819 ) ;
#6289 = DIRECTION ( 'NONE',  ( -0.000000000000000000, -0.000000000000000000, -1.000000000000000000 ) ) ;
#6290 = DIRECTION ( 'NONE',  ( -0.000000000000000000, -0.000000000000000000, 1.000000000000000000 ) ) ;
#6291 = CARTESIAN_POINT ( 'NONE',  ( -44.99999999999995737, 76.00000000000001421, 12.00000000000000000 ) ) ;
#6292 = DIRECTION ( 'NONE',  ( 0.000000000000000000, 0.000000000000000000, 1.000000000000000000 ) ) ;
#6293 = EDGE_CURVE ( 'NONE', #5742, #827, #3658, .T. ) ;
#6294 = AXIS2_PLACEMENT_3D ( 'NONE', #1946, #5669, #3033 ) ;
#6295 = ORIENTED_EDGE ( 'NONE', *, *, #4520, .T. ) ;
#6296 = ORIENTED_EDGE ( 'NONE', *, *, #6045, .F. ) ;
#6297 = CARTESIAN_POINT ( 'NONE',  ( 60.00000000000000000, 119.9999999999999716, 0.000000000000000000 ) ) ;
#6298 = CARTESIAN_POINT ( 'NONE',  ( 1.750000000000019096, -35.00000000000000711, 8.000000000000000000 ) ) ;
#6299 = AXIS2_PLACEMENT_3D ( 'NONE', #5052, #2964, #4021 ) ;
#6300 = DIRECTION ( 'NONE',  ( -0.000000000000000000, -0.000000000000000000, 1.000000000000000000 ) ) ;
#6301 = ORIENTED_EDGE ( 'NONE', *, *, #1999, .T. ) ;
#6302 = CARTESIAN_POINT ( 'NONE',  ( -24.25000000000000000, 108.0000000000000142, 4.000000000000000000 ) ) ;
#6303 = EDGE_CURVE ( 'NONE', #3354, #974, #1405, .T. ) ;
#6304 = FACE_BOUND ( 'NONE', #2502, .T. ) ;
#6305 = EDGE_CURVE ( 'NONE', #4572, #3973, #4273, .T. ) ;
#6306 = ORIENTED_EDGE ( 'NONE', *, *, #606, .F. ) ;
#6307 = FACE_OUTER_BOUND ( 'NONE', #3770, .T. ) ;
#6308 = EDGE_CURVE ( 'NONE', #51, #4310, #5845, .T. ) ;
#6309 = FACE_BOUND ( 'NONE', #2682, .T. ) ;
#6310 = DIRECTION ( 'NONE',  ( -0.000000000000000000, -0.000000000000000000, -1.000000000000000000 ) ) ;
#6311 = ORIENTED_EDGE ( 'NONE', *, *, #2757, .T. ) ;
#6312 = VERTEX_POINT ( 'NONE', #6525 ) ;
#6313 = EDGE_LOOP ( 'NONE', ( #1874, #6618 ) ) ;
#6314 = VECTOR ( 'NONE', #135, 1000.000000000000000 ) ;
#6315 = PLANE ( 'NONE',  #5136 ) ;
#6316 = CARTESIAN_POINT ( 'NONE',  ( -29.99999999999997158, -54.75000000000002132, 8.000000000000000000 ) ) ;
#6317 = VERTEX_POINT ( 'NONE', #1712 ) ;
#6318 = CARTESIAN_POINT ( 'NONE',  ( 18.24999999999998934, -45.00000000000000711, 4.000000000000003553 ) ) ;
#6319 = LINE ( 'NONE', #3625, #5545 ) ;
#6320 = AXIS2_PLACEMENT_3D ( 'NONE', #5490, #6028, #1362 ) ;
#6321 = ORIENTED_EDGE ( 'NONE', *, *, #422, .T. ) ;
#6322 = VERTEX_POINT ( 'NONE', #3896 ) ;
#6323 =( GEOMETRIC_REPRESENTATION_CONTEXT ( 3 ) GLOBAL_UNCERTAINTY_ASSIGNED_CONTEXT ( ( #3955 ) ) GLOBAL_UNIT_ASSIGNED_CONTEXT ( ( #5031, #5988, #1318 ) ) REPRESENTATION_CONTEXT ( 'NONE', 'WORKASPACE' ) );
#6324 = FACE_BOUND ( 'NONE', #2117, .T. ) ;
#6325 = CARTESIAN_POINT ( 'NONE',  ( 6.938893903907228378E-15, -55.00000000000001421, 4.000000000000003553 ) ) ;
#6326 = LINE ( 'NONE', #5853, #6408 ) ;
#6327 = FACE_OUTER_BOUND ( 'NONE', #3141, .T. ) ;
#6328 = AXIS2_PLACEMENT_3D ( 'NONE', #4258, #1963, #1902 ) ;
#6329 = ORIENTED_EDGE ( 'NONE', *, *, #1227, .F. ) ;
#6330 = EDGE_CURVE ( 'NONE', #6425, #4867, #729, .T. ) ;
#6331 = ORIENTED_EDGE ( 'NONE', *, *, #1603, .F. ) ;
#6332 = LINE ( 'NONE', #1125, #2624 ) ;
#6333 = CARTESIAN_POINT ( 'NONE',  ( 20.00000000000000355, -55.00000000000000711, 0.000000000000000000 ) ) ;
#6335 = DIRECTION ( 'NONE',  ( -1.000000000000000000, 1.040834085586083310E-14, 0.000000000000000000 ) ) ;
#6334 = VECTOR ( 'NONE', #5858, 1000.000000000000000 ) ;
#6336 = VERTEX_POINT ( 'NONE', #288 ) ;
#6337 = LINE ( 'NONE', #646, #1601 ) ;
#6338 = EDGE_CURVE ( 'NONE', #6262, #5756, #3243, .T. ) ;
#6339 = CARTESIAN_POINT ( 'NONE',  ( 30.00000000000000000, -4.000000000000003553, 0.000000000000000000 ) ) ;
#6340 = AXIS2_PLACEMENT_3D ( 'NONE', #6265, #1591, #3671 ) ;
#6341 = AXIS2_PLACEMENT_3D ( 'NONE', #6700, #3116, #6157 ) ;
#6342 = ORIENTED_EDGE ( 'NONE', *, *, #4961, .F. ) ;
#6343 = DIRECTION ( 'NONE',  ( -0.000000000000000000, -0.000000000000000000, 1.000000000000000000 ) ) ;
#6344 = DIRECTION ( 'NONE',  ( 1.000000000000000000, 0.000000000000000000, 0.000000000000000000 ) ) ;
#6345 = CARTESIAN_POINT ( 'NONE',  ( 54.00000000000000000, 51.50000000000000711, 1.224646799147353454E-16 ) ) ;
#6346 = CIRCLE ( 'NONE', #1241, 1.500000000000011768 ) ;
#6347 = ADVANCED_FACE ( 'NONE', ( #3414 ), #5370, .F. ) ;
#6348 = FACE_OUTER_BOUND ( 'NONE', #401, .T. ) ;
#6349 = EDGE_CURVE ( 'NONE', #2935, #4156, #747, .T. ) ;
#6350 = EDGE_LOOP ( 'NONE', ( #2301, #2842, #5833, #1444 ) ) ;
#6351 = ORIENTED_EDGE ( 'NONE', *, *, #4455, .F. ) ;
#6352 = ORIENTED_EDGE ( 'NONE', *, *, #4256, .T. ) ;
#6353 = CARTESIAN_POINT ( 'NONE',  ( 60.00000000000000000, 60.00000000000000000, 0.000000000000000000 ) ) ;
#6354 = ORIENTED_EDGE ( 'NONE', *, *, #1881, .T. ) ;
#6355 = DIRECTION ( 'NONE',  ( -0.000000000000000000, -0.000000000000000000, 1.000000000000000000 ) ) ;
#6356 = FACE_BOUND ( 'NONE', #4671, .T. ) ;
#6357 = VECTOR ( 'NONE', #2408, 1000.000000000000000 ) ;
#6358 = EDGE_LOOP ( 'NONE', ( #550, #5421 ) ) ;
#6359 = EDGE_CURVE ( 'NONE', #5817, #3188, #2324, .T. ) ;
#6360 = EDGE_LOOP ( 'NONE', ( #3775, #4967 ) ) ;
#6361 = CARTESIAN_POINT ( 'NONE',  ( -29.99999999999997158, -54.75000000000002132, 8.000000000000001776 ) ) ;
#6362 = PLANE ( 'NONE',  #3040 ) ;
#6363 = CARTESIAN_POINT ( 'NONE',  ( -120.0000000000000000, 3.749999999999947153, 8.000000000000000000 ) ) ;
#6364 = DIRECTION ( 'NONE',  ( 1.000000000000000000, 0.000000000000000000, 0.000000000000000000 ) ) ;
#6365 = CIRCLE ( 'NONE', #1898, 3.000000000000012879 ) ;
#6366 = ORIENTED_EDGE ( 'NONE', *, *, #200, .T. ) ;
#6367 = ORIENTED_EDGE ( 'NONE', *, *, #933, .T. ) ;
#6368 = DIRECTION ( 'NONE',  ( -0.000000000000000000, -0.000000000000000000, 1.000000000000000000 ) ) ;
#6369 = CARTESIAN_POINT ( 'NONE',  ( 13.00000000000001776, -45.00000000000000711, 4.000000000000003553 ) ) ;
#6370 = AXIS2_PLACEMENT_3D ( 'NONE', #987, #2536, #607 ) ;
#6371 = LINE ( 'NONE', #2711, #4794 ) ;
#6372 = ORIENTED_EDGE ( 'NONE', *, *, #1964, .T. ) ;
#6373 = LINE ( 'NONE', #4218, #2461 ) ;
#6374 = APPLICATION_CONTEXT ( 'automotive_design' ) ;
#6375 = FACE_BOUND ( 'NONE', #2974, .T. ) ;
#6376 = EDGE_LOOP ( 'NONE', ( #4088, #5334, #43, #6100 ) ) ;
#6377 = DIRECTION ( 'NONE',  ( -0.000000000000000000, -0.000000000000000000, -1.000000000000000000 ) ) ;
#6378 = ADVANCED_FACE ( 'NONE', ( #2356 ), #5504, .F. ) ;
#6379 = CARTESIAN_POINT ( 'NONE',  ( -19.99999999999998934, 3.749999999999959144, 8.000000000000000000 ) ) ;
#6380 = CARTESIAN_POINT ( 'NONE',  ( 34.00000000000000711, 60.00000000000000000, 8.000000000000000000 ) ) ;
#6381 = ORIENTED_EDGE ( 'NONE', *, *, #5009, .T. ) ;
#6382 = VERTEX_POINT ( 'NONE', #6389 ) ;
#6383 = ORIENTED_EDGE ( 'NONE', *, *, #5693, .F. ) ;
#6384 = EDGE_CURVE ( 'NONE', #5485, #3091, #863, .T. ) ;
#6385 = DIRECTION ( 'NONE',  ( 1.000000000000000000, 0.000000000000000000, 0.000000000000000000 ) ) ;
#6386 = AXIS2_PLACEMENT_3D ( 'NONE', #1240, #4815, #652 ) ;
#6387 = EDGE_CURVE ( 'NONE', #5906, #3617, #2582, .T. ) ;
#6388 = CYLINDRICAL_SURFACE ( 'NONE', #6546, 1.750000000000011990 ) ;
#6389 = CARTESIAN_POINT ( 'NONE',  ( 14.25000000000003020, 72.00000000000001421, 4.000000000000000000 ) ) ;
#6390 = ORIENTED_EDGE ( 'NONE', *, *, #5836, .F. ) ;
#6391 = EDGE_CURVE ( 'NONE', #6317, #3180, #2224, .T. ) ;
#6392 = ORIENTED_EDGE ( 'NONE', *, *, #424, .F. ) ;
#6393 = ADVANCED_FACE ( 'NONE', ( #2826 ), #4922, .F. ) ;
#6394 = DIRECTION ( 'NONE',  ( -0.000000000000000000, -0.000000000000000000, -1.000000000000000000 ) ) ;
#6395 = PLANE ( 'NONE',  #2017 ) ;
#6396 = VECTOR ( 'NONE', #438, 1000.000000000000000 ) ;
#6397 = ADVANCED_FACE ( 'NONE', ( #3928, #3382 ), #4824, .F. ) ;
#6398 = DIRECTION ( 'NONE',  ( -0.000000000000000000, -0.000000000000000000, 1.000000000000000000 ) ) ;
#6399 = CYLINDRICAL_SURFACE ( 'NONE', #5635, 4.000000000000003553 ) ;
#6400 = PLANE ( 'NONE',  #4282 ) ;
#6401 = ORIENTED_EDGE ( 'NONE', *, *, #6132, .T. ) ;
#6402 = AXIS2_PLACEMENT_3D ( 'NONE', #1264, #208, #4972 ) ;
#6403 = CARTESIAN_POINT ( 'NONE',  ( -44.99999999999995737, 104.0000000000000142, 16.00000000000000000 ) ) ;
#6404 = CARTESIAN_POINT ( 'NONE',  ( -120.0000000000000284, 59.99999999999998579, 8.000000000000000000 ) ) ;
#6405 = DIRECTION ( 'NONE',  ( -1.000000000000000000, 0.000000000000000000, 0.000000000000000000 ) ) ;
#6406 = VERTEX_POINT ( 'NONE', #3791 ) ;
#6407 = CARTESIAN_POINT ( 'NONE',  ( -21.74999999999996447, 72.00000000000001421, 8.000000000000000000 ) ) ;
#6408 = VECTOR ( 'NONE', #1653, 1000.000000000000000 ) ;
#6409 = DIRECTION ( 'NONE',  ( 1.000000000000000000, 0.000000000000000000, 0.000000000000000000 ) ) ;
#6410 = VERTEX_POINT ( 'NONE', #5877 ) ;
#6411 = CARTESIAN_POINT ( 'NONE',  ( -5.837290253120440868E-15, -21.50000000000001066, 4.000000000000000000 ) ) ;
#6412 = AXIS2_PLACEMENT_3D ( 'NONE', #910, #391, #2456 ) ;
#6413 = DIRECTION ( 'NONE',  ( -1.000000000000000000, 0.000000000000000000, 0.000000000000000000 ) ) ;
#6414 = CARTESIAN_POINT ( 'NONE',  ( -22.99999999999997868, 72.00000000000001421, 1.224646799147356350E-17 ) ) ;
#6415 = AXIS2_PLACEMENT_3D ( 'NONE', #6170, #6681, #6557 ) ;
#6416 = ORIENTED_EDGE ( 'NONE', *, *, #6679, .F. ) ;
#6417 = VERTEX_POINT ( 'NONE', #223 ) ;
#6418 = EDGE_LOOP ( 'NONE', ( #2925, #1648, #5639, #5912 ) ) ;
#6419 = EDGE_CURVE ( 'NONE', #2106, #4325, #4776, .T. ) ;
#6420 = DIRECTION ( 'NONE',  ( 0.000000000000000000, -0.000000000000000000, -1.000000000000000000 ) ) ;
#6421 = DIRECTION ( 'NONE',  ( -1.000000000000000000, 0.000000000000000000, 0.000000000000000000 ) ) ;
#6422 = PLANE ( 'NONE',  #2471 ) ;
#6423 = ORIENTED_EDGE ( 'NONE', *, *, #1497, .T. ) ;
#6424 = AXIS2_PLACEMENT_3D ( 'NONE', #5073, #4015, #3437 ) ;
#6425 = VERTEX_POINT ( 'NONE', #2256 ) ;
#6426 = ADVANCED_FACE ( 'NONE', ( #4337, #1281 ), #6422, .F. ) ;
#6427 = FACE_OUTER_BOUND ( 'NONE', #4827, .T. ) ;
#6428 = LINE ( 'NONE', #3903, #2996 ) ;
#6429 = EDGE_CURVE ( 'NONE', #1811, #958, #5911, .T. ) ;
#6430 = CYLINDRICAL_SURFACE ( 'NONE', #124, 3.000000000000013767 ) ;
#6431 = CARTESIAN_POINT ( 'NONE',  ( -49.99999999999995737, 67.49999999999997158, 8.000000000000000000 ) ) ;
#6432 = CARTESIAN_POINT ( 'NONE',  ( 8.249999999999985789, -21.50000000000001066, 4.000000000000000000 ) ) ;
#6433 = EDGE_CURVE ( 'NONE', #4467, #1608, #6082, .T. ) ;
#6434 = EDGE_LOOP ( 'NONE', ( #3138, #4300 ) ) ;
#6435 = EDGE_CURVE ( 'NONE', #2512, #4572, #4013, .T. ) ;
#6436 = DIRECTION ( 'NONE',  ( 1.000000000000000000, 0.000000000000000000, 0.000000000000000000 ) ) ;
#6437 = CARTESIAN_POINT ( 'NONE',  ( 5.782411586589357244E-15, -35.00000000000001421, 4.000000000000003553 ) ) ;
#6438 = FACE_OUTER_BOUND ( 'NONE', #6048, .T. ) ;
#6439 = EDGE_LOOP ( 'NONE', ( #5119, #5399, #1724, #1315 ) ) ;
#6440 = CARTESIAN_POINT ( 'NONE',  ( -3.000000000000006217, -55.00000000000001421, 4.000000000000003553 ) ) ;
#6441 = VECTOR ( 'NONE', #1353, 1000.000000000000000 ) ;
#6442 = CARTESIAN_POINT ( 'NONE',  ( 10.00000000000000533, -45.00000000000000711, 4.000000000000003553 ) ) ;
#6443 = EDGE_CURVE ( 'NONE', #755, #2475, #4888, .T. ) ;
#6444 = ORIENTED_EDGE ( 'NONE', *, *, #3179, .T. ) ;
#6445 = DIRECTION ( 'NONE',  ( -0.000000000000000000, -0.000000000000000000, -1.000000000000000000 ) ) ;
#6446 = VECTOR ( 'NONE', #1301, 1000.000000000000000 ) ;
#6447 = CARTESIAN_POINT ( 'NONE',  ( 6.360652745248292417E-15, -45.00000000000001421, -8.572527594031465301E-16 ) ) ;
#6448 = DIRECTION ( 'NONE',  ( -1.000000000000000000, 0.000000000000000000, 0.000000000000000000 ) ) ;
#6449 = FACE_OUTER_BOUND ( 'NONE', #2717, .T. ) ;
#6450 = AXIS2_PLACEMENT_3D ( 'NONE', #5649, #2569, #4693 ) ;
#6451 = AXIS2_PLACEMENT_3D ( 'NONE', #3403, #5494, #822 ) ;
#6452 = EDGE_LOOP ( 'NONE', ( #2858, #2152 ) ) ;
#6453 = EDGE_LOOP ( 'NONE', ( #3343, #2586, #619, #5926 ) ) ;
#6454 = VERTEX_POINT ( 'NONE', #5600 ) ;
#6455 = CARTESIAN_POINT ( 'NONE',  ( 60.00000000000000000, 0.000000000000000000, 8.000000000000000000 ) ) ;
#6456 = AXIS2_PLACEMENT_3D ( 'NONE', #2055, #3630, #5126 ) ;
#6457 = VECTOR ( 'NONE', #5633, 1000.000000000000000 ) ;
#6458 = CARTESIAN_POINT ( 'NONE',  ( -22.99999999999997868, 72.00000000000001421, 8.000000000000000000 ) ) ;
#6459 = CARTESIAN_POINT ( 'NONE',  ( 60.00000000000000000, 0.000000000000000000, 0.000000000000000000 ) ) ;
#6460 = ORIENTED_EDGE ( 'NONE', *, *, #3201, .F. ) ;
#6461 = ORIENTED_EDGE ( 'NONE', *, *, #2721, .T. ) ;
#6462 = EDGE_CURVE ( 'NONE', #3793, #1051, #900, .T. ) ;
#6463 = FACE_BOUND ( 'NONE', #3564, .T. ) ;
#6464 = DIRECTION ( 'NONE',  ( -0.000000000000000000, 0.000000000000000000, -1.000000000000000000 ) ) ;
#6465 = CARTESIAN_POINT ( 'NONE',  ( 8.249999999999992895, -45.00000000000000711, 4.000000000000003553 ) ) ;
#6466 = CYLINDRICAL_SURFACE ( 'NONE', #4331, 1.750000000000011990 ) ;
#6467 = CARTESIAN_POINT ( 'NONE',  ( -21.74999999999997158, 108.0000000000000142, 4.000000000000000000 ) ) ;
#6468 = ORIENTED_EDGE ( 'NONE', *, *, #6419, .F. ) ;
#6469 = AXIS2_PLACEMENT_3D ( 'NONE', #3400, #1928, #1424 ) ;
#6470 = CARTESIAN_POINT ( 'NONE',  ( -40.99999999999988631, -3.556183125752441291E-14, 16.00000000000000000 ) ) ;
#6471 = EDGE_CURVE ( 'NONE', #1380, #480, #5979, .T. ) ;
#6472 = DIRECTION ( 'NONE',  ( -1.000000000000000000, 0.000000000000000000, 0.000000000000000000 ) ) ;
#6473 = CARTESIAN_POINT ( 'NONE',  ( -115.9999999999999147, -60.00000000000002842, 0.000000000000000000 ) ) ;
#6474 = EDGE_CURVE ( 'NONE', #4958, #5982, #5540, .T. ) ;
#6475 = ORIENTED_EDGE ( 'NONE', *, *, #1016, .F. ) ;
#6476 = DIRECTION ( 'NONE',  ( 1.000000000000000000, 0.000000000000000000, 0.000000000000000000 ) ) ;
#6477 = DIRECTION ( 'NONE',  ( -0.000000000000000000, -0.000000000000000000, 1.000000000000000000 ) ) ;
#6478 = ADVANCED_FACE ( 'NONE', ( #6044 ), #961, .F. ) ;
#6479 = ORIENTED_EDGE ( 'NONE', *, *, #4976, .F. ) ;
#6480 = CIRCLE ( 'NONE', #6682, 1.750000000000013767 ) ;
#6481 = DIRECTION ( 'NONE',  ( -0.000000000000000000, -0.000000000000000000, 1.000000000000000000 ) ) ;
#6482 = CARTESIAN_POINT ( 'NONE',  ( 34.00000000000000711, 64.00000000000000000, 8.000000000000000000 ) ) ;
#6483 = DIRECTION ( 'NONE',  ( -0.000000000000000000, -0.000000000000000000, -1.000000000000000000 ) ) ;
#6484 = FACE_OUTER_BOUND ( 'NONE', #2161, .T. ) ;
#6485 = ADVANCED_FACE ( 'NONE', ( #351 ), #5627, .T. ) ;
#6486 = ORIENTED_EDGE ( 'NONE', *, *, #5665, .T. ) ;
#6487 = ORIENTED_EDGE ( 'NONE', *, *, #1758, .F. ) ;
#6488 = DIRECTION ( 'NONE',  ( -0.000000000000000000, -0.000000000000000000, -1.000000000000000000 ) ) ;
#6489 = DIRECTION ( 'NONE',  ( -1.000000000000000000, 0.000000000000000000, 0.000000000000000000 ) ) ;
#6490 = DIRECTION ( 'NONE',  ( -0.000000000000000000, -0.000000000000000000, -1.000000000000000000 ) ) ;
#6491 = ORIENTED_EDGE ( 'NONE', *, *, #382, .F. ) ;
#6492 = ORIENTED_EDGE ( 'NONE', *, *, #3702, .T. ) ;
#6493 = EDGE_LOOP ( 'NONE', ( #4457, #4257 ) ) ;
#6494 = FACE_BOUND ( 'NONE', #5531, .T. ) ;
#6495 = DIRECTION ( 'NONE',  ( 1.000000000000000000, 0.000000000000000000, 0.000000000000000000 ) ) ;
#6496 = DIRECTION ( 'NONE',  ( -0.000000000000000000, -0.000000000000000000, -1.000000000000000000 ) ) ;
#6497 = AXIS2_PLACEMENT_3D ( 'NONE', #6206, #4480, #442 ) ;
#6498 = FACE_OUTER_BOUND ( 'NONE', #4506, .T. ) ;
#6499 = EDGE_LOOP ( 'NONE', ( #3107, #44 ) ) ;
#6500 = CARTESIAN_POINT ( 'NONE',  ( -120.0000000000000000, 3.749999999999947153, 44.00000000000000000 ) ) ;
#6501 = AXIS2_PLACEMENT_3D ( 'NONE', #174, #4323, #2141 ) ;
#6502 = ADVANCED_FACE ( 'NONE', ( #1376 ), #319, .F. ) ;
#6503 = CYLINDRICAL_SURFACE ( 'NONE', #1546, 1.750000000000013767 ) ;
#6504 = CARTESIAN_POINT ( 'NONE',  ( 5.782411586589356455E-15, -35.00000000000000711, 4.000000000000003553 ) ) ;
#6505 = CARTESIAN_POINT ( 'NONE',  ( 9.999999999999994671, 8.500000000000007105, 8.000000000000007105 ) ) ;
#6506 = ADVANCED_FACE ( 'NONE', ( #443 ), #2931, .F. ) ;
#6507 = DIRECTION ( 'NONE',  ( 1.000000000000000000, -0.000000000000000000, 0.000000000000000000 ) ) ;
#6508 = VECTOR ( 'NONE', #1731, 1000.000000000000000 ) ;
#6509 = ORIENTED_EDGE ( 'NONE', *, *, #5839, .T. ) ;
#6510 = EDGE_CURVE ( 'NONE', #4024, #4450, #1079, .T. ) ;
#6511 = DIRECTION ( 'NONE',  ( 1.000000000000000000, 0.000000000000000000, 0.000000000000000000 ) ) ;
#6512 = CARTESIAN_POINT ( 'NONE',  ( 8.499999999999984013, 51.50000000000000711, 3.000000000000000000 ) ) ;
#6513 = ADVANCED_FACE ( 'NONE', ( #6644 ), #6138, .F. ) ;
#6514 = VECTOR ( 'NONE', #4965, 1000.000000000000000 ) ;
#6515 = DIRECTION ( 'NONE',  ( 1.000000000000000000, 0.000000000000000000, 0.000000000000000000 ) ) ;
#6516 = PLANE ( 'NONE',  #844 ) ;
#6517 = EDGE_CURVE ( 'NONE', #6598, #2314, #4999, .T. ) ;
#6518 = ORIENTED_EDGE ( 'NONE', *, *, #1840, .T. ) ;
#6519 = AXIS2_PLACEMENT_3D ( 'NONE', #6252, #1150, #3213 ) ;
#6520 = ORIENTED_EDGE ( 'NONE', *, *, #5641, .T. ) ;
#6521 = EDGE_CURVE ( 'NONE', #3579, #1545, #2896, .T. ) ;
#6522 = CARTESIAN_POINT ( 'NONE',  ( 6.938893903907228378E-15, -55.00000000000001421, 4.000000000000003553 ) ) ;
#6523 = VECTOR ( 'NONE', #3615, 1000.000000000000000 ) ;
#6524 = PLANE ( 'NONE',  #1862 ) ;
#6525 = CARTESIAN_POINT ( 'NONE',  ( -3.000000000000019540, -21.50000000000001066, 1.530808498934192064E-16 ) ) ;
#6526 = EDGE_LOOP ( 'NONE', ( #3747, #2432 ) ) ;
#6527 = EDGE_LOOP ( 'NONE', ( #5824, #3082, #698, #4577 ) ) ;
#6528 = ORIENTED_EDGE ( 'NONE', *, *, #1022, .F. ) ;
#6529 = DIRECTION ( 'NONE',  ( 1.156482317317871478E-16, -1.000000000000000000, 0.000000000000000000 ) ) ;
#6530 = CARTESIAN_POINT ( 'NONE',  ( -33.24999999999998579, -14.75000000000001243, 0.000000000000000000 ) ) ;
#6531 = DIRECTION ( 'NONE',  ( -0.000000000000000000, -0.000000000000000000, -1.000000000000000000 ) ) ;
#6532 = PLANE ( 'NONE',  #630 ) ;
#6533 = DIRECTION ( 'NONE',  ( -1.000000000000000000, 0.000000000000000000, 0.000000000000000000 ) ) ;
#6534 = ORIENTED_EDGE ( 'NONE', *, *, #6471, .T. ) ;
#6535 = DIRECTION ( 'NONE',  ( 1.000000000000000000, 0.000000000000000000, -0.000000000000000000 ) ) ;
#6536 = VECTOR ( 'NONE', #4521, 1000.000000000000000 ) ;
#6537 = DIRECTION ( 'NONE',  ( -0.000000000000000000, -0.000000000000000000, 1.000000000000000000 ) ) ;
#6538 = CARTESIAN_POINT ( 'NONE',  ( -3.000000000000007550, -35.00000000000001421, -8.572527594031465301E-16 ) ) ;
#6539 = CARTESIAN_POINT ( 'NONE',  ( -33.00000000000000000, 65.00000000000000000, 33.99999999999999289 ) ) ;
#6540 = DIRECTION ( 'NONE',  ( 1.000000000000000000, 0.000000000000000000, 0.000000000000000000 ) ) ;
#6541 = LINE ( 'NONE', #5587, #1985 ) ;
#6542 = CIRCLE ( 'NONE', #660, 3.000000000000014655 ) ;
#6543 = ORIENTED_EDGE ( 'NONE', *, *, #2103, .F. ) ;
#6544 = DIRECTION ( 'NONE',  ( -1.000000000000000000, -6.938893903907228378E-17, -0.000000000000000000 ) ) ;
#6545 = DIRECTION ( 'NONE',  ( 0.000000000000000000, 0.000000000000000000, -1.000000000000000000 ) ) ;
#6547 = FACE_OUTER_BOUND ( 'NONE', #3005, .T. ) ;
#6546 = AXIS2_PLACEMENT_3D ( 'NONE', #5404, #2766, #4306 ) ;
#6548 = ORIENTED_EDGE ( 'NONE', *, *, #2260, .F. ) ;
#6549 = DIRECTION ( 'NONE',  ( -0.000000000000000000, -0.000000000000000000, -1.000000000000000000 ) ) ;
#6550 = CIRCLE ( 'NONE', #5990, 2.100000000000011635 ) ;
#6551 = ORIENTED_EDGE ( 'NONE', *, *, #5178, .T. ) ;
#6552 = EDGE_LOOP ( 'NONE', ( #6616, #2654 ) ) ;
#6553 = EDGE_CURVE ( 'NONE', #6425, #5750, #6077, .T. ) ;
#6554 = FACE_OUTER_BOUND ( 'NONE', #5666, .T. ) ;
#6555 = DIRECTION ( 'NONE',  ( 0.000000000000000000, 0.000000000000000000, 1.000000000000000000 ) ) ;
#6556 = AXIS2_PLACEMENT_3D ( 'NONE', #5071, #6067, #402 ) ;
#6557 = DIRECTION ( 'NONE',  ( -1.000000000000000000, 0.000000000000000000, 0.000000000000000000 ) ) ;
#6558 = EDGE_LOOP ( 'NONE', ( #1274, #445, #3215, #1753 ) ) ;
#6559 = ORIENTED_EDGE ( 'NONE', *, *, #5, .T. ) ;
#6560 = CIRCLE ( 'NONE', #6450, 1.750000000000015543 ) ;
#6561 = ORIENTED_EDGE ( 'NONE', *, *, #3798, .T. ) ;
#6562 = VECTOR ( 'NONE', #5330, 1000.000000000000000 ) ;
#6563 = FACE_BOUND ( 'NONE', #1950, .T. ) ;
#6564 = DIRECTION ( 'NONE',  ( -0.000000000000000000, -0.000000000000000000, -1.000000000000000000 ) ) ;
#6565 = DIRECTION ( 'NONE',  ( -0.000000000000000000, -0.000000000000000000, 1.000000000000000000 ) ) ;
#6566 = DIRECTION ( 'NONE',  ( -0.000000000000000000, -0.000000000000000000, -1.000000000000000000 ) ) ;
#6567 = VECTOR ( 'NONE', #6620, 1000.000000000000000 ) ;
#6568 = EDGE_CURVE ( 'NONE', #3441, #2079, #1500, .T. ) ;
#6569 = FACE_OUTER_BOUND ( 'NONE', #3577, .T. ) ;
#6570 = ORIENTED_EDGE ( 'NONE', *, *, #1797, .F. ) ;
#6571 = FACE_OUTER_BOUND ( 'NONE', #6038, .T. ) ;
#6572 = FACE_OUTER_BOUND ( 'NONE', #336, .T. ) ;
#6573 = CYLINDRICAL_SURFACE ( 'NONE', #5741, 2.100000000000013411 ) ;
#6574 = CARTESIAN_POINT ( 'NONE',  ( -25.24999999999999289, 64.00000000000000000, 44.00000000000000000 ) ) ;
#6575 = CIRCLE ( 'NONE', #5266, 2.999999999999999112 ) ;
#6576 = ORIENTED_EDGE ( 'NONE', *, *, #2672, .T. ) ;
#6577 = CARTESIAN_POINT ( 'NONE',  ( -25.24999999999999289, 64.00000000000000000, 33.99999999999999289 ) ) ;
#6578 = CARTESIAN_POINT ( 'NONE',  ( -115.9999999999999147, -60.00000000000002842, 8.000000000000000000 ) ) ;
#6579 = DIRECTION ( 'NONE',  ( -1.000000000000000000, 0.000000000000000000, 0.000000000000000000 ) ) ;
#6580 = FACE_OUTER_BOUND ( 'NONE', #5605, .T. ) ;
#6581 = AXIS2_PLACEMENT_3D ( 'NONE', #4296, #3917, #3338 ) ;
#6582 = EDGE_CURVE ( 'NONE', #4719, #1410, #5754, .T. ) ;
#6583 = ORIENTED_EDGE ( 'NONE', *, *, #3039, .T. ) ;
#6584 = CARTESIAN_POINT ( 'NONE',  ( -113.9999999999999716, -14.75000000000001243, 4.000000000000000000 ) ) ;
#6585 = VECTOR ( 'NONE', #5969, 1000.000000000000000 ) ;
#6586 = CARTESIAN_POINT ( 'NONE',  ( -5.837290253120440868E-15, -21.50000000000001066, 8.000000000000000000 ) ) ;
#6587 = CARTESIAN_POINT ( 'NONE',  ( 13.00000000000001776, 72.00000000000001421, 8.000000000000000000 ) ) ;
#6588 = VERTEX_POINT ( 'NONE', #1440 ) ;
#6589 = VERTEX_POINT ( 'NONE', #410 ) ;
#6590 = VERTEX_POINT ( 'NONE', #2511 ) ;
#6591 = ADVANCED_FACE ( 'NONE', ( #996 ), #2038, .F. ) ;
#6592 = DIRECTION ( 'NONE',  ( -1.000000000000000000, 0.000000000000000000, 0.000000000000000000 ) ) ;
#6593 = ORIENTED_EDGE ( 'NONE', *, *, #5484, .F. ) ;
#6594 = FACE_OUTER_BOUND ( 'NONE', #724, .T. ) ;
#6595 = DIRECTION ( 'NONE',  ( -1.000000000000000000, 0.000000000000000000, 0.000000000000000000 ) ) ;
#6596 = DIRECTION ( 'NONE',  ( -1.000000000000000000, 0.000000000000000000, 0.000000000000000000 ) ) ;
#6597 = EDGE_CURVE ( 'NONE', #4384, #1348, #4743, .T. ) ;
#6598 = VERTEX_POINT ( 'NONE', #6275 ) ;
#6599 = EDGE_CURVE ( 'NONE', #5672, #1716, #2163, .T. ) ;
#6600 = CARTESIAN_POINT ( 'NONE',  ( 23.00000000000001421, -5.000000000000004441, -8.572527594031465301E-16 ) ) ;
#6601 = AXIS2_PLACEMENT_3D ( 'NONE', #1382, #2937, #39 ) ;
#6602 = DIRECTION ( 'NONE',  ( -1.000000000000000000, 0.000000000000000000, 0.000000000000000000 ) ) ;
#6603 = CARTESIAN_POINT ( 'NONE',  ( -3.000000000000006217, -55.00000000000001421, 0.000000000000000000 ) ) ;
#6604 = FACE_OUTER_BOUND ( 'NONE', #1677, .T. ) ;
#6605 = AXIS2_PLACEMENT_3D ( 'NONE', #860, #1803, #2318 ) ;
#6606 = ORIENTED_EDGE ( 'NONE', *, *, #4797, .T. ) ;
#6607 = CARTESIAN_POINT ( 'NONE',  ( 20.00000000000000355, -55.00000000000000711, 8.000000000000000000 ) ) ;
#6608 = DIRECTION ( 'NONE',  ( -1.000000000000000000, 0.000000000000000000, 0.000000000000000000 ) ) ;
#6609 = DIRECTION ( 'NONE',  ( -0.000000000000000000, -0.000000000000000000, 1.000000000000000000 ) ) ;
#6610 = LINE ( 'NONE', #1492, #1919 ) ;
#6611 = AXIS2_PLACEMENT_3D ( 'NONE', #2713, #5284, #3744 ) ;
#6612 = VERTEX_POINT ( 'NONE', #4227 ) ;
#6613 = DIRECTION ( 'NONE',  ( -0.000000000000000000, -0.000000000000000000, 1.000000000000000000 ) ) ;
#6614 = DIRECTION ( 'NONE',  ( 1.000000000000000000, 0.000000000000000000, 0.000000000000000000 ) ) ;
#6615 = AXIS2_PLACEMENT_3D ( 'NONE', #796, #256, #3282 ) ;
#6616 = ORIENTED_EDGE ( 'NONE', *, *, #2039, .F. ) ;
#6617 = ORIENTED_EDGE ( 'NONE', *, *, #3316, .F. ) ;
#6618 = ORIENTED_EDGE ( 'NONE', *, *, #4934, .F. ) ;
#6619 = CIRCLE ( 'NONE', #2474, 3.000000000000012879 ) ;
#6620 = DIRECTION ( 'NONE',  ( -0.000000000000000000, -0.000000000000000000, 1.000000000000000000 ) ) ;
#6621 = VERTEX_POINT ( 'NONE', #5181 ) ;
#6622 = CARTESIAN_POINT ( 'NONE',  ( 60.00000000000000000, 119.9999999999999716, 8.000000000000000000 ) ) ;
#6623 = EDGE_CURVE ( 'NONE', #501, #2992, #6619, .T. ) ;
#6624 = FACE_OUTER_BOUND ( 'NONE', #516, .T. ) ;
#6625 = ORIENTED_EDGE ( 'NONE', *, *, #1270, .F. ) ;
#6626 = ADVANCED_FACE ( 'NONE', ( #5255 ), #1604, .F. ) ;
#6627 = CYLINDRICAL_SURFACE ( 'NONE', #3613, 3.250000000000016875 ) ;
#6628 = EDGE_CURVE ( 'NONE', #4038, #5581, #1033, .T. ) ;
#6629 = DIRECTION ( 'NONE',  ( -1.000000000000000000, 0.000000000000000000, 0.000000000000000000 ) ) ;
#6630 = LINE ( 'NONE', #398, #4210 ) ;
#6631 = EDGE_CURVE ( 'NONE', #4450, #4024, #751, .T. ) ;
#6632 = CARTESIAN_POINT ( 'NONE',  ( 20.00000000000000355, -45.00000000000000711, 4.000000000000003553 ) ) ;
#6633 = ADVANCED_FACE ( 'NONE', ( #6348 ), #5801, .F. ) ;
#6634 = EDGE_LOOP ( 'NONE', ( #1341, #1447, #683, #1837 ) ) ;
#6635 = CARTESIAN_POINT ( 'NONE',  ( -29.99999999999998934, -5.000000000000002665, 44.00000000000000000 ) ) ;
#6636 = FACE_OUTER_BOUND ( 'NONE', #3099, .T. ) ;
#6637 = CARTESIAN_POINT ( 'NONE',  ( 11.75000000000001954, -55.00000000000000711, 8.000000000000000000 ) ) ;
#6638 = DIRECTION ( 'NONE',  ( 1.000000000000000000, 0.000000000000000000, 0.000000000000000000 ) ) ;
#6639 = CIRCLE ( 'NONE', #5016, 3.000000000000012879 ) ;
#6640 = EDGE_CURVE ( 'NONE', #3669, #4221, #1673, .T. ) ;
#6641 = ORIENTED_EDGE ( 'NONE', *, *, #3794, .F. ) ;
#6642 = VECTOR ( 'NONE', #6398, 1000.000000000000000 ) ;
#6643 = DIRECTION ( 'NONE',  ( -0.000000000000000000, -0.000000000000000000, -1.000000000000000000 ) ) ;
#6644 = FACE_OUTER_BOUND ( 'NONE', #1020, .T. ) ;
#6645 = AXIS2_PLACEMENT_3D ( 'NONE', #3935, #837, #6020 ) ;
#6646 = EDGE_LOOP ( 'NONE', ( #521, #3652, #4935, #6667 ) ) ;
#6647 = EDGE_LOOP ( 'NONE', ( #963, #5035 ) ) ;
#6648 = ORIENTED_EDGE ( 'NONE', *, *, #3309, .F. ) ;
#6649 = DIRECTION ( 'NONE',  ( 0.000000000000000000, 0.000000000000000000, 1.000000000000000000 ) ) ;
#6650 = VECTOR ( 'NONE', #1169, 1000.000000000000000 ) ;
#6651 = DIRECTION ( 'NONE',  ( 1.000000000000000000, 0.000000000000000000, 0.000000000000000000 ) ) ;
#6652 = ORIENTED_EDGE ( 'NONE', *, *, #2798, .T. ) ;
#6653 = DIRECTION ( 'NONE',  ( 1.000000000000000000, 0.000000000000000000, 0.000000000000000000 ) ) ;
#6654 = LINE ( 'NONE', #6622, #5199 ) ;
#6655 = ORIENTED_EDGE ( 'NONE', *, *, #4722, .F. ) ;
#6656 = CIRCLE ( 'NONE', #3723, 1.750000000000013767 ) ;
#6657 = ORIENTED_EDGE ( 'NONE', *, *, #1437, .F. ) ;
#6658 = ADVANCED_FACE ( 'NONE', ( #512 ), #3684, .T. ) ;
#6659 = CYLINDRICAL_SURFACE ( 'NONE', #1124, 1.750000000000015543 ) ;
#6660 = AXIS2_PLACEMENT_3D ( 'NONE', #3733, #4862, #227 ) ;
#6661 = DIRECTION ( 'NONE',  ( -0.000000000000000000, -0.000000000000000000, -1.000000000000000000 ) ) ;
#6662 = CARTESIAN_POINT ( 'NONE',  ( -110.7499999999999574, -14.75000000000001243, 0.000000000000000000 ) ) ;
#6663 = CYLINDRICAL_SURFACE ( 'NONE', #6469, 4.000000000000000000 ) ;
#6664 = EDGE_CURVE ( 'NONE', #676, #5362, #4189, .T. ) ;
#6665 = ORIENTED_EDGE ( 'NONE', *, *, #5890, .T. ) ;
#6666 = EDGE_CURVE ( 'NONE', #1571, #2733, #1637, .T. ) ;
#6667 = ORIENTED_EDGE ( 'NONE', *, *, #766, .F. ) ;
#6668 = CARTESIAN_POINT ( 'NONE',  ( -106.4999999999999574, 67.49999999999997158, 3.000000000000000000 ) ) ;
#6669 = DIRECTION ( 'NONE',  ( -0.000000000000000000, -0.000000000000000000, 1.000000000000000000 ) ) ;
#6670 = CYLINDRICAL_SURFACE ( 'NONE', #3259, 3.000000000000012879 ) ;
#6671 = ORIENTED_EDGE ( 'NONE', *, *, #5803, .T. ) ;
#6672 = CARTESIAN_POINT ( 'NONE',  ( -106.4999999999999574, 116.4999999999999716, 3.000000000000000000 ) ) ;
#6673 = AXIS2_PLACEMENT_3D ( 'NONE', #4173, #5165, #2564 ) ;
#6674 = EDGE_CURVE ( 'NONE', #5899, #4396, #4780, .T. ) ;
#6675 = ADVANCED_FACE ( 'NONE', ( #2149 ), #5147, .F. ) ;
#6676 = EDGE_LOOP ( 'NONE', ( #2866, #6134 ) ) ;
#6677 = VECTOR ( 'NONE', #5874, 1000.000000000000000 ) ;
#6678 = CARTESIAN_POINT ( 'NONE',  ( -107.9999999999999716, 67.49999999999997158, 8.000000000000000000 ) ) ;
#6679 = EDGE_CURVE ( 'NONE', #913, #1056, #216, .T. ) ;
#6680 = CARTESIAN_POINT ( 'NONE',  ( -20.89999999999997371, 108.0000000000000142, 4.000000000000000000 ) ) ;
#6681 = DIRECTION ( 'NONE',  ( -0.000000000000000000, -0.000000000000000000, -1.000000000000000000 ) ) ;
#6682 = AXIS2_PLACEMENT_3D ( 'NONE', #1466, #5022, #2927 ) ;
#6683 = ORIENTED_EDGE ( 'NONE', *, *, #5761, .T. ) ;
#6684 = ORIENTED_EDGE ( 'NONE', *, *, #189, .F. ) ;
#6685 = ORIENTED_EDGE ( 'NONE', *, *, #553, .T. ) ;
#6686 = DIRECTION ( 'NONE',  ( -1.000000000000000000, 0.000000000000000000, 0.000000000000000000 ) ) ;
#6687 = AXIS2_PLACEMENT_3D ( 'NONE', #3307, #3270, #5393 ) ;
#6688 = DIRECTION ( 'NONE',  ( -0.000000000000000000, -0.000000000000000000, -1.000000000000000000 ) ) ;
#6689 = ORIENTED_EDGE ( 'NONE', *, *, #6330, .F. ) ;
#6690 = DIRECTION ( 'NONE',  ( 1.000000000000000000, 0.000000000000000000, 0.000000000000000000 ) ) ;
#6691 = CARTESIAN_POINT ( 'NONE',  ( -30.00000000000000355, 68.00000000000000000, 44.00000000000000000 ) ) ;
#6692 = VERTEX_POINT ( 'NONE', #4632 ) ;
#6693 = EDGE_LOOP ( 'NONE', ( #6390, #5463, #376, #1781 ) ) ;
#6694 = FACE_BOUND ( 'NONE', #1105, .T. ) ;
#6695 = DIRECTION ( 'NONE',  ( -0.000000000000000000, -0.000000000000000000, -1.000000000000000000 ) ) ;
#6696 = LINE ( 'NONE', #4138, #959 ) ;
#6697 = CARTESIAN_POINT ( 'NONE',  ( -22.99999999999997868, 72.00000000000001421, 1.224646799147356350E-17 ) ) ;
#6698 = VERTEX_POINT ( 'NONE', #3096 ) ;
#6699 = ORIENTED_EDGE ( 'NONE', *, *, #3923, .T. ) ;
#6700 = CARTESIAN_POINT ( 'NONE',  ( 51.49999999999998579, 51.50000000000000711, 3.000000000000000000 ) ) ;
#6701 = DIRECTION ( 'NONE',  ( -0.000000000000000000, -0.000000000000000000, -1.000000000000000000 ) ) ;
#6702 = ADVANCED_FACE ( 'NONE', ( #4262 ), #2581, .F. ) ;
#6703 = CARTESIAN_POINT ( 'NONE',  ( -113.9999999999999716, -14.75000000000001243, 8.000000000000001776 ) ) ;
#6704 = VERTEX_POINT ( 'NONE', #3238 ) ;
#6705 = DIRECTION ( 'NONE',  ( -0.000000000000000000, -0.000000000000000000, 1.000000000000000000 ) ) ;
#6706 = EDGE_LOOP ( 'NONE', ( #2698, #2889, #6381, #1132 ) ) ;
#6707 = EDGE_CURVE ( 'NONE', #1571, #482, #866, .T. ) ;
#6708 = ORIENTED_EDGE ( 'NONE', *, *, #6435, .T. ) ;
#6709 = LINE ( 'NONE', #4629, #4952 ) ;
#6710 = AXIS2_PLACEMENT_3D ( 'NONE', #248, #5497, #5939 ) ;
#6711 = DIRECTION ( 'NONE',  ( 1.000000000000000000, 0.000000000000000000, 0.000000000000000000 ) ) ;
#6712 = EDGE_CURVE ( 'NONE', #3394, #1051, #6731, .T. ) ;
#6713 = CARTESIAN_POINT ( 'NONE',  ( 10.00000000000000178, -5.000000000000004441, -8.572527594031465301E-16 ) ) ;
#6714 = ORIENTED_EDGE ( 'NONE', *, *, #2295, .F. ) ;
#6715 = AXIS2_PLACEMENT_3D ( 'NONE', #3399, #780, #2850 ) ;
#6716 = EDGE_CURVE ( 'NONE', #6081, #1512, #4661, .T. ) ;
#6717 = ORIENTED_EDGE ( 'NONE', *, *, #1666, .T. ) ;
#6718 = ORIENTED_EDGE ( 'NONE', *, *, #271, .F. ) ;
#6719 = CARTESIAN_POINT ( 'NONE',  ( 1.750000000000017319, -5.000000000000011546, 4.000000000000003553 ) ) ;
#6720 = DIRECTION ( 'NONE',  ( 1.156482317317871725E-16, -1.000000000000000000, 0.000000000000000000 ) ) ;
#6721 = AXIS2_PLACEMENT_3D ( 'NONE', #1477, #6566, #3488 ) ;
#6722 = VERTEX_POINT ( 'NONE', #2882 ) ;
#6723 = CYLINDRICAL_SURFACE ( 'NONE', #3491, 2.500000000000015987 ) ;
#6724 = DIRECTION ( 'NONE',  ( -0.000000000000000000, -1.000000000000000000, -0.000000000000000000 ) ) ;
#6725 = ORIENTED_EDGE ( 'NONE', *, *, #3390, .T. ) ;
#6726 = VERTEX_POINT ( 'NONE', #2722 ) ;
#6727 = VECTOR ( 'NONE', #6053, 1000.000000000000000 ) ;
#6728 = FACE_OUTER_BOUND ( 'NONE', #612, .T. ) ;
#6729 = DIRECTION ( 'NONE',  ( -0.000000000000000000, -0.000000000000000000, 1.000000000000000000 ) ) ;
#6730 = LINE ( 'NONE', #6091, #6285 ) ;
#6731 = CIRCLE ( 'NONE', #4342, 3.000000000000012879 ) ;
#6732 = DIRECTION ( 'NONE',  ( -0.000000000000000000, -0.000000000000000000, -1.000000000000000000 ) ) ;
#6733 = ORIENTED_EDGE ( 'NONE', *, *, #6222, .T. ) ;
#6734 = EDGE_LOOP ( 'NONE', ( #4120, #5888, #629, #3233 ) ) ;
#6735 = DIRECTION ( 'NONE',  ( -1.000000000000000000, 0.000000000000000000, 0.000000000000000000 ) ) ;
#6736 = CARTESIAN_POINT ( 'NONE',  ( 10.00000000000000355, -5.000000000000004441, 4.000000000000003553 ) ) ;
#6737 = CARTESIAN_POINT ( 'NONE',  ( -106.4999999999999574, 67.49999999999997158, 3.000000000000000000 ) ) ;
#6738 = ORIENTED_EDGE ( 'NONE', *, *, #4803, .F. ) ;
#6739 = CARTESIAN_POINT ( 'NONE',  ( -115.9999999999999574, -56.00000000000002132, 0.000000000000000000 ) ) ;
#6740 = DIRECTION ( 'NONE',  ( -0.000000000000000000, 0.000000000000000000, 1.000000000000000000 ) ) ;
#6741 = AXIS2_PLACEMENT_3D ( 'NONE', #3853, #622, #1108 ) ;
#6742 = ORIENTED_EDGE ( 'NONE', *, *, #3813, .F. ) ;
#6743 = CARTESIAN_POINT ( 'NONE',  ( -33.24999999999998579, -54.75000000000002132, 0.000000000000000000 ) ) ;
ENDSEC;
END-ISO-10303-21;
